Date,Open,High,Low,Close,Adj Close,Volume,VIX,Treasury_10Y,Daily_Return,Log_Return,VIX_Change,Rate_Change,Volume_Change,Rolling_Vol_5D,Rolling_Vol_20D,Rolling_Vol_60D,Dividend,Dividend_Growth,Market_Sentiment_Index,VIX_Return,VIX_JPM_Correlation_20D,Rate_Momentum_1D,Rate_Momentum_5D,Rate_Momentum_20D,Rate_Pct_Change_5D,Rate_Pct_Change_20D
2018-03-29,108.5,110.77999877929688,107.77999877929688,109.97000122070312,87.57005310058594,13274600.0,19.96999931335449,2.74,0.01824062328701692,0.01807625884895618,-0.12680373500048014,-0.029999999999999805,-0.3082290651561026,0.38641149899716404,0.2712709443689223,0.2560555932905425,0.56,0.0,0.8528691966345906,-0.12680373500048014,-0.824203360270301,-0.029999999999999805,-0.08999999999999986,-0.06999999999999984,-0.03180212014134276,-0.02491103202846967
2018-04-02,109.95999908447266,110.7300033569336,106.08000183105467,107.8499984741211,85.88186645507812,18822500.0,23.6200008392334,2.73,-0.019278127461778594,-0.019466373846722042,0.1827742439349036,-0.010000000000000231,0.4179334970545252,0.35515897803413804,0.2785938863617536,0.25926416823154363,0.56,0.0,0.8032363249216253,0.1827742439349036,-0.8592369435323328,-0.010000000000000231,-0.08999999999999986,-0.1299999999999999,-0.03191489361702127,-0.045454545454545414
2018-04-03,108.36000061035156,109.5,107.26000213623048,109.33000183105467,87.0604248046875,14050700.0,21.100000381469727,2.79,0.01372301742214499,0.013629709493647285,-0.10668926199096018,0.06000000000000005,-0.25351573914198433,0.2819445784086327,0.2772930484115669,0.2591283314094065,0.56,0.0,0.8375033953735151,-0.10668926199096018,-0.8683265365098183,0.06000000000000005,-0.06000000000000005,-0.08999999999999986,-0.021052631578947434,-0.03125
2018-04-04,107.0999984741211,111.20999908447266,107.0199966430664,110.98999786376952,88.38227844238281,15302600.0,20.059999465942383,2.79,0.015183174681961065,0.015069063878376887,-0.04928914202488288,0.0,0.08909876376265946,0.24955619644220672,0.284115405863722,0.26057465753337616,0.56,0.0,0.8516453708372941,-0.04928914202488288,-0.8668669199141047,0.0,0.010000000000000231,-0.08999999999999986,0.003597122302158251,-0.03125
2018-04-05,111.62999725341795,112.83000183105467,111.38999938964844,111.87999725341795,89.54279327392578,16627000.0,18.940000534057617,2.83,0.013130628130383792,0.01304516871051896,-0.05583245073292675,0.040000000000000036,0.086547384104662,0.24631418956613052,0.2888378657374334,0.2618537266149414,0.56,0.0,0.8668751626362192,-0.05583245073292675,-0.8745590267696832,0.040000000000000036,0.06000000000000005,-0.06000000000000005,0.02166064981949467,-0.02076124567474047
2018-04-06,110.5500030517578,111.5500030517578,107.81999969482422,109.08999633789062,87.309814453125,18906000.0,21.489999771118164,2.77,-0.024937560457486962,-0.025253769478375137,0.1346356475795858,-0.06000000000000005,0.13706621759788296,0.317286017218531,0.3013047204581691,0.26696615309874805,0.56,0.0,0.8322001675427009,0.1346356475795858,-0.8892178727935754,-0.06000000000000005,0.029999999999999805,-0.08999999999999986,0.010948905109488871,-0.03146853146853146
2018-04-09,110.01000213623048,112.9800033569336,109.88999938964844,110.4000015258789,88.35826873779297,15974300.0,21.770000457763672,2.78,0.012008435606410073,0.011936906409989645,0.013029348051544432,0.009999999999999787,-0.15506717444197604,0.27514292836701004,0.28432864503236527,0.26714631142958783,0.56,0.0,0.8283927066248669,0.013029348051544432,-0.8722878399805295,0.009999999999999787,0.04999999999999982,-0.1200000000000001,0.01831501831501825,-0.04137931034482767
2018-04-10,112.12999725341795,112.87000274658205,111.41999816894533,112.51000213623048,90.0469970703125,13951400.0,20.46999931335449,2.8,0.019112284075312846,0.01893193862670208,-0.05971525572226499,0.020000000000000018,-0.12663465691767406,0.28710274958528076,0.2948742105536555,0.26972351575853415,0.56,0.0,0.8460701759545906,-0.05971525572226499,-0.8766279721796388,0.020000000000000018,0.009999999999999787,-0.07000000000000028,0.0035842293906809264,-0.024390243902439157
2018-04-11,111.66000366210938,111.80999755859376,110.5199966430664,110.62000274658205,88.53436279296875,14503300.0,20.239999771118164,2.79,-0.01679827564002634,-0.01694096690762937,-0.011235933070416593,-0.009999999999999787,0.03955875396017605,0.3170177884682584,0.29758427325777903,0.2699021447012712,0.56,0.0,0.8491977192427012,-0.011235933070416593,-0.852909478436073,-0.009999999999999787,0.0,-0.04999999999999982,0.0,-0.017605633802816878
2018-04-12,111.55999755859376,114.38999938964844,111.5,113.37000274658205,90.73529815673828,16435500.0,18.489999771118164,2.83,0.024859673626569823,0.024555699439237483,-0.08646245157063659,0.040000000000000036,0.13322485227499947,0.35439941720051604,0.31007011815522884,0.27452792270806115,0.56,0.0,0.8729942916227016,-0.08646245157063659,-0.8550593975635042,0.040000000000000036,0.0,0.020000000000000018,0.0,0.007117437722419906
2018-04-13,115.0199966430664,115.1500015258789,109.0500030517578,110.3000030517578,88.27823638916016,39152800.0,17.40999984741211,2.82,-0.027079447772726084,-0.02745285251704957,-0.05840994792185128,-0.010000000000000231,1.3822092421891639,0.36547675933530244,0.3242071899060162,0.2799997257021031,0.56,0.0,0.8876801752540535,-0.05840994792185128,-0.7724508386422768,-0.010000000000000231,0.04999999999999982,0.0,0.018050541516245522,0.0
2018-04-16,110.94000244140624,111.47000122070312,109.79000091552734,110.20999908447266,88.2061996459961,16580500.0,16.559999465942383,2.83,-0.0008160192830144464,-0.0008163524079861681,-0.048822538134374205,0.010000000000000231,-0.5765181545125764,0.3551536803066484,0.3239503514748688,0.2799445510575264,0.56,0.0,0.8992385155972948,-0.048822538134374205,-0.7697341069364081,0.010000000000000231,0.050000000000000266,-0.020000000000000018,0.017985611510791477,-0.007017543859649145
2018-04-17,111.37000274658205,111.91999816894533,109.98999786376952,110.20999908447266,88.2061996459961,15501400.0,15.25,2.82,0.0,0.0,-0.07910625049454578,-0.010000000000000231,-0.06508247640300358,0.31339419007586,0.32327245318176945,0.27991917914694237,0.56,0.0,0.9170519425167576,-0.07910625049454578,-0.7994689459760137,-0.010000000000000231,0.020000000000000018,-0.03000000000000025,0.0071428571428571175,-0.010526315789473717
2018-04-18,110.52999877929688,111.06999969482422,108.88999938964844,109.31999969482422,87.493896484375,16081400.0,15.600000381469728,2.87,-0.008075431936528599,-0.008108214847068668,0.02295084468653963,0.050000000000000266,0.0374159753312604,0.29646471700031723,0.323896069098431,0.2792411945361454,0.56,0.0,0.9122926228535163,0.02295084468653963,-0.8006900187807294,0.050000000000000266,0.08000000000000007,-0.020000000000000018,0.028673835125448077,-0.00692041522491349
2018-04-19,109.52999877929688,111.87000274658205,109.5,111.72000122070312,89.41471099853516,17911000.0,15.960000038146973,2.92,0.021953697244506465,0.021716184732176028,0.02307690050475042,0.04999999999999982,0.11377118907557793,0.2804750852776994,0.3347224097719782,0.2829790575135604,0.56,0.0,0.9073973326324333,0.02307690050475042,-0.7604169421009713,0.04999999999999982,0.08999999999999986,0.029999999999999805,0.03180212014134276,0.01038062283737018
2018-04-20,112.3000030517578,112.73999786376952,110.87999725341795,111.47000122070312,89.21466064453125,15584400.0,16.8799991607666,2.96,-0.002237331550589916,-0.0022398381162003194,0.057644055164203234,0.040000000000000036,-0.1298978281502987,0.18112791281705112,0.2967547104409583,0.28170451680977887,0.56,0.0,0.8948871465118877,0.057644055164203234,-0.6795346894695712,0.040000000000000036,0.14000000000000012,0.1299999999999999,0.049645390070921946,0.0459363957597172
2018-04-23,111.56999969482422,111.9499969482422,110.62999725341795,110.93000030517578,88.782470703125,11285800.0,16.34000015258789,2.98,-0.004844382507133815,-0.004856154562351725,-0.03199046416031859,0.020000000000000018,-0.2758271091604425,0.18740220782772293,0.27883781521056017,0.28183817264933775,0.56,0.0,0.9022300753594609,-0.03199046416031859,-0.6538878466337966,0.020000000000000018,0.1499999999999999,0.16000000000000014,0.053003533568904526,0.05673758865248235
2018-04-24,111.75,112.9000015258789,109.58999633789062,110.41000366210938,88.36628723144531,16453100.0,18.020000457763672,3.0,-0.004687676163815491,-0.00469869777504225,0.1028151951950691,0.020000000000000018,0.45785854790976277,0.1923626042788161,0.25865343288182063,0.2816822951088141,0.56,0.0,0.8793853617248676,0.1028151951950691,-0.587126199387849,0.020000000000000018,0.18000000000000016,0.1499999999999999,0.06382978723404253,0.05263157894736836
2018-04-25,110.2699966430664,110.52999877929688,108.5999984741211,109.98999786376952,88.03014373779297,13548200.0,17.84000015258789,3.03,-0.0038039789175698946,-0.0038112324460618536,-0.009988917902509331,0.029999999999999805,-0.1765563936279485,0.18261342515128323,0.24842332980651957,0.28175029034475596,0.56,0.0,0.8818330133194605,-0.009988917902509331,-0.5600926282523764,0.029999999999999805,0.1599999999999997,0.25,0.05574912891986061,0.08992805755395694
2018-04-26,109.97000122070312,110.81999969482422,109.33999633789062,110.0999984741211,88.11817932128906,10299500.0,16.239999771118164,3.0,0.0010000617942680368,0.000999562065617129,-0.08968611927044345,-0.029999999999999805,-0.23978831136239498,0.038503727980939935,0.24822573469637327,0.2812016974240177,0.56,0.0,0.903589884682702,-0.08968611927044345,-0.5445702119686897,-0.029999999999999805,0.08000000000000007,0.22999999999999998,0.027397260273972712,0.08303249097472931
2018-04-27,109.5500030517578,110.16000366210938,109.12999725341795,109.4000015258789,87.55793762207031,9384000.0,15.40999984741211,2.96,-0.0063578446982665016,-0.006378141869447685,-0.05110837040663996,-0.040000000000000036,-0.08888781008786839,0.04461331160177731,0.2412755902820227,0.28120368785448835,0.56,0.0,0.9148762579740539,-0.05110837040663996,-0.4863599523820565,-0.040000000000000036,0.0,0.21999999999999975,0.0,0.08029197080291972
2018-04-30,109.75,110.3000030517578,108.75,108.77999877929688,87.06170654296875,13744900.0,15.93000030517578,2.95,-0.00566745965675286,-0.005683580645121829,0.033744351908672865,-0.009999999999999787,0.46471653878942876,0.046263238909378425,0.23128546531331962,0.2804011566296561,0.56,0.0,0.9078052702421645,0.033744351908672865,-0.4119573967062047,-0.009999999999999787,-0.029999999999999805,0.2200000000000002,-0.010067114093959662,0.08058608058608074
2018-05-01,108.4499969482422,108.97000122070312,107.54000091552734,108.77999877929688,87.06170654296875,10503400.0,15.489999771118164,2.97,0.0,0.0,-0.027620874176295884,0.020000000000000018,-0.23583292712205983,0.05280799843975666,0.22616928050762658,0.27686940976690616,0.56,0.0,0.9137884157027022,-0.027620874176295884,-0.3715130881824797,0.020000000000000018,-0.029999999999999805,0.18000000000000016,-0.009999999999999898,0.06451612903225823
2018-05-02,108.11000061035156,109.48999786376952,107.7300033569336,107.91999816894533,86.3734130859375,12162100.0,15.970000267028809,2.97,-0.007905811686467978,-0.007937228307824834,0.030987766494718016,0.0,0.1579202924767218,0.06388732402061582,0.2205126068671237,0.25836138166788636,0.56,0.0,0.9072613491064886,0.030987766494718016,-0.3631312217999344,0.0,-0.05999999999999961,0.18000000000000016,-0.01980198019801971,0.06451612903225823
2018-05-03,107.58999633789062,107.7699966430664,105.18000030517578,107.23999786376952,85.8292007446289,15379100.0,15.899999618530272,2.94,-0.006300692792666762,-0.006320625929994241,-0.004383259068758916,-0.03000000000000025,0.26451024083011987,0.04853399661597675,0.21461442490131225,0.25094913227712556,0.56,0.0,0.9082132208199986,-0.004383259068758916,-0.3354609671590655,-0.03000000000000025,-0.06000000000000005,0.10999999999999988,-0.020000000000000018,0.03886925795053009
2018-05-04,106.43000030517578,108.73999786376952,105.9800033569336,108.43000030517578,86.78160095214844,11967900.0,14.770000457763672,2.95,0.011096459005289327,0.011035344987918166,-0.07106913131303916,0.010000000000000231,-0.22180751799520126,0.12326229427340807,0.2009509609288676,0.2516412667703878,0.56,0.0,0.9235789961448683,-0.07106913131303916,-0.1951371186690588,0.010000000000000231,-0.009999999999999787,0.18000000000000016,-0.0033783783783782884,0.06498194945848379
2018-05-07,108.76000213623048,109.68000030517578,108.36000061035156,109.37000274658205,87.53392028808594,9356700.0,14.75,2.95,0.008669111052149514,0.008631750077949737,-0.00135412709165883,0.0,-0.21818364124031786,0.1359528749955406,0.19860961396015553,0.23445941145048924,0.56,0.0,0.9238509631967576,-0.00135412709165883,-0.21743920029397068,0.0,0.0,0.17000000000000037,0.0,0.06115107913669071
2018-05-08,109.52999877929688,111.33999633789062,109.27999877929688,110.98999786376952,88.83049011230469,12543200.0,14.710000038146973,2.97,0.014812198744801552,0.01470356950716258,-0.0027118618205442813,0.020000000000000018,0.34055810274990117,0.165454296627642,0.19363631871677262,0.23286865362804188,0.56,0.0,0.9243948843324336,-0.0027118618205442813,-0.13766916177355112,0.020000000000000018,0.0,0.17000000000000037,0.0,0.06071428571428594
2018-05-09,111.44000244140624,113.63999938964844,111.02999877929688,113.41000366210938,90.76731872558594,11368100.0,13.420000076293944,3.0,0.02180364659513412,0.021569346703586928,-0.08769544245463723,0.029999999999999805,-0.09368422731041526,0.1636790425692884,0.19892284206690605,0.2349386450251154,0.56,0.0,0.9419363571681098,-0.08769544245463723,-0.23813684829342951,0.029999999999999805,0.029999999999999805,0.20999999999999996,0.010101010101009944,0.07526881720430101
2018-05-10,113.19000244140624,114.44000244140624,112.75,114.29000091552734,91.47164916992188,9159700.0,13.229999542236328,2.97,0.007759736149806518,0.00772978424339414,-0.01415801288952645,-0.029999999999999805,-0.19426289353541926,0.08934211035802833,0.18092384530317704,0.23512732831239022,0.56,0.0,0.9445199922886474,-0.01415801288952645,-0.12318970673957036,-0.029999999999999805,0.03000000000000025,0.14000000000000012,0.010204081632653184,0.049469964664311084
2018-05-11,114.48999786376952,114.7300033569336,113.66999816894533,113.86000061035156,91.1274871826172,10253000.0,12.649999618530272,2.97,-0.003762498986602303,-0.0037695949906450706,-0.04383975387560868,0.0,0.11935980436040472,0.1489886990856447,0.1493323650209772,0.23052996332900688,0.56,0.0,0.9524068552399992,-0.04383975387560868,-0.2687016015924917,0.0,0.020000000000000018,0.15000000000000036,0.006779661016949268,0.05319148936170226
2018-05-14,114.11000061035156,114.6999969482422,113.73999786376952,113.9000015258789,91.15948486328124,8710700.0,12.93000030517578,3.0,0.00035113094471617146,0.00035106931267285914,0.02213444229953576,0.029999999999999805,-0.15042426606846782,0.16384216486613482,0.14914040970637316,0.23036207136261502,0.56,0.0,0.9485993943221652,0.02213444229953576,-0.28407226425982574,0.029999999999999805,0.04999999999999982,0.16999999999999993,0.016949152542372836,0.060070671378091856
2018-05-15,113.91000366210938,113.91000366210938,112.56999969482422,113.02999877929688,90.46317291259766,11536200.0,14.630000114440918,3.08,-0.0076383927764389625,-0.007667714708933749,0.13147716698696765,0.08000000000000007,0.324371175680485,0.18303440948225366,0.15270425588127473,0.2304236910713757,0.56,0.0,0.9254827266037854,0.13147716698696765,-0.3752742460700557,0.08000000000000007,0.10999999999999988,0.26000000000000023,0.03703703703703698,0.09219858156028371
2018-05-16,112.88999938964844,113.69000244140624,112.62999725341795,113.33999633789062,90.71128845214844,7571100.0,13.420000076293944,3.09,0.0027427242662658724,0.0027389698613636995,-0.08270676887778095,0.009999999999999787,-0.343709367035939,0.09401616385686445,0.14867618767110477,0.2304988463486628,0.56,0.0,0.9419363571681098,-0.08270676887778095,-0.3540752848622356,0.009999999999999787,0.08999999999999986,0.21999999999999975,0.030000000000000027,0.07665505226480818
2018-05-17,113.1999969482422,113.41000366210938,112.1999969482422,112.95999908447266,90.40715789794922,8617200.0,13.43000030517578,3.11,-0.003352731059041769,-0.003358364055958763,0.0007451735339034649,0.020000000000000018,0.13817014700637942,0.06374713661517184,0.12955089923203866,0.23041682645847295,0.56,0.0,0.9418003736421651,0.0007451735339034649,-0.4787497460470578,0.020000000000000018,0.13999999999999968,0.18999999999999995,0.047138047138046923,0.06506849315068486
2018-05-18,112.75,112.8000030517578,110.83999633789062,111.12999725341795,88.94251251220703,11806300.0,13.420000076293944,3.06,-0.016200546724358555,-0.016333210348190227,-0.0007446186637822816,-0.04999999999999982,0.3700854105742004,0.11950039286380365,0.142582499818207,0.23274925846158248,0.56,0.0,0.9419363571681098,-0.0007446186637822816,-0.44674091674557226,-0.04999999999999982,0.08999999999999986,0.10000000000000009,0.030303030303030276,0.03378378378378377
2018-05-21,112.0500030517578,112.54000091552734,111.91999816894533,112.1500015258789,89.75886535644531,9441900.0,13.079999923706056,3.06,0.009178432463623487,0.009136566632527335,-0.025335331643439263,0.0,-0.20026595969948247,0.15470025666702938,0.14508968581350562,0.2296870058249055,0.56,0.0,0.9465596933054062,-0.025335331643439263,-0.4653255406384064,0.0,0.06000000000000005,0.08000000000000007,0.020000000000000018,0.02684563758389258
2018-05-22,112.3499984741211,114.29000091552734,112.29000091552734,113.01000213623048,90.44720458984376,11507600.0,13.220000267028809,3.06,0.0076687604134138,0.007639504943870844,0.010703390224721332,0.0,0.2187801184083713,0.16408954757571748,0.1457817593182904,0.22874323449384534,0.56,0.0,0.9446559628464892,0.010703390224721332,-0.4301369661344261,0.0,-0.020000000000000018,0.06000000000000005,-0.006493506493506551,0.020000000000000018
2018-05-23,112.51000213623048,112.7699966430664,111.12000274658205,112.48999786376952,90.031005859375,11453900.0,12.579999923706056,3.01,-0.004601565436501032,-0.004612185229706543,-0.04841152272280491,-0.050000000000000266,-0.004666481281935364,0.16455791770009504,0.14617149343857103,0.22770134623137941,0.56,0.0,0.9533587139854063,-0.04841152272280491,-0.4003900701253829,-0.050000000000000266,-0.08000000000000007,-0.020000000000000018,-0.02588996763754048,-0.0066006600660065695
2018-05-24,112.13999938964844,112.1500015258789,110.12000274658205,111.2300033569336,89.02256774902344,14084800.0,12.529999732971191,2.98,-0.011201009038227405,-0.011264212746694395,-0.003974577983950844,-0.029999999999999805,0.2296946891451821,0.17909522686766124,0.15264843496846772,0.22654628273805116,0.56,0.0,0.9540386186470269,-0.003974577983950844,-0.41892202556837804,-0.029999999999999805,-0.1299999999999999,-0.020000000000000018,-0.041800643086816636,-0.00666666666666671
2018-05-25,110.45999908447266,111.08000183105467,110.1999969482422,110.66000366210938,88.5663833618164,8283500.0,13.220000267028809,2.93,-0.005124367884929204,-0.005137542484976525,0.0550678809866183,-0.04999999999999982,-0.41188373281835733,0.1403786023063462,0.151967892609406,0.22380172274479265,0.56,0.0,0.9446559628464892,0.0550678809866183,-0.4823024850291187,-0.04999999999999982,-0.1299999999999999,-0.029999999999999805,-0.042483660130718914,-0.010135135135135087
2018-05-29,109.18000030517578,109.1999969482422,104.95999908447266,105.93000030517578,84.7807388305664,30643800.0,17.020000457763672,2.77,-0.042743582695306315,-0.043683984750945426,0.28744327639782363,-0.16000000000000014,2.69937828212712,0.3063892062000878,0.21816348619928486,0.2407994807952178,0.56,0.0,0.8929834030848678,0.28744327639782363,-0.7699859110090322,-0.16000000000000014,-0.29000000000000004,-0.18000000000000016,-0.09477124183006536,-0.06101694915254241
2018-05-30,107.63999938964844,108.5999984741211,106.6500015258789,108.3499984741211,86.71756744384766,17490800.0,14.9399995803833,2.84,0.022845149027917566,0.02258810603779797,-0.12220921395049544,0.06999999999999984,-0.4292222243977575,0.37552647095769176,0.2341356099489753,0.243378910911879,0.56,0.0,0.9212673410443228,-0.12220921395049544,-0.7993258290477726,0.06999999999999984,-0.2200000000000002,-0.13000000000000034,-0.07189542483660138,-0.043771043771043905
2018-05-31,107.9499969482422,108.19000244140624,106.41999816894533,107.01000213623048,85.64508819580078,19808200.0,15.43000030517578,2.83,-0.012367496917407683,-0.012444610871433968,0.03279790753380385,-0.009999999999999787,0.13249251034829745,0.37463608736472737,0.23664488770268757,0.2444884903736336,0.56,0.0,0.9146042909221647,0.03279790753380385,-0.7967310017661507,-0.009999999999999787,-0.17999999999999972,-0.14000000000000012,-0.05980066445182719,-0.047138047138047146
2018-06-01,108.33999633789062,108.94000244140624,107.8000030517578,108.4000015258789,86.75757598876953,13594200.0,13.460000038146973,2.89,0.012989510740246901,0.012905870563624536,-0.12767337835813253,0.06000000000000005,-0.31370846417140374,0.4073208459617978,0.2401059423511448,0.2461067102777403,0.56,0.0,0.9413924360324338,-0.12767337835813253,-0.8076971916730433,0.06000000000000005,-0.08999999999999986,-0.04999999999999982,-0.030201342281879096,-0.017006802721088343
2018-06-04,108.98999786376952,109.26000213623048,108.2699966430664,108.4499969482422,86.79759216308594,9415400.0,12.739999771118164,2.94,0.00046124126752444816,0.00046113492846839855,-0.05349184732453616,0.04999999999999982,-0.3073958011504907,0.4092700620729992,0.23688656844662168,0.24611406231058205,0.56,0.0,0.9511830294427027,-0.05349184732453616,-0.7962398700051175,0.04999999999999982,0.009999999999999787,-0.010000000000000231,0.0034129692832762792,-0.003389830508474634
2018-06-05,108.23999786376952,108.30999755859376,107.06999969482422,107.83999633789062,86.30937957763672,10415200.0,12.399999618530272,2.92,-0.005624724986977858,-0.005640603321402785,-0.026687610572700304,-0.020000000000000018,0.10618773498736123,0.2244734522720889,0.23540908074004752,0.23862808853501244,0.56,0.0,0.9558063655799993,-0.026687610572700304,-0.7961904357929089,-0.020000000000000018,0.1499999999999999,-0.03000000000000025,0.05415162454873634,-0.01016949152542379
2018-06-06,108.66000366210938,110.73999786376952,108.4800033569336,110.36000061035156,88.32625579833984,15453600.0,11.640000343322754,2.97,0.02336798422805142,0.023099133166902604,-0.06129026601515308,0.050000000000000266,0.48375451263537905,0.2272131185022122,0.24441145709396753,0.24382034245893536,0.56,0.0,0.9661408671578413,-0.06129026601515308,-0.8093718052314968,0.050000000000000266,0.13000000000000034,0.0,0.045774647887323994,0.0
2018-06-07,111.18000030517578,111.5,110.02999877929688,110.8000030517578,88.67842102050781,13444400.0,12.130000114440918,2.93,0.003987095558222409,0.003979168157277604,0.04209619902625272,-0.040000000000000036,-0.13001501268312887,0.1784948472438152,0.23116760154569535,0.2429228892677723,0.56,0.0,0.9594778300037858,0.04209619902625272,-0.7865877611925194,-0.040000000000000036,0.10000000000000009,-0.06999999999999984,0.035335689045936425,-0.023333333333333317
2018-06-08,110.62000274658205,111.13999938964844,110.05999755859376,111.11000061035156,88.92652893066406,10383200.0,12.18000030517578,2.93,0.002797838609450043,0.002793931944124087,0.004122027226968861,0.0,-0.22769331468864362,0.1715791818488386,0.22930536081747613,0.24202588824903976,0.56,0.0,0.9587979253421653,0.004122027226968861,-0.7878037979337575,0.0,0.040000000000000036,-0.040000000000000036,0.01384083044982698,-0.013468013468013518
2018-06-11,111.12000274658205,111.91000366210938,110.7699966430664,110.83000183105467,88.70242309570312,12642900.0,12.350000381469728,2.96,-0.002520123495831861,-0.0025233043522735134,0.01395731297491909,0.029999999999999805,0.21763040295862557,0.17768513628096588,0.22917797231007472,0.24197940970203388,0.56,0.0,0.956486257273517,0.01395731297491909,-0.7981101022491124,0.029999999999999805,0.020000000000000018,-0.010000000000000231,0.006802721088435382,-0.0033670033670034627
2018-06-12,111.13999938964844,111.52999877929688,109.5199966430664,110.19000244140624,88.190185546875,15294100.0,12.34000015258789,2.96,-0.005774786425794209,-0.0057915249770720875,-0.0008097351071213454,0.0,0.20969872418511581,0.1782217151021599,0.22961056682168732,0.2421652972979062,0.56,0.0,0.9566222407994617,-0.0008097351071213454,-0.7984977499415129,0.0,0.040000000000000036,-0.040000000000000036,0.013698630136986356,-0.013333333333333308
2018-06-13,110.45999908447266,111.4499969482422,109.58000183105467,109.97000122070312,88.01410675048828,14979700.0,12.9399995803833,2.98,-0.001996580405119186,-0.0019985762287669695,0.04862231931736094,0.020000000000000018,-0.020556946796477127,0.06401001165311902,0.22852106482361817,0.24171470303733253,0.56,0.0,0.9484634237643232,0.04862231931736094,-0.8104954869148573,0.020000000000000018,0.009999999999999787,-0.10000000000000009,0.0033670033670032407,-0.032467532467532534
2018-06-14,110.27999877929688,110.36000061035156,107.77999877929688,108.02999877929688,86.46144104003906,20487300.0,12.119999885559082,2.94,-0.017641100589146252,-0.01779855938336657,-0.06336937568895418,-0.040000000000000036,0.3676709146378099,0.12303955791400333,0.23515246457696753,0.2442438786920707,0.56,0.0,0.9596138135297305,-0.06336937568895418,-0.7391208352703932,-0.040000000000000036,0.009999999999999787,-0.1499999999999999,0.0034129692832762792,-0.04854368932038833
2018-06-15,107.8000030517578,108.37999725341795,106.2699966430664,107.9000015258789,86.35741424560547,26028600.0,11.979999542236328,2.93,-0.001203158230793533,-0.001203882606741912,-0.011551183551541389,-0.009999999999999787,0.270474879559532,0.10948157907580609,0.23516026319156014,0.24421640569459577,0.56,0.0,0.9615175439886476,-0.011551183551541389,-0.739192437359333,-0.009999999999999787,0.0,-0.17999999999999972,0.0,-0.05787781350482302
2018-06-18,107.26000213623048,108.4000015258789,106.69000244140624,108.18000030517578,86.58148956298828,9786800.0,12.3100004196167,2.92,0.002594743246312703,0.0025913827119495563,0.027545984139392576,-0.010000000000000231,-0.6239982173455353,0.12432642261153823,0.2297040503813479,0.22830050101064764,0.56,0.0,0.9570301784091929,0.027545984139392576,-0.7485078857285827,-0.010000000000000231,-0.040000000000000036,-0.14000000000000012,-0.013513513513513487,-0.045751633986928164
2018-06-19,106.9000015258789,107.87999725341795,106.5999984741211,107.5500030517578,86.07730102539062,12707200.0,13.350000381469728,2.89,-0.005823283246136124,-0.00584030467257714,0.08448415324143532,-0.029999999999999805,0.29840192912903096,0.12435041680672995,0.2267730189222213,0.2216548238549074,0.56,0.0,0.9428882159135168,0.08448415324143532,-0.7442127665463963,-0.029999999999999805,-0.06999999999999984,-0.16999999999999993,-0.023648648648648574,-0.05555555555555558
2018-06-20,108.18000030517578,108.63999938964844,107.44000244140624,107.54000091552734,86.06927490234375,8876900.0,12.789999961853027,2.93,-9.324320060299929e-05,-9.324754802047549e-05,-0.041947595776401725,0.040000000000000036,-0.30142753714429615,0.12779098013488474,0.2240153199248081,0.21252897155108735,0.56,0.0,0.9505031247810822,-0.041947595776401725,-0.755598886810968,0.040000000000000036,-0.04999999999999982,-0.1299999999999999,-0.016778523489932806,-0.042483660130718914
2018-06-21,107.0999984741211,108.20999908447266,106.52999877929688,107.51000213623048,86.0452651977539,11048700.0,14.640000343322754,2.9,-0.0002789579047468571,-0.0002789968207406185,0.14464428357994286,-0.03000000000000025,0.24465748177854874,0.04873762907976225,0.2239965317348521,0.2087083111915744,0.56,0.0,0.9253467430778407,0.14464428357994286,-0.7112739637842637,-0.03000000000000025,-0.040000000000000036,-0.10999999999999988,-0.013605442176870763,-0.03654485049833878
2018-06-22,108.16000366210938,108.37000274658205,105.51000213623048,105.75,84.63666534423828,19478900.0,13.770000457763672,2.9,-0.016370451648656137,-0.016505928067182325,-0.05942622029758937,0.0,0.7630037923013566,0.12098432905039966,0.2275347321659551,0.21140985338406273,0.56,0.0,0.9371770375048685,-0.05942622029758937,-0.6567013124828515,0.0,-0.03000000000000025,-0.08000000000000007,-0.010238907849829393,-0.02684563758389269
2018-06-25,105.66000366210938,105.6999969482422,103.95999908447266,104.79000091552734,83.86833953857422,16907600.0,17.329999923706055,2.87,-0.009077930971631343,-0.009119386464447678,0.2585329954680733,-0.029999999999999805,-0.1320043739636222,0.10856197817613,0.22857746317067823,0.2086603330299283,0.56,0.0,0.8887680175254054,0.2585329954680733,-0.6132662607971828,-0.029999999999999805,-0.04999999999999982,-0.06000000000000005,-0.017123287671232834,-0.020477815699658675
2018-06-26,104.70999908447266,105.20999908447266,103.11000061035156,104.86000061035156,83.92435455322266,17086800.0,15.920000076293944,2.88,0.0006678922577532109,0.0006676693169806485,-0.0813617918995686,0.009999999999999787,0.010598783978802429,0.11980272598194958,0.16983905169179433,0.20498162702315162,0.56,0.0,0.9079412537681092,-0.0813617918995686,-0.37164780466043684,0.009999999999999787,-0.010000000000000231,0.10999999999999988,-0.0034602076124568004,0.03971119133573997
2018-06-27,104.68000030517578,105.91999816894533,103.2300033569336,103.23999786376952,82.6277847290039,16276800.0,17.90999984741211,2.83,-0.01544926774976263,-0.015569851250198084,0.1249999850239587,-0.04999999999999982,-0.04740501439707845,0.12933554512914155,0.15431787886992496,0.2051898840147346,0.56,0.0,0.8808811545740535,0.1249999850239587,-0.32553341407235264,-0.04999999999999982,-0.10000000000000009,-0.009999999999999787,-0.03412969283276457,-0.0035211267605632646
2018-06-28,103.68000030517578,105.45999908447266,103.51000213623048,104.93000030517578,83.9803695678711,14491300.0,16.850000381469727,2.84,0.01636961275560389,0.016237075082282146,-0.05918478363893154,0.009999999999999787,-0.1096960090435466,0.2165158070253595,0.16293844324234683,0.205591004507373,0.56,0.0,0.8952950711535161,-0.05918478363893154,-0.3608049404566901,0.009999999999999787,-0.06000000000000005,0.009999999999999787,-0.020689655172413834,0.0035335689045936647
2018-06-29,106.68000030517578,106.9000015258789,104.1500015258789,104.1999969482422,83.3961181640625,18972400.0,16.09000015258789,2.85,-0.006956999675220676,-0.006981312425609961,-0.045103870129143964,0.010000000000000231,0.30922691545962055,0.19357867015509642,0.1555834586813839,0.20389890473984204,0.56,0.0,0.905629585699461,-0.045103870129143964,-0.256131722616388,0.010000000000000231,-0.04999999999999982,-0.040000000000000036,-0.01724137931034475,-0.01384083044982698
2018-07-02,103.72000122070312,105.08999633789062,103.37999725341795,105.08000183105467,84.1004409790039,11130000.0,15.600000381469728,2.87,0.008445510779720111,0.008410046986885722,-0.03045368343513355,0.020000000000000018,-0.41335835213257155,0.19834381974965906,0.159737868902531,0.19852724358999263,0.56,0.0,0.9122926228535163,-0.03045368343513355,-0.2697608977108499,0.020000000000000018,0.0,-0.06999999999999984,0.0,-0.023809523809523725
2018-07-03,105.41000366210938,105.77999877929688,103.5199966430664,103.61000061035156,82.9239273071289,8311700.0,16.139999389648438,2.83,-0.013989387667642794,-0.0140881614228614,0.03461532019064184,-0.040000000000000036,-0.2532165318957772,0.22383115118001234,0.1653046213122818,0.19865853747160925,0.56,0.0,0.9049496940059432,0.03461532019064184,-0.2859636273161857,-0.040000000000000036,-0.04999999999999982,-0.08999999999999986,-0.01736111111111105,-0.03082191780821908
2018-07-05,104.12999725341795,104.37999725341795,103.52999877929688,103.72000122070312,83.46305847167969,10723400.0,14.970000267028809,2.84,0.006501515088087606,0.006480471400190269,-0.0724906547003974,0.009999999999999787,0.2901572482163697,0.19496420624454971,0.14050147526769455,0.19491063072896977,0.56,0.0,0.9208593904664888,-0.0724906547003974,-0.2514174662370891,0.009999999999999787,0.009999999999999787,-0.13000000000000034,0.0035335689045936647,-0.043771043771043905
2018-07-06,103.12000274658205,104.5,102.1999969482422,104.05999755859376,83.73665618896484,12173700.0,13.369999885559082,2.82,0.003278069630985314,0.003272708473702155,-0.10688045109749944,-0.020000000000000018,0.1352462838278905,0.15246177308763054,0.14006898147265215,0.19235256764999514,0.56,0.0,0.9426162618297302,-0.10688045109749944,-0.30287814160490134,-0.020000000000000018,-0.020000000000000018,-0.11000000000000032,-0.007042253521126751,-0.03754266211604107
2018-07-09,104.70999908447266,107.45999908447266,104.70999908447266,107.27999877929688,86.3277816772461,13900800.0,12.6899995803833,2.86,0.030943742038540112,0.030474637143054664,-0.050860157890520896,0.040000000000000036,0.1418714113211268,0.2524844633453664,0.18283964774748318,0.19604892745361552,0.56,0.0,0.9518629341043233,-0.050860157890520896,-0.32345016257293135,0.040000000000000036,0.009999999999999787,-0.07000000000000028,0.0035087719298245723,-0.023890784982935287
2018-07-10,108.0199966430664,108.4000015258789,106.52999877929688,106.62000274658205,85.79668426513672,14575900.0,12.640000343322754,2.87,-0.006152103086524252,-0.006171105248310541,-0.00394005033206124,0.010000000000000231,0.048565550184161976,0.2677833356899025,0.18357196238229642,0.18840768502069338,0.56,0.0,0.9525428257978411,-0.00394005033206124,-0.31956841761044935,0.010000000000000231,0.0,-0.08999999999999986,0.0,-0.030405405405405372
2018-07-11,106.30999755859376,107.05999755859376,106.20999908447266,106.38999938964844,85.61160278320312,10186500.0,13.630000114440918,2.85,-0.0021572101942964883,-0.002159540323863619,0.07832276457501397,-0.020000000000000018,-0.30114092440260976,0.2273813222815253,0.18294082754787547,0.18843817917255878,0.56,0.0,0.9390807679637856,0.07832276457501397,-0.3194967357890561,-0.020000000000000018,0.020000000000000018,-0.10999999999999988,0.007067137809187329,-0.03716216216216217
2018-07-12,107.41999816894533,107.55999755859376,105.97000122070312,106.8499984741211,85.98177337646484,12456800.0,12.579999923706056,2.85,0.004323836737400111,0.004314515813776747,-0.0770359634569916,0.0,0.22287341088695833,0.22784015530458315,0.1840741847540867,0.18869411881994114,0.56,0.0,0.9533587139854063,-0.0770359634569916,-0.33358310855029477,0.0,0.010000000000000231,-0.1299999999999999,0.0035211267605634866,-0.043624161073825496
2018-07-13,107.3000030517578,107.8000030517578,105.13999938964844,106.36000061035156,85.58745574951172,21289100.0,12.18000030517578,2.83,-0.004586060643650969,-0.00459660888202708,-0.031796472254066344,-0.020000000000000018,0.7090344229657697,0.24017309410447765,0.1739408010613088,0.1882201008913432,0.56,0.0,0.9587979253421653,-0.031796472254066344,-0.4071316565547024,-0.020000000000000018,0.010000000000000231,-0.10999999999999988,0.0035460992907803135,-0.03741496598639449
2018-07-16,107.0500030517578,110.7699966430664,106.9800033569336,110.58000183105467,88.9832763671875,24662600.0,12.829999923706056,2.85,0.03967661601735539,0.03890971866234904,0.05336614139936158,0.020000000000000018,0.1584613722515278,0.29834730386531516,0.22313583365089992,0.1997795333051164,0.56,0.0,0.9499592036454063,0.05336614139936158,-0.24090050810154892,0.020000000000000018,-0.009999999999999787,-0.08000000000000007,-0.0034965034965034336,-0.027303754266211677
2018-07-17,110.69000244140624,110.93000030517578,109.75,110.5,88.91890716552734,14821900.0,12.0600004196167,2.86,-0.000723385385300257,-0.0007236471547558352,-0.06001555016899296,0.009999999999999787,-0.39901308053489903,0.28655183755288727,0.22323058138326093,0.19973370029568827,0.56,0.0,0.960429688749193,-0.06001555016899296,-0.2333349444293052,0.009999999999999787,-0.010000000000000231,-0.06000000000000005,-0.0034843205574913716,-0.020547945205479423
2018-07-18,110.41999816894533,112.12000274658205,110.1999969482422,111.52999877929688,89.74774932861328,14244900.0,12.100000381469728,2.88,0.009321326470454805,0.009278151001252236,0.0033167463069043723,0.020000000000000018,-0.03892888226205815,0.2743911267470257,0.22323868723662593,0.2003820568476893,0.56,0.0,0.9598857676135171,0.0033167463069043723,-0.21202425283050874,0.020000000000000018,0.029999999999999805,-0.010000000000000231,0.010526315789473717,-0.0034602076124568004
2018-07-19,111.05999755859376,111.08999633789062,109.7300033569336,109.88999938964844,88.42803955078125,16775300.0,12.869999885559082,2.84,-0.014704655968584612,-0.01481384109731457,0.06363632064578706,-0.040000000000000036,0.17763550463674727,0.3256934742648208,0.23112240333637862,0.20249511455531324,0.56,0.0,0.9494152825097304,0.06363632064578706,-0.24653101004973388,-0.040000000000000036,-0.010000000000000231,-0.0900000000000003,-0.0035087719298246833,-0.03071672354948818
2018-07-20,110.0,111.73999786376952,109.77999877929688,111.27999877929688,89.54658508300781,13578100.0,12.859999656677246,2.89,0.012649217803638146,0.012569884748370522,-0.0007770185680464614,0.050000000000000266,-0.19058973610009955,0.31440457263994176,0.23439689848967085,0.20395184446040976,0.56,0.0,0.9495512660356751,-0.0007770185680464614,-0.24874076823721808,0.050000000000000266,0.06000000000000005,-0.009999999999999787,0.021201413427561766,-0.0034482758620688614
2018-07-23,111.05999755859376,114.23999786376952,110.93000030517578,113.3499984741211,91.21228790283205,18140000.0,12.619999885559082,2.96,0.018601522529085424,0.01843063019441033,-0.01866250214039078,0.06999999999999984,0.33597484184090565,0.2071794477724046,0.2305995594701735,0.2073136330059546,0.56,0.0,0.9528147928497305,-0.01866250214039078,-0.3125671535432104,0.06999999999999984,0.10999999999999988,0.06000000000000005,0.03859649122807007,0.020689655172413834
2018-07-24,113.5500030517578,114.77999877929688,113.41999816894533,114.1500015258789,91.85606384277344,14000400.0,12.40999984741211,2.95,0.007057995745345158,0.0070332046752002945,-0.016640256739405612,-0.009999999999999787,-0.22820286659316424,0.20102820308452934,0.22572828232087935,0.20721430166301558,0.56,0.0,0.9556703820540546,-0.016640256739405612,-0.24004075197152588,-0.009999999999999787,0.0900000000000003,0.08000000000000007,0.03146853146853168,0.027874564459930307
2018-07-25,113.87999725341795,115.5199966430664,113.37999725341795,115.18000030517578,92.68489074707033,13329100.0,12.289999961853027,2.94,0.009023104949451799,0.008982639969011389,-0.00966961217039064,-0.010000000000000231,-0.04794863003914174,0.20078167812992556,0.2257617699839402,0.2074344478172187,0.56,0.0,0.9573021454610823,-0.00966961217039064,-0.2657568542775518,-0.010000000000000231,0.06000000000000005,0.06000000000000005,0.02083333333333326,0.02083333333333326
2018-07-26,115.41999816894533,115.58999633789062,114.58000183105467,114.8499984741211,92.41934204101562,11897800.0,12.140000343322754,2.98,-0.0028650700660516337,-0.0028691822356074234,-0.01220501375068006,0.040000000000000036,-0.10738159365598576,0.12456216461057557,0.21466902022357137,0.2075793639809664,0.56,0.0,0.9593418464778412,-0.01220501375068006,-0.10524994228583247,0.040000000000000036,0.14000000000000012,0.1499999999999999,0.04929577464788748,0.053003533568904526
2018-07-27,115.18000030517578,116.3000030517578,114.80999755859376,116.02999877929688,93.368896484375,12802700.0,13.029999732971191,2.96,0.010274412502720098,0.01022198949786453,0.0733113150312188,-0.020000000000000018,0.07605607759417699,0.12118998899553712,0.2117577943971619,0.207577770236282,0.56,0.0,0.9472395979670268,0.0733113150312188,-0.03261028994691777,-0.020000000000000018,0.06999999999999984,0.1200000000000001,0.02422145328719716,0.04225352112676051
2018-07-30,116.27999877929688,117.61000061035156,116.05999755859376,116.7300033569336,93.9321746826172,13411600.0,14.260000228881836,2.98,0.0060328248426548825,0.006014700213476406,0.09439758412260324,0.020000000000000018,0.0475602802533841,0.08186361003432967,0.20672704290410107,0.2071830339888346,0.56,0.0,0.9305140003508131,0.09439758412260324,-0.06201136964676574,0.020000000000000018,0.020000000000000018,0.1299999999999999,0.006756756756756799,0.04561403508771922
2018-07-31,117.08000183105467,117.08000183105467,114.81999969482422,114.9499969482422,92.49980926513672,15843800.0,12.829999923706056,2.96,-0.015248932778573865,-0.015366393383116883,-0.1002805247000974,-0.020000000000000018,0.18135047272510363,0.1694854076476405,0.21978768920335412,0.20905188509631675,0.56,0.0,0.9499592036454063,-0.1002805247000974,0.07230449123917138,-0.020000000000000018,0.009999999999999787,0.08999999999999986,0.003389830508474523,0.03135888501742157
2018-08-01,115.75,116.69000244140624,115.27999877929688,115.66000366210938,93.07115173339844,13531600.0,13.149999618530272,3.0,0.00617668806888072,0.006157690518956871,0.024941519620194974,0.040000000000000036,-0.145937212032467,0.16256495188829165,0.20820440647526905,0.2087305666704931,0.56,0.0,0.9456078345599992,0.024941519620194974,0.13382787702849042,0.040000000000000036,0.06000000000000005,0.16999999999999993,0.020408163265306145,0.060070671378091856
2018-08-02,114.56999969482422,116.25,114.33000183105467,116.1500015258789,93.46544647216795,11058100.0,12.1899995803833,2.98,0.00423648715446201,0.004227538507739041,-0.07300380730005429,-0.020000000000000018,-0.18279434804457717,0.16017598651512377,0.20825631075477966,0.20689380999035692,0.56,0.0,0.9586619547843235,-0.07300380730005429,0.1434379700815236,-0.020000000000000018,0.0,0.14000000000000012,0.0,0.04929577464788748
2018-08-03,116.0,117.12999725341795,115.94000244140624,117.08999633789062,94.22184753417967,11016100.0,11.640000343322754,2.95,0.008092841692431962,0.008060270261388416,-0.04511888892478966,-0.029999999999999805,-0.003798120834501373,0.15401553422340825,0.20822198053944446,0.20292919671896842,0.56,0.0,0.9661408671578413,-0.04511888892478966,0.1289625759343989,-0.029999999999999805,-0.009999999999999787,0.13000000000000034,-0.0033783783783782884,0.04609929078014208
2018-08-06,116.79000091552734,117.52999877929688,116.18000030517578,117.12000274658205,94.24601745605467,9857400.0,11.270000457763672,2.94,0.00025652141735199585,0.00025648852135878,-0.031786930811503855,-0.010000000000000231,-0.10518241482920454,0.1494911316891039,0.18751660785536467,0.20238850196899924,0.56,0.0,0.971172140904869,-0.031786930811503855,0.2505164706110034,-0.010000000000000231,-0.040000000000000036,0.08000000000000007,-0.01342281879194629,0.027972027972027913
2018-08-07,117.73999786376952,118.29000091552734,117.33000183105467,117.5500030517578,94.59200286865234,10562100.0,10.93000030517578,2.98,0.003671087881872648,0.003664365885092012,-0.030168601488713587,0.040000000000000036,0.07148943940592845,0.04641753280399039,0.1833754012205529,0.20229237799246047,0.56,0.0,0.9757954770421656,-0.030168601488713587,0.257917091868964,0.040000000000000036,0.020000000000000018,0.10999999999999988,0.006756756756756799,0.03832752613240409
2018-08-08,117.33000183105467,118.2699966430664,117.27999877929688,117.79000091552734,94.7851333618164,8997100.0,10.850000381469728,2.96,0.0020417211530263657,0.002039639673112528,-0.007319297481461873,-0.020000000000000018,-0.14817129169388665,0.04620914967153346,0.18183682402698462,0.20231232065660287,0.56,0.0,0.9768833193135174,-0.007319297481461873,0.33327298616555273,-0.020000000000000018,-0.040000000000000036,0.10999999999999988,-0.013333333333333308,0.03859649122807007
2018-08-09,117.51000213623048,117.72000122070312,116.6999969482422,116.87999725341795,94.0528564453125,9694200.0,11.270000457763672,2.93,-0.0077256515925197,-0.007755649038541538,0.03870968309008038,-0.029999999999999805,0.07748052150137275,0.09219564052540867,0.18747925397699436,0.20232784185767502,0.56,0.0,0.971172140904869,0.03870968309008038,0.2784588787552238,-0.029999999999999805,-0.04999999999999982,0.08000000000000007,-0.016778523489932806,0.02807017543859658
2018-08-10,115.5,115.9499969482422,114.68000030517578,115.7300033569336,93.12747192382812,12630600.0,13.15999984741211,2.87,-0.009838983699792747,-0.009887706350913832,0.16770180238515042,-0.06000000000000005,0.30290276660271087,0.09664970663901999,0.19177070199129648,0.20342246568701505,0.56,0.0,0.9454718510340544,0.16770180238515042,0.03366344774002854,-0.06000000000000005,-0.08000000000000007,0.040000000000000036,-0.027118644067796627,0.014134275618374659
2018-08-13,115.55999755859376,115.87999725341795,113.81999969482422,113.88999938964844,91.6468276977539,10336300.0,14.779999732971191,2.88,-0.015899113285124722,-0.016026860036169082,0.12310029668257583,0.009999999999999787,-0.18164616091080388,0.13184994879974865,0.1557345775483508,0.2060718637242099,0.56,0.0,0.9234430255870264,0.12310029668257583,-0.26951667420818115,0.009999999999999787,-0.06000000000000005,0.029999999999999805,-0.020408163265306145,0.010526315789473717
2018-08-14,114.2699966430664,115.04000091552734,113.6500015258789,114.6500015258789,92.25838470458984,10597600.0,13.3100004196167,2.89,0.006672975183088958,0.006650809437200497,-0.0994586833499882,0.010000000000000231,0.02527983901396058,0.14600507363264867,0.15655173563838545,0.2035508058622139,0.56,0.0,0.9434321370491927,-0.0994586833499882,-0.3114447990682211,0.010000000000000231,-0.08999999999999986,0.03000000000000025,-0.030201342281879096,0.010489510489510634
2018-08-15,113.81999969482422,114.33000183105467,112.97000122070312,113.6999969482422,91.49392700195312,10152100.0,14.640000343322754,2.86,-0.008286051236258918,-0.008320571381523034,0.09992485963755926,-0.03000000000000025,-0.04203781988374722,0.13244978323376336,0.15792436353723155,0.20357152885023874,0.56,0.0,0.9253467430778407,0.09992485963755926,-0.3563039545237101,-0.03000000000000025,-0.10000000000000009,-0.020000000000000018,-0.03378378378378377,-0.00694444444444442
2018-08-16,114.3499984741211,115.30999755859376,114.3000030517578,114.7699966430664,92.3549575805664,10118600.0,13.449999809265137,2.87,0.009410794867236394,0.009366789207277196,-0.08128418757861378,0.010000000000000231,-0.0032998098915495433,0.17560053613804472,0.14895442982143436,0.20386738706033913,0.56,0.0,0.9415284195583785,-0.08128418757861378,-0.35339286159898076,0.010000000000000231,-0.06000000000000005,0.03000000000000025,-0.020477815699658675,0.010563380281690238
2018-08-17,114.63999938964844,115.06999969482422,114.3000030517578,114.7699966430664,92.3549575805664,8505100.0,12.640000343322754,2.87,0.0,0.0,-0.060223009474275835,0.0,-0.15945881841361453,0.1672831457486011,0.143914640118207,0.20360705572908855,0.56,0.0,0.9525428257978411,-0.060223009474275835,-0.34654381834783005,0.0,0.0,-0.020000000000000018,0.0,-0.00692041522491349
2018-08-20,114.58999633789062,115.0500030517578,114.11000061035156,114.62000274658205,92.23426055908205,8618700.0,12.489999771118164,2.82,-0.0013068818896816436,-0.001307736604573865,-0.011867133554614995,-0.050000000000000266,0.01335669186723254,0.11076593062646929,0.1295331139701313,0.20218312455251486,0.56,0.0,0.9545825397827028,-0.011867133554614995,-0.3525867824461218,-0.050000000000000266,-0.06000000000000005,-0.14000000000000012,-0.02083333333333337,-0.04729729729729737
2018-08-21,115.37000274658205,116.38999938964844,114.87999725341795,115.31999969482422,92.79752349853516,10976700.0,12.859999656677246,2.85,0.006106873259880574,0.006088301879731435,0.029623690339424025,0.03000000000000025,0.27359114483622826,0.10910648766656855,0.1289486535254127,0.2021335862690365,0.56,0.0,0.9495512660356751,0.029623690339424025,-0.33022640842452017,0.03000000000000025,-0.040000000000000036,-0.10000000000000009,-0.01384083044982698,-0.03389830508474578
2018-08-22,115.30999755859376,115.41000366210938,114.77999877929688,114.97000122070312,92.51589965820312,8314700.0,12.25,2.82,-0.003034820647303982,-0.0030394350537802347,-0.04743387814637445,-0.03000000000000025,-0.24251368808476137,0.08365252839226178,0.12548647189001075,0.1798864391965896,0.56,0.0,0.9578460665967582,-0.04743387814637445,-0.31118017830311445,-0.03000000000000025,-0.040000000000000036,-0.1200000000000001,-0.013986013986013957,-0.04081632653061229
2018-08-23,114.95999908447266,115.1500015258789,114.43000030517578,114.7300033569336,92.32275390625,9265400.0,12.40999984741211,2.82,-0.002087703331715929,-0.0020898856221622554,0.013061212033641523,0.0,0.1143396634875582,0.057433618502382225,0.12528799442894883,0.17453351184121768,0.56,0.0,0.9556703820540546,0.013061212033641523,-0.31741078078990614,0.0,-0.050000000000000266,-0.16000000000000014,-0.017421602787456525,-0.05369127516778527
2018-08-24,114.9800033569336,115.22000122070312,114.4499969482422,114.68000030517578,92.28253936767578,8845700.0,11.989999771118164,2.82,-0.00043558642775165524,-0.00043568132307742044,-0.03384368101999047,0.0,-0.04529755865909724,0.05748354832230888,0.11926289414775697,0.17229025326125758,0.56,0.0,0.961381560462703,-0.03384368101999047,-0.41014565631715105,0.0,-0.050000000000000266,-0.14000000000000012,-0.017421602787456525,-0.04729729729729737
2018-08-27,115.22000122070312,117.27999877929688,115.16999816894533,116.70999908447266,93.91606903076172,13768000.0,12.15999984741211,2.85,0.01770139480641686,0.017546549762531793,0.014178488702180525,0.03000000000000025,0.5564624619871803,0.13596600333874495,0.1338585568211503,0.17388698861783028,0.56,0.0,0.9590698923940547,0.014178488702180525,-0.40709212218064805,0.03000000000000025,0.03000000000000025,-0.1299999999999999,0.010638297872340496,-0.043624161073825496
2018-08-28,117.0,117.02999877929688,115.97000122070312,116.13999938964844,93.45736694335938,8302600.0,12.5,2.88,-0.0048841704314955825,-0.004896136972214273,0.027960539214994196,0.029999999999999805,-0.39696397443346887,0.1454074943641096,0.12261306798791177,0.1743461934070078,0.56,0.0,0.9544465562567581,0.027960539214994196,-0.6304640993595895,0.029999999999999805,0.029999999999999805,-0.08000000000000007,0.010526315789473717,-0.027027027027027084
2018-08-29,116.3499984741211,116.37000274658205,115.36000061035156,115.76000213623048,93.15161895751952,7221700.0,12.25,2.89,-0.003271523645911767,-0.0032768867796684293,-0.020000000000000018,0.010000000000000231,-0.1301881338375931,0.14587499891111702,0.12142209589515224,0.1740151980538554,0.56,0.0,0.9578460665967582,-0.020000000000000018,-0.6451204785498778,0.010000000000000231,0.07000000000000028,-0.10999999999999988,0.024822695035461084,-0.036666666666666625
2018-08-30,115.58999633789062,116.04000091552734,114.9800033569336,115.19000244140624,92.69293212890624,8991800.0,13.529999732971191,2.86,-0.004924088639001067,-0.0049362519085692945,0.10448977412009719,-0.03000000000000025,0.24510849246022404,0.15142179668735292,0.12159061579053652,0.16838926924829423,0.56,0.0,0.9404405772870267,0.10448977412009719,-0.6431470474971567,-0.03000000000000025,0.040000000000000036,-0.1200000000000001,0.014184397163120588,-0.04026845637583898
2018-08-31,114.83000183105467,114.83999633789062,113.81999969482422,114.58000183105467,92.20207214355467,13065700.0,12.859999656677246,2.86,-0.00529554922989095,-0.005309620348900363,-0.04951959272114581,0.0,0.45306835116439426,0.1577494038016991,0.11845166639509885,0.16871693482104697,0.56,0.0,0.9495512660356751,-0.04951959272114581,-0.5864348531499578,0.0,0.040000000000000036,-0.0900000000000003,0.014184397163120588,-0.03050847457627126
2018-09-04,114.33999633789062,115.23999786376952,113.62999725341795,115.1500015258789,92.66075897216795,10174200.0,13.15999984741211,2.9,0.004974799567401433,0.004962466139342562,0.023328164754584213,0.040000000000000036,-0.22130463733286387,0.0690494400336078,0.12032086363962895,0.16889310337410204,0.56,0.0,0.9454718510340544,0.023328164754584213,-0.5683882987139224,0.040000000000000036,0.04999999999999982,-0.040000000000000036,0.01754385964912264,-0.013605442176870763
2018-09-05,115.0,115.6999969482422,114.25,114.58999633789062,92.21012878417967,11462400.0,13.90999984741211,2.9,-0.00486322573856357,-0.004875089701237232,0.05699088211976577,0.0,0.1266143775431976,0.06900724836842344,0.1198905715223125,0.16915252281832005,0.56,0.0,0.9352733200140543,0.05699088211976577,-0.5669359282205667,0.0,0.020000000000000018,-0.08000000000000007,0.00694444444444442,-0.02684563758389269
2018-09-06,114.5,114.6999969482422,113.5,114.0999984741211,91.81581115722656,9877600.0,14.649999618530272,2.88,-0.004276294070427178,-0.004285463566226085,0.0531991214403813,-0.020000000000000018,-0.13826074818537126,0.06991582124928541,0.11967320438540825,0.16893571761132753,0.56,0.0,0.9252107725199988,0.0531991214403813,-0.5679967398583364,-0.020000000000000018,-0.010000000000000231,-0.08000000000000007,-0.0034602076124568004,-0.027027027027027084
2018-09-07,114.5,114.7699966430664,113.62999725341795,114.31999969482422,91.99285888671876,10955600.0,14.880000114440918,2.94,0.001928292385164676,0.0019264356159494622,0.015699692962430234,0.06000000000000005,0.10913582246699605,0.07410431010191854,0.11798165584731311,0.16886224146543552,0.56,0.0,0.9220832162637853,0.015699692962430234,-0.5639379179364489,0.06000000000000005,0.08000000000000007,0.009999999999999787,0.027972027972027913,0.0034129692832762792
2018-09-10,114.8499984741211,114.97000122070312,113.66000366210938,113.70999908447266,91.50196075439452,8276900.0,14.15999984741211,2.94,-0.005336263469414959,-0.005350552178201341,-0.04838711434753651,0.0,-0.24450509328562564,0.07423676422142553,0.1145525850671048,0.16490688668539683,0.56,0.0,0.9318738096740542,-0.04838711434753651,-0.46530318877413407,0.0,0.08000000000000007,0.06999999999999984,0.027972027972027913,0.024390243902439046
2018-09-11,113.54000091552734,114.58000183105467,113.18000030517578,114.43000030517578,92.08135223388672,9333800.0,13.220000267028809,2.98,0.006332011628115586,0.006312048668630114,-0.06638415187236713,0.040000000000000036,0.12769273520279323,0.08189002382150909,0.10215055244612643,0.16520777891267574,0.56,0.0,0.9446559628464892,-0.06638415187236713,-0.3547264808252382,0.040000000000000036,0.08000000000000007,0.10000000000000009,0.02758620689655178,0.03472222222222232
2018-09-12,114.25,114.87999725341795,112.8499984741211,113.08000183105467,90.99502563476562,10800800.0,13.140000343322754,2.97,-0.011797465749219471,-0.011867608061753375,-0.006051431323006673,-0.009999999999999787,0.15717071289292672,0.11117655086850983,0.1077256070373473,0.1672833357565012,0.56,0.0,0.945743805117841,-0.006051431323006673,-0.25988485072824913,-0.009999999999999787,0.07000000000000028,0.08000000000000007,0.024137931034482918,0.02768166089965396
2018-09-13,113.37000274658205,114.12999725341795,112.66999816894533,113.5199966430664,91.34909057617188,12470800.0,12.369999885559082,2.97,0.0038910362290285327,0.003883485727406566,-0.05859972889231746,0.0,0.15461817643137543,0.1185042572298129,0.10493338013354027,0.16681391383762142,0.56,0.0,0.9562143031897306,-0.05859972889231746,-0.19369434946793582,0.0,0.0900000000000003,0.11000000000000032,0.03125,0.03846153846153855
2018-09-14,113.80999755859376,114.48999786376952,113.2300033569336,113.5,91.33300018310548,10337900.0,12.06999969482422,2.99,-0.00017614179807268204,-0.00017615731286109142,-0.02425223876397009,0.020000000000000018,-0.17103152965327006,0.11612788021222217,0.09882972830881273,0.16681630144957116,0.56,0.0,0.9602937181913511,-0.02425223876397009,-0.08512637275639844,0.020000000000000018,0.050000000000000266,0.1200000000000001,0.017006802721088565,0.04181184668989557
2018-09-17,113.79000091552734,114.43000030517578,113.3000030517578,113.83999633789062,91.60657501220705,9561300.0,13.68000030517578,2.99,0.0029953557701278832,0.0029908786302228767,0.13338862063451007,0.0,-0.07512163979144704,0.11349962250331612,0.09962011176793524,0.16684471137243348,0.56,0.0,0.938400863302165,0.13338862063451007,0.003616230447167531,0.0,0.050000000000000266,0.1200000000000001,0.017006802721088565,0.04181184668989557
2018-09-18,114.33000183105467,114.66000366210938,113.55999755859376,114.3000030517578,91.97675323486328,7944200.0,12.789999961853027,3.05,0.0040409569139214785,0.004032814176461128,-0.06505850317751993,0.05999999999999961,-0.1691297208538588,0.10675626992116663,0.1007765272481631,0.16287967404567175,0.56,0.0,0.9505031247810822,-0.06505850317751993,-0.0431182401599745,0.05999999999999961,0.06999999999999984,0.22999999999999998,0.02348993288590595,0.08156028368794321
2018-09-19,114.44000244140624,118.05999755859376,114.44000244140624,117.62000274658205,94.6483383178711,16052800.0,11.75,3.08,0.029046307779378777,0.02863245854036976,-0.08131352345229803,0.03000000000000025,1.0206943430427229,0.18618612185323027,0.14242261759965436,0.17066840827849278,0.56,0.0,0.9646450872767584,-0.08131352345229803,-0.2775503022749448,0.03000000000000025,0.10999999999999988,0.22999999999999998,0.03703703703703698,0.08070175438596494
2018-09-20,118.5,119.23999786376952,118.08000183105467,118.62999725341795,95.46109771728516,15590000.0,11.800000190734863,3.07,0.008587149165624641,0.008550489319774049,0.004255335381690539,-0.010000000000000231,-0.02882986145719124,0.18280373492237278,0.14400939629657572,0.17116640914792117,0.56,0.0,0.9639651826151378,0.004255335381690539,-0.29478823611600813,-0.010000000000000231,0.09999999999999964,0.25,0.03367003367003352,0.08865248226950362
2018-09-21,119.12999725341795,119.2300033569336,117.73999786376952,117.8499984741211,94.83342742919922,24788200.0,11.68000030517578,3.07,-0.006575142158377734,-0.006596853628578231,-0.010169481662661739,0.0,0.5900064143681847,0.20678896405392183,0.1463961385606908,0.16816097696330284,0.56,0.0,0.9655969460221654,-0.010169481662661739,-0.277975391008259,0.0,0.07999999999999963,0.25,0.026755852842809347,0.08865248226950362
2018-09-24,117.76000213623048,118.45999908447266,116.43000030517578,116.72000122070312,93.92411041259766,12492500.0,12.199999809265137,3.08,-0.009588570625905568,-0.009634836958765677,0.04452050432386789,0.010000000000000231,-0.4960303692886131,0.24084039516906477,0.15143243069875884,0.1673570584629433,0.56,0.0,0.9585259712583788,0.04452050432386789,-0.31744212953726314,0.010000000000000231,0.08999999999999986,0.26000000000000023,0.030100334448160515,0.09219858156028371
2018-09-25,117.04000091552734,117.97000122070312,116.31999969482422,116.38999938964844,93.6585693359375,9308300.0,12.420000076293944,3.1,-0.002827187561251998,-0.002831191604573597,0.01803280905477811,0.020000000000000018,-0.25488893336001606,0.24741139876670104,0.13840443100093547,0.16663463906709045,0.56,0.0,0.95553439852811,0.01803280905477811,-0.3731746659337351,0.020000000000000018,0.050000000000000266,0.25,0.016393442622950838,0.08771929824561409
2018-09-26,116.75,116.87000274658205,114.66000366210938,115.0199966430664,92.55615234375,14023600.0,12.890000343322754,3.06,-0.011770593977720512,-0.011840415856493928,0.03784221128354903,-0.040000000000000036,0.5065694057991255,0.1274271453261957,0.14366630551715534,0.16843162718753693,0.56,0.0,0.949143315457841,0.03784221128354903,-0.3867053920129355,-0.040000000000000036,-0.020000000000000018,0.18000000000000016,-0.006493506493506551,0.0625
2018-09-27,115.41999816894533,115.76000213623048,114.16000366210938,114.5199966430664,92.1537857055664,13283000.0,12.40999984741211,3.06,-0.004347270581097851,-0.004356747437462923,-0.03723820660402799,0.0,-0.05281097578367899,0.058803611286992276,0.14399544282032142,0.16571988364245027,0.56,0.0,0.9556703820540546,-0.03723820660402799,-0.37360615659489965,0.0,-0.009999999999999787,0.16999999999999993,-0.0032573289902279035,0.05882352941176472
2018-09-28,113.6500015258789,114.23999786376952,112.5199966430664,112.83999633789062,90.80189514160156,15815100.0,12.119999885559082,3.05,-0.01466994061735205,-0.014778608271049357,-0.023368248623588994,-0.010000000000000231,0.19062711736806448,0.0797651322890246,0.151998189813298,0.16883072977744856,0.56,0.0,0.9596138135297305,-0.023368248623588994,-0.310454653253281,-0.010000000000000231,-0.020000000000000018,0.18999999999999995,-0.006514657980456029,0.06643356643356646
2018-10-01,113.37000274658205,114.61000061035156,113.04000091552734,113.5,91.33300018310548,10146300.0,12.0,3.09,0.00584905238679978,0.005832013090095897,-0.009900980750178201,0.040000000000000036,-0.3584422482311209,0.12874324104315082,0.1529801125201483,0.16903303540446965,0.56,0.0,0.9612455769367583,-0.009900980750178201,-0.34135393370506256,0.040000000000000036,0.009999999999999787,0.22999999999999998,0.0032467532467532756,0.08041958041958042
2018-10-02,113.36000061035156,114.12000274658205,112.80999755859376,113.97000122070312,91.711181640625,13753100.0,12.050000190734863,3.05,0.004140687996248227,0.00413213893890133,0.004166682561238533,-0.040000000000000036,0.35547933729536885,0.14643604882225142,0.15261674660349459,0.1579705793537685,0.56,0.0,0.9605656722751377,0.004166682561238533,-0.3557110027678259,-0.040000000000000036,-0.050000000000000266,0.1499999999999999,-0.016129032258064613,0.051724137931034475
2018-10-03,114.94000244140624,115.66000366210938,114.4800033569336,115.04000091552734,92.57222747802734,17142000.0,11.609999656677246,3.15,0.009388668011893975,0.009344868401620007,-0.03651456656373575,0.10000000000000009,0.24640990031338394,0.1538673050589699,0.15554760426109449,0.15815898518626184,0.56,0.0,0.9665488177356754,-0.03651456656373575,-0.3593475811043021,0.10000000000000009,0.08999999999999986,0.25,0.02941176470588225,0.0862068965517242
2018-10-04,114.5500030517578,116.80999755859376,114.20999908447266,115.2699966430664,93.40685272216795,16357400.0,14.220000267028809,3.19,0.009015935630788618,0.008975534736140225,0.22480626076939414,0.040000000000000036,-0.0457706218644266,0.15892334459141164,0.15758936744957341,0.15877376200318324,0.8,0.4285714285714286,0.931057921486489,0.22480626076939414,-0.08808110353255104,0.040000000000000036,0.1299999999999999,0.31000000000000005,0.042483660130719025,0.10763888888888884
2018-10-05,115.83000183105467,116.0999984741211,114.0199966430664,114.62000274658205,92.88015747070312,13777600.0,14.81999969482422,3.23,-0.00563872174380442,-0.005654679350531715,0.04219405179524505,0.040000000000000036,-0.15771455121229538,0.09673258753158133,0.15919771993778664,0.15931975482206737,0.8,0.0,0.9228991044513505,0.04219405179524505,-0.10654977026188876,0.040000000000000036,0.18000000000000016,0.29000000000000004,0.059016393442623105,0.09863945578231292
2018-10-08,114.25,115.77999877929688,113.3499984741211,115.31999969482422,93.44737243652344,14370900.0,15.6899995803833,3.23,0.006106955255746893,0.006088383377895455,0.05870444692808752,0.0,0.04306265242132157,0.09696749229141342,0.15881891459912864,0.15913935948541413,0.8,0.0,0.9110688100243227,0.05870444692808752,-0.1097910059023455,0.0,0.14000000000000012,0.29000000000000004,0.04530744336569592,0.09863945578231292
2018-10-09,114.66999816894533,115.02999877929688,113.66999816894533,114.5199966430664,92.79910278320312,14069500.0,15.949999809265137,3.21,-0.006937269999332196,-0.006961444726133664,0.016571079403144617,-0.020000000000000018,-0.020972938368508554,0.1273870986974972,0.15997282543823702,0.13960623124889845,0.8,0.0,0.907533316158378,0.016571079403144617,-0.08496470878626743,-0.020000000000000018,0.16000000000000014,0.22999999999999998,0.05245901639344264,0.07718120805369133
2018-10-10,114.6999969482422,114.9499969482422,111.47000122070312,111.47000122070312,90.32760620117188,23086400.0,22.959999084472656,3.22,-0.026632763765024214,-0.026993841246267775,0.439498392415999,0.010000000000000231,0.6408827605813996,0.2253721059029747,0.18273421239908427,0.1506912547583123,0.8,0.0,0.8122110560805346,0.439498392415999,-0.48713415949834515,0.010000000000000231,0.07000000000000028,0.25,0.022222222222222365,0.08417508417508412
2018-10-11,110.97000122070312,111.47000122070312,107.37999725341795,108.12999725341795,87.62110900878906,33705600.0,24.979999542236328,3.14,-0.02996312319353478,-0.030421190881095975,0.0879791175222544,-0.08000000000000007,0.45997643634347485,0.24514247050614194,0.2105962444424648,0.16207895265647548,0.8,0.0,0.7847430063086448,0.0879791175222544,-0.46250448233226493,-0.08000000000000007,-0.04999999999999982,0.16999999999999993,-0.01567398119122254,0.05723905723905731
2018-10-12,110.37000274658205,110.83000183105467,105.5999984741211,106.9499969482422,86.66490173339844,32075700.0,21.309999465942383,3.15,-0.0109129784615567,-0.010972961808180828,-0.14691753977371724,0.009999999999999787,-0.0483569495870122,0.23820141796924857,0.21277538026786838,0.16080614121938144,0.8,0.0,0.8346478191372938,-0.14691753977371724,-0.37787322559724473,0.009999999999999787,-0.08000000000000007,0.1599999999999997,-0.024767801857585203,0.05351170568561869
2018-10-15,107.1999969482422,108.8499984741211,106.31999969482422,106.33999633789062,86.17060852050781,18903200.0,21.299999237060547,3.16,-0.0057034993752278496,-0.005719826438315507,-0.0004692740090311842,0.010000000000000231,-0.41066913582556264,0.1846593537094246,0.2119721888254758,0.1588938011598368,0.8,0.0,0.8347838026632385,-0.0004692740090311842,-0.4013824424775978,0.010000000000000231,-0.06999999999999984,0.16999999999999993,-0.021671826625386914,0.05685618729096986
2018-10-16,107.16000366210938,108.77999877929688,106.7300033569336,108.62000274658205,88.0181655883789,19302800.0,17.6200008392334,3.16,0.021440687255114277,0.021214069228617814,-0.1727698840206624,0.0,0.021139278005840367,0.32704236929120284,0.22777986298123645,0.16041582592112302,0.8,0.0,0.8848245730816265,-0.1727698840206624,-0.47324391404117927,0.0,-0.04999999999999982,0.11000000000000032,-0.015576323987538832,0.03606557377049202
2018-10-17,108.37999725341795,110.8000030517578,108.2300033569336,109.83000183105467,88.99866485595703,18794500.0,17.399999618530273,3.19,0.011139737587391618,0.011078147685428794,-0.012485880262460669,0.029999999999999805,-0.026332967237913674,0.3182231423157103,0.2034930082915838,0.1614481508219499,0.8,0.0,0.8878161587799982,-0.012485880262460669,-0.4473111264293112,0.029999999999999805,-0.03000000000000025,0.10999999999999988,-0.009316770186335477,0.03571428571428559
2018-10-18,109.0199966430664,109.83999633789062,107.80999755859376,108.08999633789062,87.58868408203125,17582500.0,20.059999465942383,3.17,-0.01584271827232253,-0.0159695555486564,0.1528735578005025,-0.020000000000000018,-0.06448695096969859,0.24858735511231367,0.20352366548784878,0.16325915916118808,0.8,0.0,0.8516453708372941,0.1528735578005025,-0.4748696260637246,-0.020000000000000018,0.029999999999999805,0.10000000000000009,0.009554140127388422,0.032573289902280145
2018-10-19,107.6500015258789,109.22000122070312,107.2699966430664,107.91000366210938,87.44283294677734,15234500.0,19.88999938964844,3.2,-0.001665182400928722,-0.001666570358158204,-0.008474580300092516,0.03000000000000025,-0.13354187402246553,0.23104244612105546,0.2035392094136524,0.16321714039661447,0.8,0.0,0.8539570389059423,-0.008474580300092516,-0.4817921107426332,0.03000000000000025,0.050000000000000266,0.13000000000000034,0.01587301587301604,0.04234527687296419
2018-10-22,108.1500015258789,108.33999633789062,106.11000061035156,106.36000061035156,86.18680572509766,16199100.0,19.63999938964844,3.2,-0.014363981350469013,-0.014468141974596291,-0.0125691306018898,0.0,0.06331681381075849,0.2559547577610968,0.20600415190063515,0.16385863455270025,0.8,0.0,0.8573565492459423,-0.0125691306018898,-0.4579322903233271,0.0,0.040000000000000036,0.1200000000000001,0.012658227848101333,0.038961038961039085
2018-10-23,104.1999969482422,106.16000366210938,103.6999969482422,105.25,85.28736114501953,21407500.0,20.709999084472656,3.17,-0.010435989273659851,-0.01049082606078655,0.05448063788577184,-0.03000000000000025,0.321524035285911,0.17770419675163648,0.2070720210816729,0.16418807948122605,0.8,0.0,0.842806649140535,0.05448063788577184,-0.4588360288389001,-0.03000000000000025,0.009999999999999787,0.06999999999999984,0.0031645569620253333,0.022580645161290214
2018-10-24,104.76000213623048,105.02999877929688,102.91000366210938,103.29000091552734,83.69910430908203,23168900.0,25.229999542236328,3.1,-0.018622417373623357,-0.018797997826495803,0.21825208390050332,-0.06999999999999984,0.08227957491533333,0.10551805311944859,0.21168374454151032,0.16556106375763238,0.8,0.0,0.7813434959686447,0.21825208390050332,-0.5005762630551087,-0.06999999999999984,-0.08999999999999986,0.040000000000000036,-0.028213166144200552,0.013071895424836555
2018-10-25,104.18000030517578,105.9000015258789,103.72000122070312,104.86000061035156,84.97132110595703,17464700.0,24.21999931335449,3.14,0.015199885439358907,0.015085524572643338,-0.04003171808192252,0.040000000000000036,-0.24620072597317955,0.2128339979009565,0.22342721593004716,0.16835061065055373,0.8,0.0,0.7950775208545897,-0.04003171808192252,-0.5179024291415752,0.040000000000000036,-0.029999999999999805,0.08000000000000007,-0.009463722397476282,0.026143790849673332
2018-10-26,104.0,104.55999755859376,102.7300033569336,103.41999816894533,83.80445098876953,19174900.0,24.15999984741211,3.08,-0.013732517065757288,-0.013827680303130481,-0.0024772695145905965,-0.06000000000000005,0.09792323944871661,0.21449568017149348,0.2228467463506086,0.169779286573791,0.8,0.0,0.7958933960740521,-0.0024772695145905965,-0.5283585567345561,-0.06000000000000005,-0.1200000000000001,0.03000000000000025,-0.03749999999999998,0.009836065573770592
2018-10-29,104.45999908447266,106.62999725341795,103.6999969482422,104.8499984741211,84.96324157714844,18445200.0,24.700000762939453,3.08,0.01382731555074801,0.013732590420447348,0.022351031412989997,0.0,-0.03805495726183705,0.2547221970175249,0.22914997943861046,0.1715774318489188,0.8,0.0,0.7885504412902733,0.022351031412989997,-0.5116452277483391,0.0,-0.1200000000000001,-0.009999999999999787,-0.03749999999999998,-0.003236245954692518
2018-10-30,105.70999908447266,106.9800033569336,104.86000061035156,106.6999969482422,86.46234130859375,18019700.0,23.350000381469727,3.12,0.017644097654679225,0.01749024762418231,-0.05465588420123868,0.040000000000000036,-0.023068332140611103,0.27827882648441776,0.23979795990478558,0.1760050315302987,0.8,0.0,0.8069078023135147,-0.05465588420123868,-0.5277436086004574,0.040000000000000036,-0.04999999999999982,0.07000000000000028,-0.01577287066246047,0.022950819672131306
2018-10-31,108.08000183105467,110.4800033569336,107.79000091552734,109.0199966430664,88.34230041503906,20860000.0,21.229999542236328,3.15,0.02174309737618052,0.021510087751816,-0.09079232567875262,0.029999999999999805,0.15762193599227503,0.22350859197686063,0.25166298837207773,0.18191473055253937,0.8,0.0,0.8357356614086456,-0.09079232567875262,-0.5488162226860753,0.029999999999999805,0.04999999999999982,0.0,0.016129032258064502,0.0
2018-11-01,109.62000274658205,110.22000122070312,108.31999969482422,108.9800033569336,88.30989074707031,13065000.0,19.34000015258789,3.14,-0.0003668646595853531,-0.00036693197088784156,-0.08902493784271404,-0.009999999999999787,-0.3736816874400767,0.2316095235520509,0.24825420318031946,0.1818019338651924,0.8,0.0,0.8614359512794603,-0.08902493784271404,-0.6369121773317085,-0.009999999999999787,0.0,-0.04999999999999982,0.0,-0.01567398119122254
2018-11-02,109.9000015258789,110.80999755859376,107.48999786376952,108.37999725341795,87.82369232177734,19009200.0,19.51000022888184,3.22,-0.0055055942338949615,-0.005520805876274351,0.008790076264358238,0.08000000000000007,0.45497129735935715,0.18595823737935685,0.24823427997785497,0.18151411173333515,0.8,0.0,0.8591242832108119,0.008790076264358238,-0.634729142846964,0.08000000000000007,0.14000000000000012,-0.009999999999999787,0.045454545454545414,-0.003095975232198067
2018-11-05,108.61000061035156,109.29000091552734,108.41999816894533,109.08999633789062,88.39900970458984,10276400.0,19.959999084472656,3.2,0.006550822080044094,0.006529458692826397,0.02306503589501019,-0.020000000000000018,-0.45939860699029944,0.18230506973325783,0.24844856934435566,0.18125361350792582,0.8,0.0,0.8530051801605352,0.02306503589501019,-0.6433661098700852,-0.020000000000000018,0.1200000000000001,-0.029999999999999805,0.038961038961039085,-0.009287925696594312
2018-11-06,108.66999816894533,109.66999816894533,107.76000213623048,109.5999984741211,88.8122787475586,10825000.0,19.90999984741211,3.22,0.0046750415457119665,0.00466414747926545,-0.002504971911518883,0.020000000000000018,0.05338445369973921,0.1614732463650114,0.2492773242367217,0.17880636977878528,0.8,0.0,0.853685071854053,-0.002504971911518883,-0.6450738894657516,0.020000000000000018,0.10000000000000009,0.010000000000000231,0.03205128205128216,0.0031152647975078995
2018-11-07,110.37000274658205,111.7300033569336,109.3499984741211,111.4800033569336,90.33572387695312,12679600.0,16.360000610351562,3.22,0.017153541727318977,0.017008080820594768,-0.17830232366988052,0.0,0.17132563510392607,0.1339244054790677,0.23997956483153116,0.1818159168321165,0.8,0.0,0.9019581083075715,-0.17830232366988052,-0.6315825534153288,0.0,0.07000000000000028,0.0,0.022222222222222365,0.0
2018-11-08,111.01000213623048,112.93000030517578,111.0,112.37999725341795,91.06501770019533,11662500.0,16.719999313354492,3.24,0.008073149712461314,0.008040736175350635,0.02200480987605502,0.020000000000000018,-0.0802154642102274,0.12799227380780162,0.21257403210098497,0.18184464180786866,0.8,0.0,0.8970628310545913,0.02200480987605502,-0.5898166041265048,0.020000000000000018,0.10000000000000009,0.10000000000000009,0.031847133757961776,0.031847133757961776
2018-11-09,112.2300033569336,112.36000061035156,110.83000183105467,111.29000091552734,90.1817626953125,10432200.0,17.360000610351562,3.19,-0.009699169090272242,-0.009746512406733842,0.03827759110527551,-0.050000000000000266,-0.105491961414791,0.15327414863912547,0.2116293357581903,0.18182321270193974,0.8,0.0,0.8883600669475713,0.03827759110527551,-0.7224653389239873,-0.050000000000000266,-0.03000000000000025,0.040000000000000036,-0.009316770186335477,0.012698412698412653
2018-11-12,111.41999816894533,111.94000244140624,108.5999984741211,108.9499969482422,88.28556060791016,13279700.0,20.450000762939453,3.19,-0.021026447373942325,-0.021250651498799764,0.177995394236643,0.0,0.27295297252736717,0.2410021890194107,0.22583620157418552,0.1867734332372041,0.8,0.0,0.8463421170702742,0.177995394236643,-0.7680194132743746,0.0,-0.010000000000000231,0.029999999999999805,-0.0031250000000000444,0.009493670886075778
2018-11-13,109.0999984741211,111.12000274658205,109.0999984741211,109.58999633789062,88.8041763305664,13746100.0,20.020000457763672,3.14,0.005874298346017159,0.005857111928074299,-0.021026909004084215,-0.04999999999999982,0.03512127533001497,0.2426797756758661,0.2140690622927305,0.18725877953209344,0.8,0.0,0.8521892790048672,-0.021026909004084215,-0.7361900802206496,-0.04999999999999982,-0.08000000000000007,-0.020000000000000018,-0.024844720496894457,-0.006329113924050667
2018-11-14,110.2300033569336,110.70999908447266,105.9800033569336,107.33000183105467,86.97283172607422,18361400.0,21.25,3.12,-0.020622280169292462,-0.020837888767136103,0.061438537168431395,-0.020000000000000018,0.3357534136955209,0.22336216714362406,0.22284021031639906,0.19122044167448343,0.8,0.0,0.8354636943567563,0.061438537168431395,-0.733023909827004,-0.020000000000000018,-0.10000000000000009,-0.06999999999999984,-0.03105590062111807,-0.021943573667711602
2018-11-15,108.23999786376952,110.08000183105467,106.80999755859376,110.06999969482422,89.1931381225586,19100000.0,19.979999542236328,3.11,0.025528735266173053,0.025208318875094837,-0.059764727424172825,-0.010000000000000231,0.040225690851460216,0.3139273701157409,0.234172103835272,0.19860480044203474,0.8,0.0,0.8527332131086459,-0.059764727424172825,-0.7122960413577724,-0.010000000000000231,-0.13000000000000034,-0.06000000000000005,-0.040123456790123524,-0.018927444794952675
2018-11-16,109.4499969482422,110.76000213623048,108.5500030517578,109.98999786376952,89.12834167480469,13798600.0,18.13999938964844,3.08,-0.000726473461051147,-0.0007267374707677316,-0.09209210183905436,-0.029999999999999805,-0.27756020942408377,0.31031407264646366,0.2340588139685533,0.19858105133347567,0.8,0.0,0.8777536112859426,-0.09209210183905436,-0.6869992726151902,-0.029999999999999805,-0.10999999999999988,-0.1200000000000001,-0.03448275862068961,-0.03749999999999998
2018-11-19,109.95999908447266,111.1999969482422,109.52999877929688,110.83000183105467,89.80901336669922,13987000.0,20.100000381469727,3.06,0.007636983692325794,0.0076079695590454115,0.1080485698880318,-0.020000000000000018,0.013653559056715947,0.26370921804219566,0.22779962336653412,0.19929015269352035,0.8,0.0,0.8511014367335155,0.1080485698880318,-0.6662341973594409,-0.020000000000000018,-0.1299999999999999,-0.14000000000000012,-0.040752351097178674,-0.04375000000000007
2018-11-20,109.77999877929688,110.48999786376952,107.9800033569336,108.4499969482422,87.88038635253906,18936200.0,22.479999542236328,3.06,-0.021474760069853827,-0.02170869796652128,0.1184079161988838,0.0,0.35384285407878746,0.31524829663334575,0.23919139301442624,0.2003818191839169,0.8,0.0,0.8187381097086454,0.1184079161988838,-0.6897947403340908,0.0,-0.08000000000000007,-0.10999999999999988,-0.02547770700636942,-0.034700315457413256
2018-11-21,109.02999877929688,109.61000061035156,107.63999938964844,107.63999938964844,87.22404479980469,10619600.0,20.799999237060547,3.06,-0.0074685783708483555,-0.0074966078497363305,-0.07473311118264614,0.0,-0.4391905450935246,0.2771990467383479,0.2296465466848614,0.20066251907618768,0.8,0.0,0.8415828233432386,-0.07473311118264614,-0.5980267136516296,0.0,-0.06000000000000005,-0.040000000000000036,-0.019230769230769273,-0.012903225806451646
2018-11-23,106.73999786376952,107.38999938964844,106.05999755859376,106.6500015258789,86.42180633544922,6488400.0,21.520000457763672,3.05,-0.009197446256898001,-0.009240003914559805,0.03461544457272181,-0.010000000000000231,-0.3890165354627293,0.1724404755659844,0.2275743495493476,0.20130353629179967,0.8,0.0,0.8317922169648668,0.03461544457272181,-0.5999127889772341,-0.010000000000000231,-0.06000000000000005,-0.0900000000000003,-0.019292604501607746,-0.02866242038216571
2018-11-26,107.72000122070312,109.9800033569336,107.4499969482422,109.26000213623048,88.53678131103516,13948300.0,18.899999618530277,3.07,0.024472700412863313,0.02417804159982796,-0.12174724830399286,0.020000000000000018,1.1497287466863941,0.28022373717566007,0.23493904154736367,0.20776518657185158,0.8,0.0,0.8674190967399978,-0.12174724830399286,-0.6571273981789288,0.020000000000000018,-0.010000000000000231,-0.010000000000000231,-0.0032467532467532756,-0.0032467532467532756
2018-11-27,108.76000213623048,110.02999877929688,108.62999725341795,109.72000122070312,88.90953063964844,9238200.0,19.020000457763672,3.06,0.00421010706616709,0.004201269361850527,0.006349250881240387,-0.009999999999999787,-0.3376827283611623,0.27435906280662464,0.23143771553536233,0.2077908250927959,0.8,0.0,0.8657873203648674,0.006349250881240387,-0.6820809128800458,-0.009999999999999787,0.0,-0.020000000000000018,0.0,-0.006493506493506551
2018-11-28,109.8000030517578,111.4000015258789,108.87000274658205,110.94000244140624,89.89813995361328,13977300.0,18.489999771118164,3.06,0.011119272667985403,0.011057908023443724,-0.027865440267598407,0.0,0.5129895434175489,0.2192491632659421,0.22690917207143185,0.20886125971300762,0.8,0.0,0.8729942916227016,-0.027865440267598407,-0.6773676867001247,0.0,0.0,-0.06000000000000005,0.0,-0.019230769230769273
2018-11-29,110.2699966430664,110.8000030517578,109.63999938964844,110.05999755859376,89.18505096435547,11144300.0,18.790000915527344,3.03,-0.007932188470481827,-0.00796381563690128,0.01622504857343432,-0.03000000000000025,-0.20268578337733323,0.22088408141557683,0.2171164393548148,0.20923291793319793,0.8,0.0,0.8689148636529781,0.01622504857343432,-0.6558126300469472,-0.03000000000000025,-0.03000000000000025,-0.1200000000000001,-0.009803921568627527,-0.03809523809523818
2018-11-30,109.8499984741211,111.31999969482422,109.58000183105467,111.19000244140624,90.10072326660156,18652700.0,18.06999969482422,3.01,0.01026710521937213,0.010214756502864023,-0.03831831748917813,-0.020000000000000018,0.6737435280816202,0.1852441421793717,0.21980480260195467,0.2102368398189071,0.8,0.0,0.8787054700313498,-0.03831831748917813,-0.6838848550347342,-0.020000000000000018,-0.040000000000000036,-0.13000000000000034,-0.013114754098360715,-0.04140127388535042
2018-12-03,112.37999725341795,112.88999938964844,111.73999786376952,112.23999786376952,90.95154571533205,16034500.0,16.440000534057617,2.98,0.009443014638328195,0.009398708082178225,-0.09020471434946853,-0.029999999999999805,-0.14036573793606288,0.1258024277756964,0.22031030682477348,0.2111328058015989,0.8,0.0,0.9008702660362198,-0.09020471434946853,-0.6911866419900179,-0.029999999999999805,-0.08999999999999986,-0.2400000000000002,-0.02931596091205202,-0.07453416149068326
2018-12-04,111.5999984741211,111.5999984741211,106.7300033569336,107.2300033569336,86.89180755615234,23555900.0,20.739999771118164,2.91,-0.04463627448274732,-0.04566314659587657,0.26155712271131226,-0.06999999999999984,0.46907605475693037,0.3854358453222445,0.27612049969398483,0.2306072635266913,0.8,0.0,0.842398698562701,0.26155712271131226,-0.8038265617623035,-0.06999999999999984,-0.1499999999999999,-0.29000000000000004,-0.04901960784313719,-0.09062499999999996
2018-12-06,105.01000213623048,105.36000061035156,102.87999725341795,105.19000244140624,85.23872375488281,27213900.0,21.190000534057617,2.87,-0.019024622087660648,-0.019207918699812004,0.021697240496892922,-0.040000000000000036,0.15529018207752632,0.3674925076149955,0.282710022531155,0.23313338067726397,0.8,0.0,0.8362795695762187,0.021697240496892922,-0.7900654685029908,-0.040000000000000036,-0.18999999999999995,-0.3500000000000001,-0.06209150326797386,-0.10869565217391308
2018-12-07,105.16000366210938,106.9800033569336,102.91000366210938,103.29000091552734,83.69910430908203,19248600.0,23.229999542236328,2.85,-0.01806244131749546,-0.01822755851236785,0.09627177710070955,-0.020000000000000018,-0.29269233737171074,0.3699914003858911,0.27884083862349773,0.23472515097779814,0.8,0.0,0.8085395786886451,0.09627177710070955,-0.786454822751113,-0.020000000000000018,-0.17999999999999972,-0.3700000000000001,-0.05940594059405935,-0.1149068322981367
2018-12-10,102.87000274658205,103.48999786376952,99.27999877929688,101.36000061035156,82.13516998291016,23636400.0,22.63999938964844,2.85,-0.018685197877346682,-0.01886197168631466,-0.025398199062172222,0.0,0.22795424082790428,0.30913337705954474,0.2800192151529621,0.23715728958460539,0.8,0.0,0.8165624251659417,-0.025398199062172222,-0.7582984117123696,0.0,-0.1599999999999997,-0.3900000000000001,-0.0531561461794019,-0.12037037037037035
2018-12-11,103.12999725341795,103.66000366210938,100.20999908447266,100.37000274658205,81.33293151855469,16860700.0,21.76000022888184,2.89,-0.00976729535620846,-0.009815308278896692,-0.03886922192979203,0.040000000000000036,-0.28666378974801576,0.2158662700073319,0.28003426530087333,0.23770235413648355,0.8,0.0,0.8285286901508114,-0.03886922192979203,-0.741219038750582,0.040000000000000036,-0.08999999999999986,-0.2999999999999998,-0.030201342281879096,-0.09404388714733536
2018-12-12,101.66000366210938,102.9000015258789,100.05999755859376,101.0199966430664,81.8596420288086,22621500.0,21.459999084472656,2.91,0.006475980890148447,0.006455101819068231,-0.01378681715319996,0.020000000000000018,0.34167027466238054,0.17446861486342283,0.27616722018259393,0.23811449810902302,0.8,0.0,0.8326081181205349,-0.01378681715319996,-0.7302614392927246,0.020000000000000018,0.0,-0.2799999999999998,0.0,-0.0877742946708463
2018-12-13,101.5500030517578,101.97000122070312,100.66999816894533,101.12000274658205,81.9406967163086,17250900.0,20.649999618530277,2.91,0.0009901666497817985,0.0009896767581408688,-0.03774461791699013,0.0,-0.23741131224719847,0.18022752449098928,0.27444989618279597,0.23787356546942703,0.8,0.0,0.8436225243599975,-0.03774461791699013,-0.730316804033257,0.0,0.040000000000000036,-0.22999999999999998,0.013937282229965264,-0.07324840764331209
2018-12-14,99.98999786376952,101.94000244140624,99.86000061035156,100.29000091552734,81.26810455322266,19879500.0,21.6299991607666,2.89,-0.00820827976865457,-0.008242153186042298,0.04745760582760128,-0.020000000000000018,0.15237465871345846,0.1565358667937239,0.2677745952311375,0.2294973201566589,0.8,0.0,0.8302964500518867,0.04745760582760128,-0.7251115737267021,-0.020000000000000018,0.040000000000000036,-0.22999999999999998,0.01403508771929829,-0.07371794871794868
2018-12-17,99.7699966430664,100.55999755859376,98.44000244140624,99.01000213623048,80.23087310791016,25113500.0,24.520000457763672,2.86,-0.012763081543672672,-0.012845229390553591,0.13361079099064765,-0.03000000000000025,0.2632862999572423,0.12844290671510838,0.24714184571938524,0.2292697682240985,0.8,0.0,0.7909980928848662,0.13361079099064765,-0.7251206338720151,-0.03000000000000025,0.009999999999999787,-0.25,0.0035087719298245723,-0.08038585209003213
2018-12-18,99.41999816894533,100.88999938964844,98.12000274658205,98.54000091552734,79.85003662109375,20837200.0,25.57999992370605,2.82,-0.004746757352424469,-0.004758058983355213,0.04322999372566305,-0.040000000000000036,-0.17027893364126867,0.12050598452104994,0.246567175755483,0.229173970885095,0.8,0.0,0.7765841763054036,0.04322999372566305,-0.7337729965781671,-0.040000000000000036,-0.07000000000000028,-0.26000000000000023,-0.02422145328719738,-0.0844155844155845
2018-12-19,98.41000366210938,100.58000183105467,96.5999984741211,97.29000091552734,78.83712005615234,28767900.0,25.57999992370605,2.77,-0.012685236072563444,-0.012766380635320625,0.0,-0.04999999999999982,0.3806029600906071,0.09271545073962416,0.24278281518932782,0.2296583619686644,0.8,0.0,0.7765841763054036,0.0,-0.8079325602390262,-0.04999999999999982,-0.14000000000000012,-0.29000000000000004,-0.04810996563573888,-0.09477124183006536
2018-12-20,96.61000061035156,98.27999877929688,95.69000244140624,96.4499969482422,78.15643310546875,31825200.0,28.3799991607666,2.79,-0.008634092039368935,-0.008671581761163888,0.10946048652899631,0.020000000000000018,0.10627470201161704,0.054185859771588234,0.23628523050791028,0.2299605959261923,0.8,0.0,0.7385096708718852,0.10946048652899631,-0.7800037476647421,0.020000000000000018,-0.1200000000000001,-0.27,-0.04123711340206193,-0.08823529411764708
2018-12-21,96.68000030517578,98.43000030517578,93.69000244140624,94.16999816894533,76.30887603759766,41313900.0,30.11000061035156,2.79,-0.02363921937657898,-0.0239231085955205,0.06095847430385293,0.0,0.2981505222276686,0.11370760030011429,0.244831153070485,0.23325067849587455,0.8,0.0,0.7149850396075685,0.06095847430385293,-0.8066842379352591,0.0,-0.10000000000000009,-0.27,-0.03460207612456745,-0.08823529411764708
2018-12-24,92.88999938964844,94.22000122070312,92.13999938964844,92.13999938964844,74.66390228271484,17009300.0,36.06999969482422,2.74,-0.021556781337892184,-0.021792522790295275,0.19794084900893893,-0.04999999999999982,-0.5882911078353774,0.13133407958020257,0.25055642136030276,0.23633122325734704,0.8,0.0,0.6339407255513461,0.19794084900893893,-0.8050386926577897,-0.04999999999999982,-0.11999999999999966,-0.3099999999999996,-0.04195804195804187,-0.10163934426229493
2018-12-26,92.69000244140624,95.95999908447266,91.11000061035156,95.95999908447266,77.7593765258789,22542900.0,30.40999984741211,2.81,0.04145877925644781,0.04062240268932066,-0.15691710272524007,0.06999999999999984,0.3253279088498644,0.4196101760391945,0.2827049069913613,0.25181215962366055,0.8,0.0,0.7109056375740508,-0.15691710272524007,-0.8150678119163575,0.06999999999999984,-0.009999999999999787,-0.2599999999999998,-0.0035460992907800915,-0.08469055374592827
2018-12-27,94.81999969482422,97.1500015258789,93.5500030517578,97.04000091552734,78.63453674316406,20304700.0,29.959999084472656,2.77,0.011254722663496253,0.01119185950425396,-0.014797789056146593,-0.040000000000000036,-0.09928624977265565,0.42717905490876323,0.28726351495198943,0.252814894980243,0.8,0.0,0.7170247665605332,-0.014797789056146593,-0.8146327782765759,-0.040000000000000036,0.0,-0.29000000000000004,0.0,-0.09477124183006536
2018-12-28,97.9499969482422,98.31999969482422,96.44000244140624,96.83000183105467,78.46436309814453,17963300.0,28.34000015258789,2.72,-0.0021641081904678616,-0.002166453256526524,-0.05407206212914606,-0.04999999999999982,-0.11531320334700834,0.42181614407114576,0.2805188049819377,0.2524389448600257,0.8,0.0,0.7390535790394583,-0.05407206212914606,-0.8073316199465835,-0.04999999999999982,-0.06999999999999984,-0.33999999999999986,-0.02508960573476693,-0.11111111111111105
2018-12-31,97.58999633789062,98.80999755859376,96.7699966430664,97.62000274658205,79.10453033447266,13237200.0,25.420000076293945,2.69,0.0081587004730721,0.008125598202159958,-0.10303458223613671,-0.03000000000000025,-0.26309753775753897,0.36043745908171865,0.28540592493448624,0.25220478468815255,0.8,0.0,0.7787598608481072,-0.10303458223613671,-0.8138149371921405,-0.03000000000000025,-0.10000000000000009,-0.33999999999999986,-0.03584229390681004,-0.11221122112211213
2019-01-02,95.9499969482422,99.77999877929688,95.94000244140624,99.30999755859376,80.47400665283203,15670900.0,23.21999931335449,2.66,0.01731223625965428,0.017164086917501625,-0.08654605650419023,-0.029999999999999805,0.18385308071193296,0.25320169252725744,0.29163940729398724,0.254361945687305,0.8,0.0,0.8086755622145899,-0.08654605650419023,-0.8224929699173481,-0.029999999999999805,-0.08000000000000007,-0.34999999999999964,-0.02919708029197088,-0.11627906976744173
2019-01-03,98.63999938964844,98.88999938964844,96.69000244140624,97.11000061035156,79.33031463623047,16286400.0,25.450000762939453,2.56,-0.01421194326182229,-0.014313900083319555,0.09603796363173989,-0.10000000000000009,0.039276620998155876,0.1969112038342395,0.2875287815778805,0.25543976210890856,0.8,0.0,0.7783519102702732,0.09603796363173989,-0.8163900392588564,-0.10000000000000009,-0.25,-0.41999999999999993,-0.08896797153024916,-0.14093959731543626
2019-01-04,99.11000061035156,100.93000030517578,98.27999877929688,100.69000244140624,82.2548599243164,16935200.0,21.3799991607666,2.67,0.036865418995203125,0.036202141650034034,-0.15992147269793522,0.10999999999999988,0.03983691914726406,0.3048981183415572,0.28774845379519476,0.2670214659509974,0.8,0.0,0.8336959603918868,-0.15992147269793522,-0.7987463690716926,0.10999999999999988,-0.10000000000000009,-0.2400000000000002,-0.036101083032491044,-0.08247422680412375
2019-01-07,100.43000030517578,101.47000122070312,99.70999908447266,100.76000213623048,82.3120346069336,15430700.0,21.399999618530277,2.7,0.0006950918483088486,0.0006948503838568918,0.0009354751425985075,0.03000000000000025,-0.08883863196183095,0.2989128397130335,0.2812422203256027,0.26689029132482156,0.8,0.0,0.8334239933399973,0.0009354751425985075,-0.8092566674089027,0.03000000000000025,-0.020000000000000018,-0.16999999999999993,-0.007352941176470562,-0.059233449477351874
2019-01-08,101.62999725341795,101.81999969482422,99.5500030517578,100.56999969482422,82.15682983398438,13578800.0,20.46999931335449,2.73,-0.0018855659891092724,-0.0018873459064452332,-0.04345795896045257,0.029999999999999805,-0.12001399806878499,0.3102095922536521,0.2744411777851038,0.2617578017412963,0.8,0.0,0.8460701759545906,-0.04345795896045257,-0.7933484143291516,0.029999999999999805,0.040000000000000036,-0.1200000000000001,0.014869888475836479,-0.04210526315789476
2019-01-09,100.80999755859376,101.48999786376952,99.93000030517578,100.4000015258789,82.01795959472656,14230300.0,19.979999542236328,2.74,-0.0016903066919503607,-0.001691736872162793,-0.02393745908914069,0.010000000000000231,0.04797920287507007,0.3022582155105424,0.2662053044609742,0.254765900372707,0.8,0.0,0.8527332131086459,-0.02393745908914069,-0.8308333179508861,0.010000000000000231,0.08000000000000007,-0.10999999999999988,0.03007518796992481,-0.038596491228070184
2019-01-10,100.0199966430664,100.7300033569336,99.2699966430664,100.38999938964844,82.0097885131836,14376100.0,19.5,2.74,-9.96255159643189e-05,-9.963047891566161e-05,-0.024024001663345507,0.0,0.0102457432380203,0.2628682667849481,0.26371087041204433,0.2539395913980457,0.8,0.0,0.8592602667367566,-0.024024001663345507,-0.8533495005418424,0.0,0.18000000000000016,-0.1499999999999999,0.0703125,-0.05190311418685123
2019-01-11,99.88999938964844,100.16999816894533,98.9499969482422,99.91000366210938,81.6176528930664,15439900.0,18.190000534057617,2.71,-0.004781570922526512,-0.0047930392049781835,-0.06717945979191708,-0.03000000000000025,0.07399781581931131,0.03348164323258293,0.2633157861782527,0.25387186714596643,0.8,0.0,0.8770736936562193,-0.06717945979191708,-0.8307461439046246,-0.03000000000000025,0.040000000000000036,-0.20000000000000018,0.014981273408239737,-0.06872852233676985
2019-01-14,98.87000274658205,101.36000061035156,98.66000366210938,100.94000244140624,82.45909118652344,21258500.0,19.06999969482422,2.71,0.010309513489189293,0.01025673290646162,0.048378182239134926,0.0,0.3768547723754687,0.09187025581308605,0.26588896429569603,0.2507684881179592,0.8,0.0,0.8651074286713496,0.048378182239134926,-0.8020896918257074,0.0,0.009999999999999787,-0.20000000000000018,0.0037037037037035425,-0.06872852233676985
2019-01-15,98.88999938964844,102.47000122070312,98.5999984741211,101.68000030517578,83.0635986328125,26504900.0,18.600000381469727,2.72,0.007330998166371394,0.00730425701268109,-0.024646005289767015,0.010000000000000231,0.24679069548651134,0.1004935305638785,0.2649778026571274,0.2501049000819573,0.8,0.0,0.8714984987735157,-0.024646005289767015,-0.7997340722410535,0.010000000000000231,-0.009999999999999787,-0.16999999999999993,-0.003663003663003539,-0.05882352941176472
2019-01-16,102.25,103.4499969482422,101.8000030517578,102.5,83.73345184326172,18533000.0,19.040000915527344,2.73,0.008064341317673307,0.008031998284381144,0.023655942206107117,0.009999999999999787,-0.30077080087078234,0.10050840653785852,0.2607418558564077,0.248864557795257,0.8,0.0,0.865515353312978,0.023655942206107117,-0.7826561079908217,0.009999999999999787,-0.010000000000000231,-0.1299999999999999,-0.0036496350364964014,-0.045454545454545414
2019-01-17,102.11000061035156,103.5,101.91999816894533,102.91999816894533,84.0765609741211,14247600.0,18.059999465942383,2.75,0.004097635094533425,0.004089262651534065,-0.051470661894021164,0.020000000000000018,-0.23123077753196997,0.09353388125383959,0.2595274886417609,0.2490535223583514,0.8,0.0,0.8788414535572945,-0.051470661894021164,-0.7780410418921155,0.020000000000000018,0.009999999999999787,-0.06999999999999984,0.0036496350364962904,-0.024822695035460973
2019-01-18,103.7699966430664,104.9000015258789,102.83000183105467,104.58999633789062,85.44082641601562,16428700.0,17.799999237060547,2.79,0.016226465807925416,0.016096223735155374,-0.01439646935605643,0.040000000000000036,0.15308543193239554,0.0708786009157004,0.25710374240531614,0.24968885808088445,0.8,0.0,0.8823769474232392,-0.01439646935605643,-0.777795442993328,0.040000000000000036,0.08000000000000007,0.020000000000000018,0.029520295202952074,0.0072202166064982976
2019-01-22,103.08000183105467,103.58999633789062,102.12999725341795,102.94000244140624,84.0929183959961,17083700.0,20.799999237060547,2.74,-0.0157759244211485,-0.015901688769740078,0.1685393330665903,-0.04999999999999982,0.03986925319714896,0.18942453403214954,0.2630503207679832,0.2508898107433262,0.8,0.0,0.8415828233432386,0.1685393330665903,-0.7870141114604563,-0.04999999999999982,0.03000000000000025,-0.04999999999999982,0.011070110701107083,-0.017921146953404965
2019-01-23,103.44000244140624,103.6999969482422,101.97000122070312,102.68000030517578,83.88050079345703,12146700.0,19.520000457763672,2.76,-0.002525986808291969,-0.002529182495613477,-0.06153840510802655,0.019999999999999574,-0.2889889192622207,0.19122496904635045,0.24353385470792846,0.24794668599784772,0.8,0.0,0.8589882996848672,-0.06153840510802655,-0.7671626553098069,0.019999999999999574,0.03999999999999959,-0.03000000000000025,0.014705882352941124,-0.010752688172043112
2019-01-24,102.12999725341795,103.08999633789062,101.94000244140624,102.73999786376952,83.92952728271484,11296800.0,18.88999938964844,2.72,0.0005844801687406864,0.0005843094267338327,-0.0322746441260795,-0.03999999999999959,-0.06996962137864604,0.183472206236288,0.2233262701807588,0.24596038415564533,0.8,0.0,0.8675550802659425,-0.0322746441260795,-0.7107472746847271,-0.03999999999999959,-0.009999999999999787,-0.020000000000000018,-0.003663003663003539,-0.007299270072992692
2019-01-25,103.51000213623048,104.30999755859376,102.73999786376952,103.38999938964844,84.46051025390625,14369400.0,17.420000076293945,2.76,0.0063265335619346885,0.006306605056553935,-0.07781891799107432,0.03999999999999959,0.2719885277246654,0.18687331149235242,0.1818209148075613,0.2446553152207138,0.8,0.0,0.8875441917281088,-0.07781891799107432,-0.641488597901237,0.03999999999999959,0.009999999999999787,-0.050000000000000266,0.0036363636363636598,-0.017793594306049876
2019-01-28,102.88999938964844,104.23999786376952,102.58999633789062,103.87999725341795,84.86080169677734,12283100.0,18.8700008392334,2.75,0.0047393917188960355,0.004728196161449463,0.08323770129672337,-0.009999999999999787,-0.14519047420212394,0.14030114595006923,0.1799305701330663,0.24320866914910777,0.8,0.0,0.8678270213816264,0.08323770129672337,-0.612633814977445,-0.009999999999999787,-0.040000000000000036,-0.020000000000000018,-0.014336917562724039,-0.0072202166064981865
2019-01-29,103.87999725341795,105.11000061035156,103.7300033569336,104.16999816894533,85.09769439697266,9743300.0,19.1299991607666,2.72,0.002791544452311223,0.0027876553281906383,0.013778394804977001,-0.029999999999999805,-0.2067719061149058,0.055232630503588814,0.17860250481292742,0.2405392721090174,0.8,0.0,0.8642915534518871,0.013778394804977001,-0.6337737839898937,-0.029999999999999805,-0.020000000000000018,0.0,-0.007299270072992692,0.0
2019-01-30,104.13999938964844,105.23999786376952,103.77999877929688,104.41000366210938,85.29376220703125,12526300.0,17.65999984741211,2.7,0.002304031988739297,0.0023013817770377795,-0.07684262299233602,-0.020000000000000018,0.2856321780095039,0.035234134339993485,0.17803877781344477,0.2362959587764668,0.8,0.0,0.8842806649140534,-0.07684262299233602,-0.6181530835137891,-0.020000000000000018,-0.05999999999999961,0.010000000000000231,-0.021739130434782483,0.003717472118959231
2019-01-31,103.41000366210938,103.8000030517578,102.7300033569336,103.5,84.55036926269531,17520600.0,16.56999969482422,2.63,-0.008715677736567895,-0.008753881398287266,-0.06172141347711391,-0.07000000000000028,0.39870512441822403,0.09423752652806545,0.17592848967996738,0.23688724633369673,0.8,0.0,0.8991025320713502,-0.06172141347711391,-0.5332120789018824,-0.07000000000000028,-0.0900000000000003,-0.03000000000000025,-0.03308823529411775,-0.011278195488721887
2019-02-01,104.0,104.8499984741211,103.5199966430664,103.87999725341795,84.86080169677734,13000800.0,16.139999389648438,2.7,0.003671568046232032,0.0036648442930588493,-0.02595053187056462,0.07000000000000028,-0.25797061744460803,0.08731469066349083,0.16437419310478088,0.23684095887657902,0.8,0.0,0.9049496940059432,-0.02595053187056462,-0.4661606830924171,0.07000000000000028,-0.05999999999999961,0.14000000000000012,-0.021739130434782483,0.0546875
2019-02-04,103.79000091552734,104.25,103.01000213623048,104.25,85.1630630493164,9871500.0,15.729999542236328,2.73,0.00356184889248512,0.003555520531377435,-0.025402717652831308,0.029999999999999805,-0.24070057227247554,0.08446457201678882,0.10961374803079979,0.23653832117265092,0.8,0.0,0.9105248888886468,-0.025402717652831308,-0.18086364722684492,0.029999999999999805,-0.020000000000000018,0.06000000000000005,-0.0072727272727273196,0.022471910112359605
2019-02-05,104.5199966430664,104.5500030517578,103.29000091552734,103.79000091552734,84.78727722167969,12763000.0,15.56999969482422,2.71,-0.004412544760386439,-0.004422308769355352,-0.010171637130852784,-0.020000000000000018,0.2929139441827484,0.08870051941190882,0.11174348166674603,0.2364040389359685,0.8,0.0,0.9127005734313504,-0.010171637130852784,-0.17874686882370097,-0.020000000000000018,-0.010000000000000231,0.009999999999999787,-0.003676470588235392,0.0037037037037035425
2019-02-06,103.70999908447266,104.62000274658205,103.47000122070312,103.73999786376952,84.74642181396484,8745000.0,15.380000114440918,2.7,-0.0004818577627870857,-0.000481973893546035,-0.012202927688332754,-0.009999999999999787,-0.3148162657682363,0.08482221770068603,0.11129198816686589,0.23348458034363448,0.8,0.0,0.9152841955837852,-0.012202927688332754,-0.19406502459485997,-0.009999999999999787,0.0,-0.029999999999999805,0.0,-0.01098901098901095
2019-02-07,103.25,103.5,101.44000244140624,102.37999725341795,83.63541412353516,13177500.0,16.3700008392334,2.65,-0.01310978878693625,-0.013196480575563439,0.06436935743992156,-0.050000000000000266,0.506861063464837,0.11121574431955514,0.12265175002799278,0.23400319370851683,0.8,0.0,0.9018221247816268,0.06436935743992156,-0.29322114811918126,-0.050000000000000266,0.020000000000000018,-0.0900000000000003,0.0076045627376426506,-0.03284671532846728
2019-02-08,102.08000183105467,102.33999633789062,100.05999755859376,101.36000061035156,82.80219268798828,12892600.0,15.720000267028809,2.63,-0.009962543311092475,-0.010012501529927957,-0.03970681361522943,-0.020000000000000018,-0.021620185922974766,0.10831125822384774,0.128703324709749,0.23404425793208175,0.8,0.0,0.9106608594464887,-0.03970681361522943,-0.24439593380378885,-0.020000000000000018,-0.07000000000000028,-0.11000000000000032,-0.02592592592592602,-0.04014598540145997
2019-02-11,101.76000213623048,102.01000213623048,100.7699966430664,100.87999725341795,82.41007232666016,10978500.0,15.970000267028809,2.65,-0.004735627748478799,-0.004746876360440972,0.015903307617898044,0.020000000000000018,-0.14846501093650621,0.07967416143903604,0.12867833800203612,0.23048935044043273,0.8,0.0,0.9072613491064886,0.015903307617898044,-0.29698591768632476,0.020000000000000018,-0.08000000000000007,-0.06000000000000005,-0.02930402930402931,-0.022140221402214055
2019-02-12,101.9499969482422,102.91999816894533,101.88999938964844,102.5999984741211,83.81514739990234,12852300.0,15.43000030517578,2.68,0.017049797841126813,0.01690608129649201,-0.033813397171188364,0.03000000000000025,0.17067905451564425,0.18722192759554027,0.13725563035937743,0.23302195486489105,0.8,0.0,0.9146042909221647,-0.033813397171188364,-0.3823549779544914,0.03000000000000025,-0.029999999999999805,-0.029999999999999805,-0.011070110701106972,-0.011070110701106972
2019-02-13,102.9000015258789,103.8499984741211,102.9000015258789,103.08999633789062,84.2154312133789,10754100.0,15.649999618530272,2.71,0.004775793229435221,0.004764425308475395,0.014257894297040163,0.029999999999999805,-0.16325482598445418,0.19402394825973077,0.13595304086713356,0.22957713032304217,0.8,0.0,0.9116127311599986,0.014257894297040163,-0.3650173184420122,0.029999999999999805,0.009999999999999787,-0.010000000000000231,0.0037037037037035425,-0.003676470588235392
2019-02-14,102.47000122070312,103.0999984741211,101.3499984741211,102.41999816894533,83.6680908203125,11518500.0,16.219999313354492,2.66,-0.00649928861231619,-0.006520500948565344,0.03642170662734823,-0.04999999999999982,0.07107986721343496,0.17276701221618102,0.13533979594424464,0.22350814106142486,0.8,0.0,0.9038618517345913,0.03642170662734823,-0.41853058490562156,-0.04999999999999982,0.010000000000000231,-0.06999999999999984,0.0037735849056603765,-0.02564102564102555
2019-02-15,103.9000015258789,105.6999969482422,103.66000366210938,105.5500030517578,86.22502899169922,14716900.0,14.90999984741211,2.66,0.030560493807347155,0.030102822980421228,-0.08076445877921923,0.0,0.27767504449364067,0.24484834687782714,0.17231384336683175,0.23245884906266845,0.8,0.0,0.9216752786540541,-0.08076445877921923,-0.47979110762858634,0.0,0.03000000000000025,-0.08999999999999986,0.011406844106463865,-0.032727272727272716
2019-02-19,104.91000366210938,105.37000274658205,103.80999755859376,105.18000030517578,85.92278289794922,12764900.0,14.880000114440918,2.65,-0.003505317391996443,-0.003511475411759772,-0.002012054545821984,-0.010000000000000231,-0.13263662863782455,0.24088938846422134,0.16376969436791977,0.231908023981953,0.8,0.0,0.9220832162637853,-0.002012054545821984,-0.4980037851301217,-0.010000000000000231,0.0,-0.14000000000000012,0.0,-0.05017921146953408
2019-02-20,105.20999908447266,105.8000030517578,104.87999725341795,105.69000244140624,86.33942413330078,10030300.0,14.020000457763672,2.65,0.004849019332234805,0.0048373007052900365,-0.05779567540746344,0.0,-0.21422807855917403,0.22881249568755094,0.1527649878876999,0.22800312979920223,0.8,0.0,0.9337775271648685,-0.05779567540746344,-0.374455273635252,0.0,-0.03000000000000025,-0.0900000000000003,-0.011194029850746356,-0.03284671532846728
2019-02-21,105.4499969482422,105.98999786376952,104.95999908447266,105.47000122070312,86.15967559814453,8400100.0,14.460000038146973,2.69,-0.0020818824883372944,-0.0020840526181782545,0.03138370656326539,0.040000000000000036,-0.1625275415491062,0.23606922912881365,0.1526244067994626,0.22754227717072714,0.8,0.0,0.9277943946724336,0.03138370656326539,-0.41370909205966516,0.040000000000000036,-0.020000000000000018,-0.06999999999999984,-0.0073800738007380184,-0.0253623188405796
2019-02-22,105.6999969482422,106.08999633789062,104.77999877929688,105.0,85.77574157714844,10647300.0,13.510000228881836,2.65,-0.004456075517122349,-0.004466033414736524,-0.0656984651977136,-0.040000000000000036,0.26752062475446725,0.23037324706171353,0.15400286740913935,0.22694214528066914,0.8,0.0,0.9407125313708132,-0.0656984651977136,-0.3675668027155378,-0.040000000000000036,-0.010000000000000231,-0.07000000000000028,-0.00375939849624074,-0.02573529411764719
2019-02-25,105.75,107.2699966430664,105.69000244140624,106.0999984741211,86.67436218261719,11230700.0,14.850000381469728,2.67,0.010476395644571701,0.010421898503675546,0.09918579791902782,0.020000000000000018,0.054793233965418464,0.10140802501482933,0.15652463270650369,0.22235478207856266,0.8,0.0,0.9224911538735165,0.09918579791902782,-0.19459437535418983,0.020000000000000018,0.009999999999999787,-0.08999999999999986,0.003759398496240518,-0.032608695652173836
2019-02-26,104.5,105.47000122070312,103.94000244140624,105.29000091552734,86.01264190673828,15465400.0,15.170000076293944,2.64,-0.00763455604651242,-0.007663848454453797,0.021548800444713745,-0.029999999999999805,0.37706465313827287,0.11633432308614756,0.15907822237877495,0.22264588620975687,0.8,0.0,0.9181397847881094,0.021548800444713745,-0.2721561158771663,-0.029999999999999805,-0.009999999999999787,-0.10999999999999988,-0.0037735849056602655,-0.039999999999999925
2019-02-27,105.18000030517578,105.37999725341795,104.51000213623048,105.16000366210938,85.90645599365234,9968800.0,14.699999809265137,2.69,-0.0012345384437915108,-0.001235301114137971,-0.030982219160517577,0.04999999999999982,-0.3554127277664981,0.10886209735437234,0.1590102357621649,0.22132940391023226,0.8,0.0,0.9245308678583782,-0.030982219160517577,-0.2746488601551448,0.04999999999999982,0.040000000000000036,-0.03000000000000025,0.015094339622641506,-0.011029411764705954
2019-02-28,105.01000213623048,105.20999908447266,104.18000030517578,104.36000061035156,85.25289916992188,15156900.0,14.779999732971191,2.73,-0.007607773084932767,-0.007636859807956154,0.005442171751297131,0.040000000000000036,0.5204337533103283,0.11899415625635071,0.16138996358405905,0.22128494176787322,0.8,0.0,0.9234430255870264,0.005442171751297131,-0.28321093662207797,0.040000000000000036,0.040000000000000036,0.029999999999999805,0.014869888475836479,0.011111111111111072
2019-03-01,105.0999984741211,105.91000366210938,104.1999969482422,104.43000030517578,85.31008911132812,13813300.0,13.56999969482422,2.76,0.000670826939178415,0.0006706020353626561,-0.08186739242272822,0.029999999999999805,-0.08864609517777378,0.11818821309142256,0.15806141503221754,0.2201261672180532,0.8,0.0,0.9398966561513508,-0.08186739242272822,-0.3370513925845612,0.029999999999999805,0.10999999999999988,0.1299999999999999,0.04150943396226414,0.049429657794676674
2019-03-04,104.91999816894533,105.91999816894533,103.2699966430664,104.19000244140624,85.1140365600586,12466300.0,14.630000114440918,2.72,-0.0022981168266473784,-0.0023007615498206574,0.07811351830914148,-0.03999999999999959,-0.09751471407990853,0.06061663839346184,0.15786911574837323,0.21908923138178704,0.8,0.0,0.9254827266037854,0.07811351830914148,-0.32950862540019665,-0.03999999999999959,0.050000000000000266,0.020000000000000018,0.01872659176029967,0.007407407407407307
2019-03-05,104.12999725341795,104.5500030517578,103.26000213623048,104.11000061035156,85.04869079589844,10856600.0,14.739999771118164,2.72,-0.0007677436860140663,-0.0007680385521284983,0.007518773466629547,0.0,-0.1291241186238098,0.050684504644325785,0.1573769435611036,0.19843684962802577,0.8,0.0,0.9239869467227023,0.007518773466629547,-0.32459891598849155,0.0,0.08000000000000007,-0.009999999999999787,0.030303030303030276,-0.003663003663003539
2019-03-06,103.86000061035156,104.56999969482422,103.5500030517578,103.72000122070312,84.7300796508789,9070800.0,15.739999771118164,2.69,-0.0037462204536944377,-0.003753255111954455,0.0678426062094939,-0.03000000000000025,-0.16448980343754027,0.05064822042838308,0.15714913304211206,0.19465788939958556,0.8,0.0,0.9103889053627021,0.0678426062094939,-0.3407516406523567,-0.03000000000000025,0.0,-0.020000000000000018,0.0,-0.0073800738007380184
2019-03-07,103.25,103.47000122070312,102.16000366210938,102.97000122070312,84.1174087524414,12705700.0,16.59000015258789,2.64,-0.007230854744406545,-0.0072571240843627,0.05400256631702249,-0.04999999999999982,0.400725404594964,0.048363792059114966,0.1592318428293901,0.19156812062175113,0.8,0.0,0.8988305650194608,0.05400256631702249,-0.3643015418860939,-0.04999999999999982,-0.08999999999999986,-0.06000000000000005,-0.03296703296703296,-0.022222222222222254
2019-03-08,101.98999786376952,103.2300033569336,101.98999786376952,103.01000213623048,84.15006256103516,10582400.0,16.049999237060547,2.62,0.00038819322989191996,0.000388117902393839,-0.03254978363837502,-0.020000000000000018,-0.16711397246904935,0.047156750594630314,0.15185152917587555,0.18745497831490962,0.8,0.0,0.9061735198032397,-0.03254978363837502,-0.30817168858066474,-0.020000000000000018,-0.13999999999999968,-0.029999999999999805,-0.05072463768115931,-0.011320754716981019
2019-03-11,103.9800033569336,104.5500030517578,103.66000366210938,104.3499984741211,85.24474334716797,9763200.0,14.329999923706056,2.64,0.013008674655931696,0.012924788562489,-0.10716507134672593,0.020000000000000018,-0.07741155125491384,0.12143545123413356,0.15300110257351263,0.1879524112008512,0.8,0.0,0.929562141605406,-0.10716507134672593,-0.4413824287808346,0.020000000000000018,-0.08000000000000007,0.010000000000000231,-0.02941176470588236,0.0038022813688214363
2019-03-12,104.58999633789062,104.79000091552734,103.75,104.04000091552734,84.99150085449219,10219100.0,13.770000457763672,2.61,-0.0029707696068064227,-0.0029751911018348013,-0.0390788184873595,-0.03000000000000025,0.04669575549000338,0.12365692314143815,0.15217584567194842,0.18773034546262643,0.8,0.0,0.9371770375048685,-0.0390788184873595,-0.4140925942708378,-0.03000000000000025,-0.11000000000000032,-0.040000000000000036,-0.040441176470588314,-0.015094339622641506
2019-03-13,104.19000244140624,104.9800033569336,103.9499969482422,104.38999938964844,85.2774429321289,13022200.0,13.40999984741211,2.61,0.0033643608450479867,0.003358714044804718,-0.026143834305291547,0.0,0.27430008513469883,0.12082013694835224,0.14124015787371805,0.18781272382116188,0.8,0.0,0.9420723406940544,-0.026143834305291547,-0.406247066786431,0.0,-0.08000000000000007,-0.07000000000000028,-0.029739776951672847,-0.026119402985074758
2019-03-14,104.5,105.87000274658205,104.45999908447266,105.33999633789062,86.05349731445312,10926500.0,13.5,2.63,0.009100347707914569,0.009059189060593253,0.006711420851004624,0.020000000000000018,-0.16093286848612365,0.10221469420731177,0.1436156320514639,0.18765491976162454,0.8,0.0,0.9408485148967579,0.006711420851004624,-0.39789299476586776,0.020000000000000018,-0.010000000000000231,-0.08000000000000007,-0.0037878787878788955,-0.029520295202952074
2019-03-15,105.41000366210938,106.8000030517578,105.2300033569336,106.5500030517578,87.04194641113281,24811700.0,12.880000114440918,2.59,0.011486448866427024,0.01142098046862256,-0.04592591744882091,-0.040000000000000036,1.2707820436553332,0.103901744158802,0.14513553040588661,0.18662037058823097,0.8,0.0,0.9492792989837857,-0.04592591744882091,-0.39744138164908865,-0.040000000000000036,-0.03000000000000025,-0.07000000000000028,-0.011450381679389388,-0.026315789473684292
2019-03-18,106.5500030517578,107.79000091552734,106.5,107.19000244140624,87.56478118896484,12935500.0,13.100000381469728,2.6,0.006006699061650966,0.005988730762384622,0.017080765921899888,0.010000000000000231,-0.47865321602308586,0.08849051898400381,0.10198009637629854,0.1864155562430385,0.8,0.0,0.9462877262535169,0.017080765921899888,-0.2569552278797656,0.010000000000000231,-0.040000000000000036,-0.06000000000000005,-0.015151515151515138,-0.022556390977443663
2019-03-19,108.1999969482422,108.4000015258789,106.5500030517578,106.8000030517578,87.2461929321289,12889300.0,13.5600004196167,2.61,-0.0036383149995935504,-0.00364494976541243,0.03511450570624808,0.009999999999999787,-0.0035715666189942707,0.09250658561556628,0.1020555079521709,0.18435208248012624,0.8,0.0,0.9400326267091926,0.03511450570624808,-0.27759886730661665,0.009999999999999787,0.0,-0.040000000000000036,0.0,-0.015094339622641506
2019-03-20,106.43000030517578,106.6500015258789,104.41000366210938,104.5199966430664,85.38362121582031,14920700.0,13.90999984741211,2.54,-0.021348458353449673,-0.021579632756093294,0.025811166442818223,-0.06999999999999984,0.15760359367847743,0.21401597106122416,0.1278832397862985,0.18928263749204882,0.8,0.0,0.9352733200140543,0.025811166442818223,-0.26474120464356626,-0.06999999999999984,-0.06999999999999984,-0.10999999999999988,-0.026819923371647403,-0.04150943396226414
2019-03-21,103.48999786376952,103.48999786376952,102.27999877929688,102.87000274658205,84.03572082519531,19751000.0,13.630000114440918,2.54,-0.015786404598816084,-0.015912336988702952,-0.020129384330890843,0.0,0.32373146032022637,0.22250888969193985,0.13901008208864526,0.18536312878172748,0.8,0.0,0.9390807679637856,-0.020129384330890843,-0.20770783749765992,0.0,-0.08999999999999986,-0.1499999999999999,-0.034220532319391594,-0.055762081784386575
2019-03-22,101.81999969482422,102.31999969482422,99.5199966430664,99.76000213623048,81.49514770507812,31115200.0,16.479999542236328,2.44,-0.03023206197519135,-0.03069847525664085,0.20909753513324247,-0.10000000000000009,0.5753733988152498,0.2304912567267722,0.17387822583733628,0.19097865388738203,0.8,0.0,0.9003263578686467,0.20909753513324247,-0.5446650238770092,-0.10000000000000009,-0.1499999999999999,-0.20999999999999996,-0.05791505791505791,-0.0792452830188679
2019-03-25,99.58999633789062,100.56999969482422,98.08999633789062,98.93000030517578,80.81707763671875,21032300.0,16.329999923706055,2.43,-0.008320373512460288,-0.008355181028980875,-0.009101918852961188,-0.009999999999999787,-0.32405062477502955,0.16991442116291502,0.16795891817455277,0.17367353593913112,0.8,0.0,0.9023660588854056,-0.009101918852961188,-0.6726405484464194,-0.009999999999999787,-0.16999999999999993,-0.23999999999999977,-0.06538461538461537,-0.08988764044943809
2019-03-26,99.81999969482422,100.4000015258789,98.81999969482422,99.91999816894533,81.62581634521484,15987100.0,14.68000030517578,2.41,0.010007027377696875,0.009957288628662584,-0.10104100589339204,-0.020000000000000018,-0.23987866281861703,0.24379578933883445,0.1737111609416427,0.1733714124747296,0.8,0.0,0.9248028219421648,-0.10104100589339204,-0.7002486519977921,-0.020000000000000018,-0.19999999999999973,-0.22999999999999998,-0.07662835249042133,-0.08712121212121215
2019-03-27,99.87999725341795,100.4499969482422,99.08000183105467,99.58000183105467,81.34808349609375,12753200.0,15.149999618530272,2.39,-0.0034025123613649066,-0.0034083140705459458,0.032016301334052644,-0.020000000000000018,-0.20228183973328495,0.239085393664567,0.17365308941423177,0.17347538065453058,0.8,0.0,0.9184117518399987,0.032016301334052644,-0.6997170538825122,-0.020000000000000018,-0.1499999999999999,-0.2999999999999998,-0.05905511811023623,-0.11152416356877315
2019-03-28,100.0,100.8000030517578,99.73999786376952,100.70999908447266,82.27117156982422,12454100.0,14.43000030517578,2.39,0.011347385630477547,0.011283486984187997,-0.04752470834876099,0.0,-0.02345293730201048,0.2703586325535047,0.17944715982335344,0.17417967450913005,0.8,0.0,0.9282023322821649,-0.04752470834876099,-0.7114316782574839,0.0,-0.1499999999999999,-0.33999999999999986,-0.05905511811023623,-0.12454212454212454
2019-03-29,101.54000091552734,101.98999786376952,100.58999633789062,101.2300033569336,82.69597625732422,14523400.0,13.710000038146973,2.41,0.00516346952880653,0.005150184531514617,-0.049896067345927664,0.020000000000000018,0.16615411792100598,0.13554407992461412,0.1809567031476496,0.17102746793525225,0.8,0.0,0.9379929256924338,-0.049896067345927664,-0.7324107915902854,0.020000000000000018,-0.029999999999999805,-0.34999999999999964,-0.012295081967213073,-0.12681159420289845
2019-04-01,102.1500015258789,104.68000030517578,102.12000274658205,104.63999938964844,85.48164367675781,17499300.0,13.399999618530272,2.49,0.03368564645473748,0.03313071289537135,-0.022611263220579825,0.08000000000000007,0.20490381040252292,0.21482086591482913,0.2187769225012598,0.18088478240198588,0.8,0.0,0.9422083242199991,-0.022611263220579825,-0.6572637792586429,0.08000000000000007,0.06000000000000005,-0.22999999999999998,0.024691358024691468,-0.0845588235294118
2019-04-02,104.5999984741211,105.44000244140624,104.33000183105467,105.13999938964844,85.8901138305664,10295400.0,13.359999656677246,2.48,0.004778454604279725,0.004767074030048723,-0.0029850718650552555,-0.010000000000000231,-0.41166789528724,0.2198481635690428,0.2193284455383981,0.16577835764243942,0.8,0.0,0.9427522453556749,-0.0029850718650552555,-0.6554900459997529,-0.010000000000000231,0.06999999999999984,-0.2400000000000002,0.029045643153526868,-0.08823529411764708
2019-04-03,105.80999755859376,106.36000061035156,104.79000091552734,105.3499984741211,86.06165313720703,11499200.0,13.739999771118164,2.52,0.001997195008717867,0.0019952032662576107,0.028443123069318066,0.040000000000000036,0.11692600578899315,0.2013706325278442,0.21880117686544545,0.16579890768103997,0.8,0.0,0.9375849880827025,0.028443123069318066,-0.6522759836200074,0.040000000000000036,0.1299999999999999,-0.16999999999999993,0.05439330543933041,-0.06319702602230481
2019-04-04,104.5500030517578,105.7300033569336,104.4499969482422,105.55999755859376,86.89305114746094,11952100.0,13.579999923706056,2.51,0.009660493145866145,0.009614128943506571,-0.011644821694133611,-0.010000000000000231,0.039385348545985854,0.2017096069331441,0.21877771281516223,0.16669281254708704,0.8,0.0,0.9397606726254061,-0.011644821694133611,-0.6393731655572209,-0.010000000000000231,0.11999999999999966,-0.13000000000000034,0.05020920502092041,-0.04924242424242442
2019-04-05,105.8000030517578,106.11000061035156,104.98999786376952,105.30999755859376,86.687255859375,9933700.0,12.81999969482422,2.5,-0.0023683745175053783,-0.0023711835525407586,-0.05596467107154646,-0.009999999999999787,-0.16887408907221324,0.22139741237886515,0.2192031556116355,0.16674433562410487,0.8,0.0,0.950095187171351,-0.05596467107154646,-0.6221698206150817,-0.009999999999999787,0.08999999999999986,-0.1200000000000001,0.03734439834024883,-0.04580152671755733
2019-04-08,105.11000061035156,105.6500015258789,104.91000366210938,105.6500015258789,86.96713256835938,8056300.0,13.18000030517578,2.52,0.0032285796361855024,0.003223378963802028,0.028081171522718495,0.020000000000000018,-0.18899302374744553,0.06909745247247084,0.21515581237046447,0.16679636716609347,0.8,0.0,0.9451998839821651,0.028081171522718495,-0.5940949423653822,0.020000000000000018,0.029999999999999805,-0.1200000000000001,0.012048192771084265,-0.045454545454545525
2019-04-09,105.08000183105467,105.1999969482422,104.25,104.87000274658205,86.32508850097656,9092200.0,14.279999732971191,2.51,-0.007382605915840057,-0.007409992222352087,0.0834597422098271,-0.010000000000000231,0.12858259995283206,0.10109624516369135,0.2168121150939483,0.1672686683626392,0.8,0.0,0.9302420462670266,0.0834597422098271,-0.6203119474323395,-0.010000000000000231,0.029999999999999805,-0.10000000000000009,0.012096774193548265,-0.03831417624521072
2019-04-10,105.12999725341795,105.72000122070312,104.47000122070312,105.33999633789062,86.71196746826172,10882300.0,13.300000190734863,2.48,0.004481651556960564,0.004471638861084951,-0.06862742020741086,-0.029999999999999805,0.19688304260794975,0.1041002332895014,0.21702367071018133,0.1663090011976089,0.8,0.0,0.9435681205751374,-0.06862742020741086,-0.6142178860910487,-0.029999999999999805,-0.040000000000000036,-0.1299999999999999,-0.015873015873015928,-0.04980842911877392
2019-04-11,105.70999908447266,106.7300033569336,105.55999755859376,106.2300033569336,87.444580078125,11183800.0,13.020000457763672,2.51,0.008448806217336013,0.00841331482059236,-0.021052611199678495,0.029999999999999805,0.02770554018911442,0.09840066492605891,0.21671089505820001,0.16650858724454823,0.8,0.0,0.9473755685248687,-0.021052611199678495,-0.6259596753571093,0.029999999999999805,0.0,-0.1200000000000001,0.0,-0.04562737642585557
2019-04-12,109.44000244140624,111.8499984741211,108.87999725341795,111.20999908447266,91.54391479492188,25834100.0,12.010000228881836,2.56,0.046879231544532995,0.04581357809551478,-0.07757297952163933,0.050000000000000266,1.3099572596076468,0.3234517811971739,0.2674986019494571,0.18983201830154028,0.8,0.0,0.9611095934108136,-0.07757297952163933,-0.6312739435848553,0.050000000000000266,0.06000000000000005,-0.029999999999999805,0.02400000000000002,-0.01158301158301156
2019-04-15,110.91999816894533,111.0,109.12000274658205,109.94000244140624,90.49851989746094,15163800.0,12.31999969482422,2.55,-0.011419600088141801,-0.011485304411565284,0.02581177852077743,-0.010000000000000231,-0.41303161325534854,0.3602170393764949,0.2716535328775182,0.19159507870854153,0.8,0.0,0.956894207851351,0.02581177852077743,-0.6400235736278529,-0.010000000000000231,0.029999999999999805,-0.050000000000000266,0.011904761904761862,-0.019230769230769384
2019-04-16,109.9000015258789,111.38999938964844,109.86000061035156,111.0999984741211,91.45337677001952,11583200.0,12.18000030517578,2.6,0.010551077229113526,0.010495803075066283,-0.011363587103598416,0.050000000000000266,-0.23612814729817067,0.3335225242746276,0.2726350190483024,0.19007639984415511,0.8,0.0,0.9587979253421653,-0.011363587103598416,-0.6365133021419476,0.050000000000000266,0.0900000000000003,-0.009999999999999787,0.03585657370517947,-0.003831417624520994
2019-04-17,111.6999969482422,114.66000366210938,111.01000213623048,114.3000030517578,94.08751678466795,17791900.0,12.600000381469728,2.59,0.028803091888805588,0.028396079831855055,0.03448276402057826,-0.010000000000000231,0.5360090475861592,0.34463356616688007,0.27215823392318317,0.19474199011342927,0.8,0.0,0.953086746933517,0.03448276402057826,-0.5588385580123111,-0.010000000000000231,0.10999999999999988,0.04999999999999982,0.04435483870967727,0.019685039370078705
2019-04-18,114.52999877929688,114.9499969482422,113.33000183105467,113.45999908447266,93.39604949951172,12501900.0,12.09000015258789,2.57,-0.007349192632416401,-0.007376330993705623,-0.040476207415983345,-0.020000000000000018,-0.29732631141137256,0.383511795988884,0.26511542291589185,0.19546187705369827,0.8,0.0,0.9600217511394618,-0.040476207415983345,-0.5643711449552504,-0.020000000000000018,0.06000000000000005,0.029999999999999805,0.0239043824701195,0.011811023622047223
2019-04-22,112.83000183105467,113.93000030517578,112.66000366210938,113.5999984741211,93.51129150390624,7975900.0,12.420000076293944,2.59,0.001233906626801451,0.0012331459896587965,0.027295278704807524,0.020000000000000018,-0.3620249722042249,0.25273841524587864,0.22947422472082488,0.19544929191028695,0.8,0.0,0.95553439852811,0.027295278704807524,-0.3456118222031849,0.020000000000000018,0.029999999999999805,0.1499999999999999,0.01171875,0.061475409836065475
2019-04-23,113.0,114.37000274658205,112.8499984741211,113.73999786376952,93.62651824951172,9193100.0,12.279999732971191,2.57,0.0012322228016781178,0.001231464238243791,-0.011272169280414968,-0.020000000000000018,0.15260973683220702,0.21635625874835948,0.2234790922992681,0.19522628610579867,0.8,0.0,0.957438128987027,-0.011272169280414968,-0.35064408949559467,-0.020000000000000018,0.020000000000000018,0.13999999999999968,0.007843137254901933,0.057613168724279795
2019-04-24,113.26000213623048,114.1500015258789,112.80999755859376,113.5500030517578,93.47012329101562,9245700.0,13.140000343322754,2.53,-0.0016704130562593678,-0.0016718097517375728,0.07003262451565884,-0.040000000000000036,0.005721682566272479,0.22045317335292608,0.22548729892300987,0.1952452765194371,0.8,0.0,0.945743805117841,0.07003262451565884,-0.39332247309358104,-0.040000000000000036,-0.07000000000000028,0.11999999999999966,-0.02692307692307705,0.04979253112033177
2019-04-25,113.01000213623048,114.1500015258789,112.5,113.61000061035156,93.51950073242188,9311800.0,13.25,2.54,0.0005282697793445035,0.0005281302939863901,0.008371358736922963,0.010000000000000231,0.007149269390094748,0.05788631577725131,0.22355413391339599,0.19524200280899479,0.8,0.0,0.944248025236758,0.008371358736922963,-0.3781383180535054,0.010000000000000231,-0.04999999999999982,0.1499999999999999,-0.019305019305019266,0.06276150627615062
2019-04-26,113.9499969482422,114.58000183105467,113.5999984741211,114.47000122070312,94.2274169921875,7889300.0,12.729999542236328,2.51,0.007569718125325808,0.0075412115763885505,-0.039245317567069615,-0.03000000000000025,-0.15276316072080587,0.05457309796932597,0.22299075497476029,0.1956204598535805,0.8,0.0,0.9513190129686474,-0.039245317567069615,-0.3685489398698939,-0.03000000000000025,-0.06000000000000005,0.11999999999999966,-0.023346303501945553,0.05020920502092041
2019-04-29,114.5999984741211,117.16000366210938,114.4499969482422,116.12000274658205,95.58565521240234,14242200.0,13.109999656677246,2.54,0.014414469414220088,0.014311568611535305,0.029850756331933237,0.03000000000000025,0.8052552190942162,0.1034902145337478,0.22446655424778636,0.19608648481867,0.8,0.0,0.946151755695675,0.029850756331933237,-0.35898702124341536,0.03000000000000025,-0.04999999999999982,0.1299999999999999,-0.019305019305019266,0.053941908713692976
2019-04-30,116.43000030517578,116.72000122070312,115.26000213623048,116.0500030517578,95.52802276611328,11389100.0,13.119999885559082,2.51,-0.000602940327824264,-0.0006031221694404919,0.0007627939850283205,-0.03000000000000025,-0.20032719664096843,0.10774757727666065,0.20385802688575794,0.196130932277436,0.8,0.0,0.9460157721697303,0.0007627939850283205,-0.3431508485323667,-0.03000000000000025,-0.06000000000000005,0.019999999999999574,-0.023346303501945553,0.008032128514056103
2019-05-01,115.72000122070312,117.0,115.11000061035156,115.16000366210938,94.79542541503906,10412900.0,14.800000190734863,2.52,-0.007668926141891186,-0.007698483568763464,0.12804880486507653,0.010000000000000231,-0.08571353311499597,0.1332784842009063,0.209229175150428,0.19709690595583637,0.8,0.0,0.9231710585351371,0.12804880486507653,-0.4023801983794234,0.010000000000000231,-0.009999999999999787,0.040000000000000036,-0.0039525691699603405,0.016129032258064502
2019-05-02,115.16999816894533,115.77999877929688,114.58000183105467,115.41000366210938,95.00122833251952,8613300.0,14.420000076293944,2.55,0.002171021613958546,0.002168668351907432,-0.02567568307727508,0.029999999999999805,-0.17282409319209824,0.13200722477589338,0.20919777882744203,0.1966725829088088,0.8,0.0,0.9283383158081095,-0.02567568307727508,-0.3888083943082361,0.029999999999999805,0.009999999999999787,0.029999999999999805,0.003937007874015741,0.011904761904761862
2019-05-03,116.0,116.68000030517578,115.66999816894533,116.12000274658205,95.58565521240234,8185400.0,12.869999885559082,2.54,0.006151782352089574,0.006132937386296369,-0.10748961043925487,-0.009999999999999787,-0.049678984825792694,0.12940480861429507,0.20853033777614594,0.1967981884700615,0.8,0.0,0.9494152825097304,-0.10748961043925487,-0.3565711022566903,-0.009999999999999787,0.03000000000000025,0.03000000000000025,0.01195219123505975,0.01195219123505975
2019-05-06,114.18000030517578,115.47000122070312,113.72000122070312,115.08999633789062,94.73779296875,9387000.0,15.4399995803833,2.51,-0.008870182892697587,-0.00890975715943531,0.19968917775266748,-0.03000000000000025,0.14679795733867618,0.10209587860918051,0.2127479884825992,0.19557609823613262,0.8,0.0,0.9144683203643227,0.19968917775266748,-0.4479501395764944,-0.03000000000000025,-0.03000000000000025,0.009999999999999787,-0.011811023622047334,0.0040000000000000036
2019-05-07,114.02999877929688,114.02999877929688,112.29000091552734,113.20999908447266,93.19024658203124,15017700.0,19.31999969482422,2.45,-0.016335047906691602,-0.016469935751888043,0.2512953510290572,-0.05999999999999961,0.5998402045381912,0.1440670750658946,0.22535313211527974,0.19771708672225166,0.8,0.0,0.8617079183313496,0.2512953510290572,-0.5337727400776443,-0.05999999999999961,-0.05999999999999961,-0.06999999999999984,-0.02390438247011939,-0.02777777777777768
2019-05-08,112.66000366210938,113.66999816894533,112.45999908447266,112.61000061035156,92.69634246826172,9575800.0,19.399999618530277,2.49,-0.005299955004784307,-0.00531404958880883,0.0041407828659278945,0.040000000000000036,-0.3623657417580588,0.14218902346777873,0.22413228719770104,0.19780278015001201,0.8,0.0,0.8606200760599978,0.0041407828659278945,-0.5082647520978528,0.040000000000000036,-0.029999999999999805,-0.019999999999999574,-0.011904761904761862,-0.007968127490039723
2019-05-09,111.13999938964844,112.73999786376952,110.58000183105467,112.5199966430664,92.62226104736328,12205900.0,19.100000381469727,2.45,-0.0007991838612596558,-0.0007995033789286233,-0.015463878503069739,-0.040000000000000036,0.2746611249190669,0.1348176533934244,0.2246285035228977,0.1954023582217409,0.8,0.0,0.8646994780935156,-0.015463878503069739,-0.5086956826869765,-0.040000000000000036,-0.09999999999999964,-0.029999999999999805,-0.039215686274509665,-0.012096774193548265
2019-05-10,111.75,112.83999633789062,110.54000091552734,112.51000213623048,92.614013671875,13189000.0,16.040000915527344,2.47,-8.904312413693383e-05,-8.904708871125899e-05,-0.16020939292289793,0.020000000000000018,0.08054301608238634,0.10650143576165984,0.22408676596452934,0.19532671554403014,0.8,0.0,0.9063094773929787,-0.16020939292289793,-0.43203640832724405,0.020000000000000018,-0.06999999999999984,-0.03999999999999959,-0.027559055118110187,-0.015936254980079556
2019-05-13,110.08000183105467,110.4499969482422,108.9800033569336,109.4499969482422,90.09515380859376,13783700.0,20.549999237060547,2.4,-0.027197394469970604,-0.027574089391801,0.28117194913420174,-0.07000000000000028,0.045090605807870165,0.1870786975040167,0.1856887222422315,0.2036463423641187,0.8,0.0,0.8449823336832387,0.28117194913420174,-0.568428973693953,-0.07000000000000028,-0.10999999999999988,-0.16000000000000014,-0.043824701195219085,-0.0625
2019-05-14,109.5500030517578,111.72000122070312,109.5,110.31999969482422,90.81130981445312,10503600.0,18.059999465942383,2.42,0.007948884879877438,0.007917458918843488,-0.12116787657235606,0.020000000000000018,-0.23796948569687382,0.21270698180599346,0.18363826098707892,0.19510981440917816,0.8,0.0,0.8788414535572945,-0.12116787657235606,-0.598448569905852,0.020000000000000018,-0.03000000000000025,-0.1299999999999999,-0.01224489795918382,-0.050980392156862675
2019-05-15,109.20999908447266,110.9000015258789,108.61000061035156,109.9000015258789,90.465576171875,10142000.0,16.440000534057617,2.37,-0.003807165024758863,-0.0038144307245297176,-0.08970094018772068,-0.04999999999999982,-0.034426291938002174,0.21291015208156336,0.17995715483034072,0.19513981651006065,0.8,0.0,0.9008702660362198,-0.08970094018772068,-0.5659328767779352,-0.04999999999999982,-0.1200000000000001,-0.22999999999999998,-0.048192771084337394,-0.08846153846153848
2019-05-16,110.62000274658205,112.16999816894533,110.58999633789062,111.30999755859376,91.626220703125,9672700.0,15.289999961853027,2.4,0.012829681524880732,0.012748078381273766,-0.06995137073275715,0.029999999999999805,-0.04627292447249065,0.24805764702388852,0.15315897327711875,0.196497452033598,0.8,0.0,0.9165080213810817,-0.06995137073275715,-0.7368316839551914,0.029999999999999805,-0.050000000000000266,-0.18999999999999995,-0.020408163265306256,-0.07335907335907332
2019-05-17,110.0,111.75,109.83000183105467,110.7699966430664,91.18173217773438,9570100.0,15.960000038146973,2.39,-0.004851106178773823,-0.0048629109874131285,0.043819494961774064,-0.009999999999999787,-0.010607172764584893,0.24785895465976057,0.1520981333915315,0.19676550919368213,0.8,0.0,0.9073973326324333,0.043819494961774064,-0.7669837150699333,-0.009999999999999787,-0.08000000000000007,-0.17999999999999972,-0.03238866396761131,-0.07003891050583644
2019-05-20,110.58000183105467,111.80999755859376,110.37000274658205,111.3499984741211,91.6591567993164,8518200.0,16.309999465942383,2.41,0.005235967887201598,0.005222307868874557,0.021929788656569915,0.020000000000000018,-0.10991525689386739,0.12074795393015296,0.1535961979608698,0.19662943621583476,0.8,0.0,0.9026380259372949,0.021929788656569915,-0.7597604884315518,0.020000000000000018,0.010000000000000231,-0.17999999999999972,0.004166666666666874,-0.06949806949806936
2019-05-21,111.44000244140624,111.91999816894533,111.22000122070312,111.7300033569336,91.9719696044922,7967900.0,14.949999809265137,2.43,0.0034127829242494023,0.0034069725964442515,-0.08338440841258887,0.020000000000000018,-0.0646028503674485,0.11428905991010008,0.1542083491101951,0.19573335812395035,0.8,0.0,0.9211313575183782,-0.08338440841258887,-0.7606364497297705,0.020000000000000018,0.010000000000000231,-0.13999999999999968,0.004132231404958775,-0.05447470817120614
2019-05-22,111.4000015258789,111.79000091552734,110.75,110.81999969482422,91.222900390625,7918900.0,14.75,2.39,-0.00814453813578675,-0.00817788607900321,-0.013377913833897748,-0.040000000000000036,-0.006149675573237645,0.1323451198525587,0.15635929771436136,0.19583322433916822,0.8,0.0,0.9238509631967576,-0.013377913833897748,-0.7427708279851916,-0.040000000000000036,0.020000000000000018,-0.13999999999999968,0.00843881856540074,-0.05533596837944654
2019-05-23,109.63999938964844,109.79000091552734,107.5,108.63999938964844,89.42839050292969,14558000.0,16.920000076293945,2.31,-0.019671703925341677,-0.019867767421600128,0.1471186492402674,-0.08000000000000007,0.8383866446097312,0.15997793571750876,0.1695455227889697,0.20040307173623037,0.8,0.0,0.894343212408109,0.1471186492402674,-0.7588124920043172,-0.08000000000000007,-0.08999999999999986,-0.22999999999999998,-0.03749999999999998,-0.09055118110236215
2019-05-24,109.5199966430664,109.95999908447266,109.19000244140624,109.70999908447266,90.30917358398438,8537300.0,15.850000381469728,2.32,0.00984903201434495,0.009800846427804256,-0.06323875236403564,0.009999999999999787,-0.41356642395933507,0.19083292630344587,0.17145290476539435,0.20050228705965406,0.8,0.0,0.9088931125135162,-0.06323875236403564,-0.7624364152885919,0.009999999999999787,-0.07000000000000028,-0.18999999999999995,-0.029288702928870425,-0.07569721115537842
2019-05-28,109.1999969482422,109.83000183105467,108.44000244140624,108.5199966430664,89.32963562011719,11665500.0,17.5,2.26,-0.010846494602857248,-0.010905746666423046,0.10410091979930103,-0.06000000000000005,0.366415611493095,0.18710028128893194,0.16252613274730315,0.20197193663811777,0.8,0.0,0.8864563494567571,0.10410091979930103,-0.8310365455246472,-0.06000000000000005,-0.15000000000000036,-0.28000000000000025,-0.06224066390041505,-0.11023622047244108
2019-05-29,107.4499969482422,108.4000015258789,107.05999755859376,108.22000122070312,89.0826644897461,9966400.0,17.899999618530273,2.25,-0.0027647166436608472,-0.0027685455315424137,0.02285712105887283,-0.009999999999999787,-0.1456517080279457,0.1739865196920456,0.16221610034504333,0.20200456019866503,0.8,0.0,0.8810171380999982,0.02285712105887283,-0.8307566259257142,-0.009999999999999787,-0.18000000000000016,-0.2599999999999998,-0.07407407407407418,-0.10358565737051784
2019-05-30,108.6500015258789,109.18000030517578,106.54000091552734,107.05999755859376,88.1277847290039,10367800.0,17.299999237060547,2.22,-0.010719030085276526,-0.010776892747480908,-0.03351957509812453,-0.029999999999999805,0.040275325092310243,0.176633134780247,0.1636365004189689,0.2033646822165036,0.8,0.0,0.8891759681032394,-0.03351957509812453,-0.80199455822042,-0.029999999999999805,-0.16999999999999993,-0.2999999999999998,-0.07112970711297073,-0.11904761904761896
2019-05-31,105.55999755859376,106.58999633789062,104.83999633789062,105.95999908447266,87.22232055664062,10952800.0,18.709999084472656,2.14,-0.010274446080173472,-0.010327592548388425,0.08150288494762292,-0.08000000000000007,0.05642469955053153,0.14213623435414915,0.1637583934695733,0.20440841121863998,0.8,0.0,0.8700027318605354,0.08150288494762292,-0.804245785833134,-0.08000000000000007,-0.16999999999999993,-0.4099999999999997,-0.07359307359307354,-0.16078431372549007
2019-06-03,105.8000030517578,106.86000061035156,105.3000030517578,106.45999908447266,87.6339111328125,11680700.0,18.86000061035156,2.07,0.004718867527774506,0.004707768575031283,0.00801718509988536,-0.07000000000000028,0.0664578920458696,0.10961192766995116,0.16263170013702688,0.2039434763227305,0.8,0.0,0.8679630049075711,0.00801718509988536,-0.781722059347709,-0.07000000000000028,-0.25,-0.4700000000000002,-0.10775862068965514,-0.18503937007874027
2019-06-04,107.8499984741211,109.9000015258789,107.12999725341795,109.73999786376952,90.33386993408205,12858600.0,16.969999313354492,2.12,0.030809520725118,0.030344436002078357,-0.10021215460405208,0.050000000000000266,0.10084155915313286,0.2689802355420706,0.202753069188431,0.2128064631477289,0.8,0.0,0.8936633207145912,-0.10021215460405208,-0.75249119837295,0.050000000000000266,-0.13999999999999968,-0.3899999999999997,-0.06194690265486713,-0.15537848605577675
2019-06-05,109.86000061035156,110.37999725341795,108.63999938964844,110.12999725341795,90.65489959716795,8340500.0,16.09000015258789,2.12,0.003553812798235745,0.003547512926830472,-0.05185616949754901,0.0,-0.35136795607608917,0.2652891839359456,0.19666218717567407,0.21145981138387096,0.8,0.0,0.905629585699461,-0.05185616949754901,-0.7449630927952825,0.0,-0.1299999999999999,-0.33000000000000007,-0.057777777777777706,-0.13469387755102047
2019-06-06,110.1500015258789,110.87000274658205,108.93000030517578,110.37000274658205,90.85246276855467,8726700.0,15.93000030517578,2.12,0.0021792884032147963,0.0021769171986434363,-0.00994405505871776,0.0,0.04630417840657031,0.2356578621878758,0.19647179280764518,0.21130702692003658,0.8,0.0,0.9078052702421645,-0.00994405505871776,-0.7450801885472623,0.0,-0.10000000000000009,-0.3700000000000001,-0.04504504504504503,-0.14859437751004023
2019-06-07,109.6999969482422,110.0199966430664,108.95999908447266,109.16000366210938,89.85645294189453,10618900.0,16.299999237060547,2.09,-0.010962937011377072,-0.011023472845604386,0.023226548951449377,-0.03000000000000025,0.21682881272416843,0.2387436427637561,0.19965623732987542,0.21270477457888884,0.8,0.0,0.9027740094632396,0.023226548951449377,-0.7427500773317036,-0.03000000000000025,-0.050000000000000266,-0.3600000000000003,-0.02336448598130858,-0.14693877551020418
2019-06-10,110.75,111.20999908447266,110.22000122070312,110.33999633789062,90.82776641845705,11380600.0,15.9399995803833,2.15,0.010809612941105273,0.010751606717294786,-0.02208586954156,0.06000000000000005,0.07173059356430511,0.24060978161021734,0.2043370848621078,0.21301107817210355,0.8,0.0,0.9076692996843226,-0.02208586954156,-0.7805776286641933,0.06000000000000005,0.08000000000000007,-0.3200000000000003,0.03864734299516903,-0.12955465587044546
2019-06-11,110.81999969482422,111.56999969482422,110.37000274658205,110.68000030517578,91.10762786865234,9847700.0,15.989999771118164,2.15,0.003081232328294048,0.0030764950605507192,0.003136774909103357,0.0,-0.13469412860481877,0.12533667125143122,0.17878341169069636,0.21193444486143845,0.8,0.0,0.906989395022702,0.003136774909103357,-0.7018707622738224,0.0,0.029999999999999805,-0.25,0.014150943396226356,-0.10416666666666663
2019-06-12,110.6999969482422,110.9000015258789,108.88999938964844,109.2699966430664,89.94699096679688,9670500.0,15.90999984741211,2.13,-0.012739184731367703,-0.012821023931212747,-0.00500312225460775,-0.020000000000000018,-0.017994049371934606,0.15941929832244967,0.18257721448249378,0.21345300010870524,0.8,0.0,0.9080772372940539,-0.00500312225460775,-0.6800344069378784,-0.020000000000000018,0.009999999999999787,-0.29000000000000004,0.004716981132075304,-0.1198347107438017
2019-06-13,109.45999908447266,110.16000366210938,109.0500030517578,109.54000091552734,90.16924285888672,8406900.0,15.81999969482422,2.1,0.0024709208134809924,0.002467873108041219,-0.005656829255251572,-0.029999999999999805,-0.1306654257794323,0.15986264669220862,0.18241642303049507,0.21332001940893727,0.8,0.0,0.9093010630913503,-0.005656829255251572,-0.7388943467006737,-0.029999999999999805,-0.020000000000000018,-0.27,-0.009433962264150941,-0.11392405063291144
2019-06-14,109.56999969482422,110.3000030517578,108.62999725341795,109.81999969482422,90.39972686767578,9077400.0,15.279999732971191,2.09,0.0025561266955491657,0.002552865360116144,-0.03413400583248427,-0.010000000000000231,0.07975591478428434,0.13627623092812377,0.1763333499854825,0.20830164507183965,0.8,0.0,0.9166440049070264,-0.03413400583248427,-0.7199856077990047,-0.010000000000000231,0.0,-0.31000000000000005,0.0,-0.12916666666666665
2019-06-17,109.6999969482422,110.37000274658205,109.05999755859376,109.22000122070312,89.90581512451172,8128600.0,15.350000381469728,2.09,-0.0054636419851913365,-0.005478622266574821,0.0045811943535241095,0.0,-0.10452332165598077,0.11102185607878813,0.17654077619835115,0.20577597138508666,0.8,0.0,0.9156921331935164,0.0045811943535241095,-0.7159894237380363,0.0,-0.06000000000000005,-0.30000000000000027,-0.027906976744186074,-0.12552301255230136
2019-06-18,109.01000213623048,111.41000366210938,108.9800033569336,110.70999908447266,91.13236236572266,11057300.0,15.149999618530272,2.06,0.013642579620820605,0.013550357450302052,-0.013029365340009647,-0.029999999999999805,0.3602957458849003,0.15686851923991865,0.18261945057295945,0.196311213384674,0.8,0.0,0.9184117518399987,-0.013029365340009647,-0.7169931890000798,-0.029999999999999805,-0.08999999999999986,-0.3500000000000001,-0.041860465116279055,-0.1452282157676349
2019-06-19,110.81999969482422,111.58999633789062,109.6999969482422,109.91000366210938,90.4738311767578,13126500.0,14.329999923706056,2.03,-0.007226095888111739,-0.007252330578327834,-0.054125393760489415,-0.03000000000000025,0.18713429137312,0.13090691626370757,0.18367544457516807,0.1960789061806208,0.8,0.0,0.929562141605406,-0.054125393760489415,-0.6815667718291827,-0.03000000000000025,-0.10000000000000009,-0.40000000000000036,-0.04694835680751175,-0.16460905349794253
2019-06-20,110.87999725341795,111.08999633789062,109.02999877929688,110.19000244140624,90.7042999267578,13638000.0,14.75,2.01,0.002547352610167808,0.0025441136069303664,0.029309147140966774,-0.020000000000000018,0.038966975202833876,0.13095571916215126,0.1819143114513403,0.19536202872789885,0.8,0.0,0.9238509631967576,0.029309147140966774,-0.6862431068981077,-0.020000000000000018,-0.0900000000000003,-0.38000000000000034,-0.04285714285714304,-0.15899581589958167
2019-06-21,110.19000244140624,111.66999816894533,109.08999633789062,109.44000244140624,90.08694458007812,27089500.0,15.399999618530272,2.07,-0.006806241238598187,-0.006829509337461137,0.04406777074781498,0.06000000000000005,0.9863249743364129,0.14130449563210004,0.16870670719092443,0.19587357536678787,0.8,0.0,0.9150122414999986,0.04406777074781498,-0.6222297356837009,0.06000000000000005,-0.020000000000000018,-0.2400000000000002,-0.009569377990430672,-0.10389610389610393
2019-06-24,109.27999877929688,109.7699966430664,108.54000091552734,108.66000366210938,89.44485473632812,13039600.0,15.260000228881836,2.02,-0.0071274461215548035,-0.007152967707116669,-0.009090869682878422,-0.04999999999999982,-0.5186474464275826,0.14531972529622517,0.16685597764058874,0.19566511087331837,0.8,0.0,0.9169159589908129,-0.009090869682878422,-0.5867923064995373,-0.04999999999999982,-0.06999999999999984,-0.2999999999999998,-0.03349282296650713,-0.1293103448275862
2019-06-25,108.68000030517578,108.9800033569336,107.66999816894533,107.76000213623048,88.70402526855469,18660100.0,16.280000686645508,2.0,-0.008282527485312663,-0.008317018194951061,0.06684144446034601,-0.020000000000000018,0.4310331605263966,0.0710663286645694,0.16495297461265374,0.19650541638299257,0.8,0.0,0.9030459505789233,0.06684144446034601,-0.5804066233582119,-0.020000000000000018,-0.06000000000000005,-0.2599999999999998,-0.029126213592232997,-0.11504424778761058
2019-06-26,108.3000030517578,109.30999755859376,108.16000366210938,108.4800033569336,89.29668426513672,10324600.0,16.209999084472656,2.05,0.006681308934828323,0.00665908791238507,-0.004299852531964188,0.04999999999999982,-0.4467017861640613,0.1075178087159392,0.16650794262970167,0.1852835031294959,0.8,0.0,0.903997835260536,-0.004299852531964188,-0.573322102356355,0.04999999999999982,0.020000000000000018,-0.20000000000000018,0.009852216748768461,-0.08888888888888902
2019-06-27,108.83999633789062,109.5500030517578,108.44000244140624,108.83999633789062,89.59302520751953,10906600.0,15.81999969482422,2.01,0.003318610817652834,0.003313116381348022,-0.024059186408098676,-0.040000000000000036,0.05637022257520874,0.10995538006894742,0.16172068598232314,0.185172042753631,0.8,0.0,0.9093010630913503,-0.024059186408098676,-0.6426494126380755,-0.040000000000000036,0.0,-0.2100000000000004,0.0,-0.09459459459459474
2019-06-28,111.04000091552734,112.43000030517578,110.9000015258789,111.8000030517578,92.0295867919922,21634700.0,15.079999923706056,2.0,0.027195884711214813,0.026832647628570593,-0.04677621905139906,-0.009999999999999787,0.9836337630425613,0.22514585781451418,0.1804434609097843,0.1927530175414472,0.8,0.0,0.9193636105854058,-0.04677621905139906,-0.6323099598245147,-0.009999999999999787,-0.06999999999999984,-0.14000000000000012,-0.033816425120772875,-0.06542056074766356
2019-07-01,113.2300033569336,114.5199966430664,113.08000183105467,113.68000030517578,93.5771255493164,12724500.0,14.0600004196167,2.03,0.016815665605692587,0.016675847546348408,-0.06763922475131434,0.029999999999999805,-0.41184763366258836,0.2121811081373561,0.18710308632367573,0.19461686434991693,0.8,0.0,0.9332336060291926,-0.06763922475131434,-0.671442577603065,0.029999999999999805,0.009999999999999787,-0.040000000000000036,0.004950495049504955,-0.019323671497584516
2019-07-02,113.51000213623048,114.1999969482422,113.22000122070312,113.8000030517578,93.67591094970705,10174900.0,12.93000030517578,1.98,0.0010556575638624999,0.0010551007492523457,-0.08036984926859092,-0.04999999999999982,-0.2003693661833471,0.17017546448960882,0.15744830745653468,0.19447230568477933,0.8,0.0,0.9485993943221652,-0.08036984926859092,-0.4814946462701167,-0.04999999999999982,-0.020000000000000018,-0.14000000000000012,-0.010000000000000009,-0.0660377358490567
2019-07-03,113.33999633789062,113.87000274658205,112.26000213623048,112.81999969482422,93.52669525146484,6849400.0,12.56999969482422,1.96,-0.0015928929511271894,-0.0015941629539355862,-0.02784227392534966,-0.020000000000000018,-0.32683367895507576,0.19186024522276693,0.15775605108989815,0.1945185890627636,0.8,0.0,0.953494697511351,-0.02784227392534966,-0.47512601637296126,-0.020000000000000018,-0.08999999999999986,-0.16000000000000014,-0.04390243902439017,-0.07547169811320764
2019-07-05,113.51000213623048,114.2699966430664,112.91999816894533,113.48999786376952,94.08211517333984,7929400.0,13.279999732971191,2.04,0.005938624479156829,0.005921060352335594,0.05648369573464018,0.08000000000000007,0.15767804479224456,0.1876169985478954,0.15850849266651634,0.193912446180413,0.8,0.0,0.9438400876270268,0.05648369573464018,-0.3978765392876936,0.08000000000000007,0.03000000000000025,-0.08000000000000007,0.014925373134328401,-0.037735849056603765
2019-07-08,112.95999908447266,113.4800033569336,112.5,112.87000274658205,93.56814575195312,6917200.0,13.960000038146973,2.05,-0.005462987523609186,-0.0054779642098215005,0.0512048432868184,0.009999999999999787,-0.12765152470552632,0.13559167894423196,0.15373330990690898,0.19431841474103073,0.8,0.0,0.9345934153524337,0.0512048432868184,-0.39834804067736457,0.009999999999999787,0.04999999999999982,-0.040000000000000036,0.02499999999999991,-0.019138755980861233
2019-07-09,112.27999877929688,113.48999786376952,112.1500015258789,113.3499984741211,93.96607208251952,8947300.0,14.09000015258789,2.07,0.004252797010868337,0.004243779427255287,0.009312329089232074,0.020000000000000018,0.2934858035043082,0.07243823094832855,0.15053537335645834,0.19385090737445373,0.8,0.0,0.9328256684194614,0.009312329089232074,-0.382753817338222,0.020000000000000018,0.040000000000000036,-0.08000000000000007,0.019704433497536922,-0.037209302325581395
2019-07-10,113.37000274658205,113.83000183105467,112.73999786376952,113.0199966430664,93.6925048828125,9242300.0,13.029999732971191,2.07,-0.0029113401639985215,-0.002915586358186806,-0.0752306890090424,0.0,0.032970840365249776,0.07700054199841817,0.1513085021323551,0.17023437568214028,0.8,0.0,0.9472395979670268,-0.0752306890090424,-0.3196978194252327,0.0,0.08999999999999986,-0.08000000000000007,0.045454545454545414,-0.037209302325581395
2019-07-11,113.37000274658205,114.36000061035156,113.12000274658205,114.0999984741211,94.58779907226562,11595200.0,12.93000030517578,2.13,0.009555664997674462,0.009510298407223384,-0.007674553326534106,0.06000000000000005,0.25457948778983597,0.09931667579987213,0.1440636904260665,0.16941636269830612,0.8,0.0,0.9485993943221652,-0.007674553326534106,-0.32541425374260974,0.06000000000000005,0.16999999999999993,0.0,0.08673469387755106,0.0
2019-07-12,114.12999725341795,115.3499984741211,113.93000030517578,115.3000030517578,95.58258819580078,10783400.0,12.390000343322754,2.12,0.010517097694335176,0.010462177752374891,-0.041763337131312195,-0.009999999999999787,-0.0700117289913067,0.1140176898928159,0.1467975501929293,0.1694081032890151,0.8,0.0,0.9559423361378412,-0.041763337131312195,-0.3462803922222192,-0.009999999999999787,0.08000000000000007,0.020000000000000018,0.03921568627450989,0.00952380952380949
2019-07-15,115.54000091552734,115.56999969482422,113.52999877929688,113.9000015258789,94.4220199584961,12946600.0,12.68000030517578,2.09,-0.012142046571570808,-0.012216363404003705,0.023405968831091473,-0.03000000000000025,0.20060463304709097,0.15042046112155386,0.1563325934225847,0.1613395528177115,0.8,0.0,0.9519989046621652,0.023405968831091473,-0.38179873175331164,-0.03000000000000025,0.040000000000000036,0.0,0.019512195121951237,0.0
2019-07-16,113.4800033569336,115.5,112.91999816894533,115.12000274658205,95.43338012695312,16945000.0,12.859999656677246,2.13,0.010711062619731981,0.01065410554142972,0.014195532111146214,0.040000000000000036,0.3088378415954769,0.16327152417870033,0.15634322823953167,0.16202044448465408,0.8,0.0,0.9495512660356751,0.014195532111146214,-0.34649473916562046,0.040000000000000036,0.06000000000000005,0.040000000000000036,0.02898550724637694,0.019138755980861344
2019-07-17,114.43000030517578,114.94000244140624,113.7300033569336,113.98999786376952,94.4966278076172,13120900.0,13.970000267028809,2.06,-0.009815772197210082,-0.009864264476167148,0.0863142021761425,-0.06999999999999984,-0.2256771909117734,0.1853564611489433,0.15744154927575257,0.16335562349009145,0.8,0.0,0.9344574318264891,0.0863142021761425,-0.4226940576490522,-0.06999999999999984,-0.009999999999999787,0.0,-0.004830917874396046,0.0
2019-07-18,113.93000030517578,115.06999969482422,113.5500030517578,114.66999816894533,95.06034088134766,9397200.0,13.529999732971191,2.04,0.00596543058529142,0.005947707851821168,-0.03149610061898722,-0.020000000000000018,-0.2837991296328758,0.17746798550655699,0.15430237185035303,0.16377134971020696,0.8,0.0,0.9404405772870267,-0.03149610061898722,-0.5066703821992167,-0.020000000000000018,-0.08999999999999986,0.010000000000000231,-0.04225352112676051,0.0049261083743843415
2019-07-19,114.88999938964844,115.12000274658205,113.4000015258789,113.54000091552734,94.1235809326172,10402800.0,14.449999809265137,2.05,-0.009854371865757328,-0.009903247546019286,0.0679970505876657,0.009999999999999787,0.10701059890180065,0.167658625828266,0.16043004701041536,0.16504847422508226,0.8,0.0,0.9279303781983783,0.0679970505876657,-0.5541575375758336,0.009999999999999787,-0.07000000000000028,0.040000000000000036,-0.03301886792452846,0.01990049751243772
2019-07-22,112.91000366210938,114.4499969482422,112.7699966430664,114.2699966430664,94.7287368774414,9061100.0,13.529999732971191,2.05,0.006429376558223288,0.00640879628188931,-0.06366782618945466,0.0,-0.12897489137539897,0.15538223259865236,0.1577909701857853,0.16555042089798203,0.8,0.0,0.9404405772870267,-0.06366782618945466,-0.537594486830864,0.0,-0.040000000000000036,-0.020000000000000018,-0.019138755980861233,-0.009661835748792313
2019-07-23,114.87999725341795,116.4499969482422,114.81999969482422,116.36000061035156,96.46133422851562,12752200.0,12.609999656677246,2.08,0.018290092406867187,0.018124840605645415,-0.0679970505876657,0.03000000000000025,0.4073567226937127,0.19072191093952515,0.16269077052275124,0.16893736778127447,0.8,0.0,0.9529507763756752,-0.0679970505876657,-0.5940152833336355,0.03000000000000025,-0.04999999999999982,0.06000000000000005,-0.023474178403755763,0.02970297029702973
2019-07-24,115.58000183105467,116.87999725341795,115.5199966430664,116.83000183105467,96.85096740722656,10011000.0,12.06999969482422,2.05,0.004039267980555872,0.004031132039119532,-0.042823154365994376,-0.03000000000000025,-0.2149589874688289,0.15837939501534415,0.15629592429779515,0.16661687772735795,0.8,0.0,0.9602937181913511,-0.042823154365994376,-0.547433571740365,-0.03000000000000025,-0.010000000000000231,0.04999999999999982,-0.004854368932038944,0.02499999999999991
2019-07-25,116.88999938964844,117.23999786376952,115.31999969482422,115.70999908447266,95.92247772216795,10138400.0,12.739999771118164,2.08,-0.009586787927007623,-0.009633037002463998,0.05550953547921367,0.03000000000000025,0.012726001398461584,0.18789670475017434,0.16368786109870656,0.1678305063800043,0.8,0.0,0.9511830294427027,0.05550953547921367,-0.5907397252843546,0.03000000000000025,0.040000000000000036,0.03000000000000025,0.019607843137254832,0.014634146341463428
2019-07-26,115.7699966430664,116.51000213623048,115.52999877929688,116.22000122070312,96.34527587890624,12800400.0,12.15999984741211,2.08,0.00440770679384328,0.0043980213043556095,-0.04552589749812441,0.0,0.26256608537836335,0.15657026754991832,0.163709805279284,0.16726937153519178,0.8,0.0,0.9590698923940547,-0.04552589749812441,-0.5879712021728707,0.0,0.03000000000000025,0.07000000000000028,0.014634146341463428,0.034825870646766344
2019-07-29,116.45999908447266,117.18000030517578,115.79000091552734,115.8499984741211,96.03852081298828,8500400.0,12.829999923706056,2.06,-0.003183913929557969,-0.0031889933680422067,0.055098691176097114,-0.020000000000000018,-0.33592700228117867,0.1644667544626641,0.14029236967105901,0.16737000393506166,0.8,0.0,0.9499592036454063,0.055098691176097114,-0.6150778539065141,-0.020000000000000018,0.010000000000000231,0.06000000000000005,0.004878048780487809,0.030000000000000027
2019-07-30,115.19000244140624,116.08000183105467,114.76000213623048,115.58999633789062,95.82300567626952,7121100.0,13.9399995803833,2.06,-0.0022440488971964268,-0.002246570548101199,0.08651595193124617,0.0,-0.162262952331655,0.09215022738066272,0.12997419465009752,0.1669777847436001,0.8,0.0,0.934865382404323,0.08651595193124617,-0.5719095075105014,0.0,-0.020000000000000018,0.03000000000000025,-0.009615384615384581,0.014778325123152802
2019-07-31,116.0999984741211,116.18000030517578,114.86000061035156,116.0,96.16289520263672,13648000.0,16.1200008392334,2.02,0.0035470555736425435,0.0035407796084410397,0.15638460003383692,-0.040000000000000036,0.9165578351659154,0.09040286994856465,0.1302402438435253,0.16607418489622314,0.8,0.0,0.9052216351216269,0.15638460003383692,-0.47962077618091437,-0.040000000000000036,-0.029999999999999805,0.040000000000000036,-0.014634146341463317,0.02020202020202011
2019-08-01,115.33000183105467,116.8000030517578,112.5999984741211,112.94000244140624,93.6261749267578,15664500.0,17.8700008392334,1.9,-0.02637940830019192,-0.026733587471049203,0.10856078839281391,-0.1200000000000001,0.1477505861664712,0.20148108865077446,0.16389736594788443,0.1717233479315477,0.8,0.0,0.8814250627416266,0.10856078839281391,-0.57011659108732,-0.1200000000000001,-0.18000000000000016,-0.06000000000000005,-0.08653846153846156,-0.030612244897959218
2019-08-02,112.4000015258789,113.43000030517578,111.4000015258789,112.93000030517578,93.61788940429688,11025500.0,17.610000610351562,1.86,-8.849579156045007e-05,-8.849970754404577e-05,-0.014549536467340696,-0.039999999999999813,-0.29614733952567907,0.19074439460730197,0.1624253106905988,0.1713560947024331,0.8,0.0,0.8849605566075712,-0.014549536467340696,-0.5948429611682424,-0.039999999999999813,-0.21999999999999997,-0.17999999999999994,-0.10576923076923073,-0.08823529411764708
2019-08-05,110.79000091552734,110.9800033569336,108.2699966430664,109.56999969482422,90.8324966430664,15855300.0,24.59000015258789,1.75,-0.029752783137435568,-0.030204377211788983,0.39636566157376074,-0.1100000000000001,0.43805723096458205,0.25391327147082365,0.19369136600941347,0.18230926066321704,0.8,0.0,0.7900462341394591,0.39636566157376074,-0.7354645299577203,-0.1100000000000001,-0.31000000000000005,-0.2999999999999998,-0.15048543689320393,-0.14634146341463405
2019-08-06,110.0500030517578,110.5,108.33999633789062,110.43000030517578,91.54541015625,10203500.0,20.170000076293945,1.73,0.007848661432097837,0.00781802090926207,-0.17974786697302148,-0.020000000000000018,-0.35646124639710386,0.2843651688060998,0.19550022562745686,0.1830715958090812,0.8,0.0,0.8501495779881083,-0.17974786697302148,-0.7320264927942276,-0.020000000000000018,-0.33000000000000007,-0.33999999999999986,-0.1601941747572816,-0.16425120772946855
2019-08-07,108.0,108.27999877929688,105.94000244140624,108.02999877929688,89.55582427978516,17320900.0,19.489999771118164,1.71,-0.02173332199909328,-0.021972969224364217,-0.03371345079839605,-0.020000000000000018,0.6975449600627235,0.2700499522095045,0.2088316928007006,0.1798246229543468,0.8,0.0,0.8593962502627013,-0.03371345079839605,-0.6575848542229706,-0.020000000000000018,-0.31000000000000005,-0.3599999999999999,-0.1534653465346535,-0.17391304347826086
2019-08-08,109.0500030517578,110.08000183105467,108.72000122070312,109.86000061035156,91.07288360595705,10903300.0,16.90999984741211,1.72,0.016939817576044902,0.01679793889069459,-0.13237557485912876,0.010000000000000009,-0.3705119248999763,0.316049508680742,0.21576561269933053,0.18241801456438544,0.8,0.0,0.8944791959340537,-0.13237557485912876,-0.6920670730900549,0.010000000000000009,-0.17999999999999994,-0.4099999999999999,-0.09473684210526312,-0.19248826291079812
2019-08-09,109.3499984741211,110.4499969482422,108.29000091552734,109.73999786376952,90.97339630126952,9980800.0,17.969999313354492,1.74,-0.0010923921671128767,-0.0010929892623172855,0.0626847708756546,0.020000000000000018,-0.08460741243476744,0.3150387931213536,0.21083165564588882,0.1822570920057354,0.8,0.0,0.880065279354591,0.0626847708756546,-0.6834719898752826,0.020000000000000018,-0.1200000000000001,-0.3800000000000001,-0.06451612903225812,-0.179245283018868
2019-08-12,108.44000244140624,108.51000213623048,107.20999908447266,107.68000030517578,89.26567840576172,9393700.0,21.09000015258789,1.65,-0.018771618571351123,-0.01895004179329077,0.17362275784366643,-0.09000000000000008,-0.058822940044886196,0.26632414533930854,0.21624519300869355,0.18442087397737772,0.8,0.0,0.8376393788994598,0.17362275784366643,-0.7171981666742484,-0.09000000000000008,-0.10000000000000009,-0.43999999999999995,-0.05714285714285716,-0.21052631578947367
2019-08-13,107.9499969482422,110.33000183105467,107.02999877929688,109.33999633789062,90.6418228149414,12124700.0,17.520000457763672,1.68,0.015416276823936315,0.015298653365192032,-0.16927452200071014,0.030000000000000027,0.2907267636820423,0.2905133286840606,0.22066340832135126,0.18696444553051952,0.8,0.0,0.8861843824048677,-0.16927452200071014,-0.7572718401211611,0.030000000000000027,-0.050000000000000044,-0.44999999999999996,-0.028901734104046284,-0.21126760563380276
2019-08-14,106.3000030517578,106.91000366210938,104.4499969482422,104.8000030517578,86.8781967163086,19491800.0,22.100000381469727,1.59,-0.041521959529838726,-0.04240862706648728,0.26141551392919693,-0.08999999999999986,0.6076109099606588,0.3961257448222913,0.26139929422230673,0.20571615542110203,0.8,0.0,0.823905354013515,0.26141551392919693,-0.7916034375770383,-0.08999999999999986,-0.11999999999999988,-0.47,-0.07017543859649111,-0.22815533980582525
2019-08-15,104.81999969482422,106.37999725341795,104.33999633789062,105.1999969482422,87.20977020263672,13365600.0,21.18000030517578,1.52,0.0038165327879771116,0.003809268304276466,-0.041628962009672255,-0.07000000000000006,-0.3142962681743092,0.35775923217253686,0.26040625973410503,0.20575371895830596,0.8,0.0,0.8364155531021634,-0.041628962009672255,-0.7919691293906385,-0.07000000000000006,-0.19999999999999996,-0.52,-0.11627906976744184,-0.2549019607843137
2019-08-16,106.37000274658205,107.9800033569336,105.87000274658205,107.72000122070312,89.29885864257812,11830600.0,18.46999931335449,1.55,0.02395475226098287,0.02367233839589705,-0.12795094205730706,0.030000000000000027,-0.11484707009038131,0.42725016307257807,0.27754981518192207,0.21121389765225287,0.8,0.0,0.873266258674591,-0.12795094205730706,-0.8029738053859664,0.030000000000000027,-0.18999999999999995,-0.4999999999999998,-0.1091954022988505,-0.24390243902439013
2019-08-19,109.62999725341795,109.75,108.41999816894533,108.69000244140624,90.10296630859376,8265400.0,16.8799991607666,1.6,0.009004680219196315,0.008964379833654078,-0.08608555558733877,0.050000000000000044,-0.30135411559853265,0.4101616541760488,0.2787992109312121,0.20807910679336178,0.8,0.0,0.8948871465118877,-0.08608555558733877,-0.8048756720189226,0.050000000000000044,-0.04999999999999982,-0.44999999999999973,-0.030303030303030165,-0.21951219512195108
2019-08-20,107.8499984741211,108.44000244140624,107.23999786376952,107.30999755859376,88.958984375,8374000.0,17.5,1.55,-0.01269638481907176,-0.012777672687117964,0.036729909363647284,-0.050000000000000044,0.013139110024923184,0.4005578223311093,0.26991133713278753,0.20873873165260498,0.8,0.0,0.8864563494567571,0.036729909363647284,-0.8010837420106891,-0.050000000000000044,-0.1299999999999999,-0.53,-0.07738095238095233,-0.2548076923076923
2019-08-21,108.20999908447266,108.43000030517578,107.4499969482422,107.61000061035156,89.20764923095703,8189300.0,15.800000190734863,1.59,0.0027952753474433933,0.002791375830435011,-0.09714284624372205,0.040000000000000036,-0.02205636493909724,0.2079330123349864,0.26945462169667217,0.20763709578656622,0.8,0.0,0.9095730171751368,-0.09714284624372205,-0.7984391179002,0.040000000000000036,0.0,-0.45999999999999974,0.0,-0.2243902439024389
2019-08-22,108.37000274658205,109.2699966430664,107.93000030517578,108.72000122070312,90.12784576416016,9343400.0,16.68000030517578,1.62,0.010315220063929154,0.01026238123358057,0.05569620910238671,0.030000000000000027,0.1409277960265225,0.21006994276623514,0.2732738571197589,0.20861615287272184,0.8,0.0,0.8976067392221644,0.05569620910238671,-0.7739193911109569,0.030000000000000027,0.10000000000000009,-0.45999999999999996,0.06578947368421062,-0.22115384615384615
2019-08-23,108.0,108.77999877929688,105.11000061035156,106.0199966430664,87.88957214355469,14762300.0,19.8700008392334,1.52,-0.024834429377824208,-0.025148006378654116,0.19124703091688589,-0.10000000000000009,0.5799708885416444,0.24316377121574265,0.28246990466779426,0.21385741705201924,0.8,0.0,0.8542289800216261,0.19124703091688589,-0.78609959445924,-0.10000000000000009,-0.030000000000000027,-0.56,-0.01935483870967747,-0.2692307692307693
2019-08-26,106.62000274658205,106.98999786376952,106.01000213623048,106.87000274658205,88.59420776367188,8209500.0,19.31999969482422,1.54,0.008017283540375786,0.007985315871599985,-0.02767997590232607,0.020000000000000018,-0.4438874701096712,0.24016367248765114,0.28596970653088694,0.21338924711601426,0.8,0.0,0.8617079183313496,-0.02767997590232607,-0.7883833237548765,0.020000000000000018,-0.06000000000000005,-0.52,-0.03749999999999998,-0.2524271844660194
2019-08-27,107.3499984741211,107.55999755859376,104.83999633789062,105.73999786376952,87.65744018554688,14331800.0,20.309999465942383,1.49,-0.010573688752021582,-0.010629987406908322,0.051242224987373186,-0.050000000000000044,0.7457579633351605,0.2353024620622125,0.28682172064647793,0.2143368153236372,0.8,0.0,0.848245860497294,0.051242224987373186,-0.7929918241509464,-0.050000000000000044,-0.06000000000000005,-0.5700000000000001,-0.03870967741935483,-0.2766990291262136
2019-08-28,105.08000183105467,107.20999908447266,105.04000091552734,106.8000030517578,88.53619384765625,10585500.0,19.350000381469727,1.47,0.010024861098490767,0.009974945499225956,-0.04726731214751967,-0.020000000000000018,-0.2613977309200519,0.25132202131878323,0.2900908655878848,0.20592146580709558,0.8,0.0,0.8612999677535156,-0.04726731214751967,-0.8346038819129173,-0.020000000000000018,-0.1200000000000001,-0.55,-0.07547169811320764,-0.2722772277227723
2019-08-29,108.13999938964844,109.88999938964844,108.0199966430664,109.22000122070312,90.54234313964844,10002200.0,17.8799991607666,1.5,0.022659086694467145,0.02240618284183072,-0.07596905383582586,0.030000000000000027,-0.05510367956166451,0.2976745284071165,0.29174737295258263,0.21100437132994526,0.8,0.0,0.8812891051518874,-0.07596905383582586,-0.830911583030214,0.030000000000000027,-0.1200000000000001,-0.3999999999999999,-0.07407407407407418,-0.21052631578947367
2019-08-30,109.83999633789062,110.55999755859376,109.47000122070312,109.86000061035156,91.07288360595705,10170300.0,18.979999542236328,1.5,0.005859584012425367,0.0058424834190840295,0.06152127701904009,0.0,0.016806302613425084,0.18770571567697805,0.29293223415863345,0.21130094857860138,0.8,0.0,0.8663312544686461,0.06152127701904009,-0.8183228896378879,0.0,-0.020000000000000018,-0.3600000000000001,-0.013157894736842146,-0.19354838709677424
2019-09-03,108.9800033569336,108.98999786376952,107.31999969482422,108.55999755859376,89.99520111083984,9868800.0,19.65999984741211,1.47,-0.011833187359917008,-0.01190375678138174,0.035827203455014445,-0.030000000000000027,-0.029645143211114666,0.2301985435773941,0.27574538865886433,0.21150541956354688,0.8,0.0,0.857084582194053,0.035827203455014445,-0.804193177842155,-0.030000000000000027,-0.07000000000000006,-0.28,-0.045454545454545525,-0.16000000000000003
2019-09-04,109.4499969482422,110.22000122070312,108.55999755859376,109.87000274658205,91.0811767578125,6929200.0,17.329999923706055,1.47,0.012067039503974808,0.011994813240344295,-0.11851474780213478,0.0,-0.297868028534371,0.19885053069260702,0.27779998755174107,0.21178985368199896,0.8,0.0,0.8887680175254054,-0.11851474780213478,-0.8254308292376858,0.0,-0.020000000000000018,-0.26,-0.01342281879194629,-0.1502890173410405
2019-09-05,111.25,113.72000122070312,111.1999969482422,112.37000274658205,93.15364074707033,13224700.0,16.270000457763672,1.57,0.022754031766284433,0.02249901990347715,-0.061165578223251416,0.10000000000000009,0.9085464411476072,0.22604275787523523,0.2765346726919576,0.21666115844909517,0.8,0.0,0.903181934104868,-0.061165578223251416,-0.8768024435905375,0.10000000000000009,0.10000000000000009,-0.1399999999999999,0.06802721088435382,-0.08187134502923976
2019-09-06,112.66000366210938,112.9800033569336,111.95999908447266,112.61000061035156,93.35259246826172,7836600.0,15.0,1.55,0.0021357374719426225,0.0021334600267749458,-0.07805780098535009,-0.020000000000000018,-0.40742701157682215,0.2013640521764567,0.27094795705559616,0.21493301755630267,0.8,0.0,0.9204514528567576,-0.07805780098535009,-0.8619945569779687,-0.020000000000000018,0.050000000000000044,-0.16999999999999993,0.03333333333333344,-0.09883720930232553
2019-09-09,113.70999908447266,116.05999755859376,113.5999984741211,115.4000015258789,95.66551208496094,13985100.0,15.270000457763672,1.63,0.024776169097666667,0.02447421713178684,0.018000030517578036,0.07999999999999985,0.78458770385116,0.23959939490928206,0.2829656161199018,0.22040341443279168,0.8,0.0,0.9167799754648682,0.018000030517578036,-0.8141847729695441,0.07999999999999985,0.1299999999999999,-0.1100000000000001,0.08666666666666667,-0.06321839080459779
2019-09-10,116.3000030517578,117.2699966430664,115.7300033569336,116.87000274658205,96.88410949707033,14333100.0,15.199999809265137,1.72,0.012738105776584963,0.012657658550417193,-0.004584194263265062,0.09000000000000008,0.02488362614496853,0.14325670772882299,0.27324138835197065,0.22167938632534592,0.8,0.0,0.9177318471783781,-0.004584194263265062,-0.7886372439957255,0.09000000000000008,0.25,0.07000000000000006,0.17006802721088432,0.042424242424242475
2019-09-11,116.88999938964844,117.1999969482422,115.37999725341795,117.19000244140624,97.14940643310548,9919200.0,14.609999656677246,1.75,0.0027382915259512863,0.002734549235808346,-0.038815799999435296,0.030000000000000027,-0.30795152479226406,0.16751502249559982,0.2700294023656467,0.22126834754854202,0.8,0.0,0.9257546936556746,-0.038815799999435296,-0.7907112505815661,0.030000000000000027,0.28,0.07000000000000006,0.19047619047619047,0.04166666666666674
2019-09-12,116.5500030517578,118.47000122070312,115.91999816894533,117.91000366210938,97.74624633789062,12283500.0,14.220000267028809,1.79,0.00614352600492829,0.006124731486171231,-0.02669400402553701,0.040000000000000036,0.2383559157996613,0.1475453377128657,0.20864942250500843,0.2200310365245917,0.8,0.0,0.931057921486489,-0.02669400402553701,-0.6526766201728805,0.040000000000000036,0.21999999999999997,0.19999999999999996,0.14012738853503182,0.12578616352201255
2019-09-13,119.0,120.4000015258789,118.75,120.2300033569336,99.66951751708984,16257200.0,13.739999771118164,1.9,0.019676164060058454,0.019485090671132375,-0.03375530850189912,0.10999999999999988,0.32349900272723575,0.14340636519960048,0.2139256321797334,0.2224703370377111,0.8,0.0,0.9375849880827025,-0.03375530850189912,-0.6503785048601297,0.10999999999999988,0.34999999999999987,0.3799999999999999,0.22580645161290303,0.25
2019-09-16,118.9000015258789,119.87000274658205,118.37999725341795,119.16000366210938,98.78252410888672,11993900.0,14.670000076293944,1.84,-0.008899344857880354,-0.008939180544448434,0.06768561285791752,-0.05999999999999983,-0.26224073026105355,0.17008312142751356,0.2108613833772399,0.22350745513691794,0.8,0.0,0.9249388054681095,0.06768561285791752,-0.6351931605659797,-0.05999999999999983,0.2100000000000002,0.29000000000000004,0.128834355828221,0.1870967741935483
2019-09-17,118.41999816894533,118.61000061035156,117.23999786376952,118.56999969482422,98.29339599609376,10735400.0,14.4399995803833,1.81,-0.0049515652409710675,-0.004963864858509146,-0.015678288664927376,-0.030000000000000027,-0.10492833857210748,0.175249350329229,0.2132120775827758,0.22324582339643964,0.8,0.0,0.928066361724323,-0.015678288664927376,-0.6247642548839883,-0.030000000000000027,0.09000000000000008,0.20999999999999996,0.05232558139534893,0.13124999999999987
2019-09-18,118.31999969482422,120.08000183105467,117.75,119.76000213623048,99.27989196777344,10665600.0,13.949999809265137,1.8,0.010036238566005773,0.00998620997782714,-0.033933503141082344,-0.010000000000000009,-0.00650185368034728,0.18226970923057428,0.20407380618625653,0.22318704368690606,0.8,0.0,0.9347293988783784,-0.033933503141082344,-0.620116275065099,-0.010000000000000009,0.050000000000000044,0.25,0.028571428571428692,0.16129032258064524
2019-09-19,119.6999969482422,120.33999633789062,119.08999633789062,119.37999725341795,98.9648666381836,9382600.0,14.050000190734863,1.79,-0.0031731030659472026,-0.0031781480324399617,0.0071684862248750925,-0.010000000000000009,-0.12029327932793277,0.1883889664175186,0.20620909675667226,0.22244537203499343,0.8,0.0,0.9333695895551373,0.0071684862248750925,-0.6616419443618342,-0.010000000000000009,0.0,0.19999999999999996,0.0,0.12578616352201255
2019-09-20,119.73999786376952,120.33999633789062,118.87000274658205,118.9000015258789,98.56696319580078,21862800.0,15.31999969482422,1.74,-0.004020653550088182,-0.004028758108615397,0.09039142255149901,-0.050000000000000044,1.3301430307164326,0.11388155652467638,0.20778027420821155,0.22253156677520075,0.8,0.0,0.9161000837713504,0.09039142255149901,-0.7032490877894588,-0.050000000000000044,-0.15999999999999992,0.11999999999999988,-0.0842105263157894,0.07407407407407396
2019-09-23,117.77999877929688,119.12000274658205,117.68000030517578,118.87999725341795,98.55036163330078,9135100.0,14.90999984741211,1.72,-0.00016842927855065248,-0.0001684434643544812,-0.02676239266183711,-0.020000000000000018,-0.5821623945697715,0.09708689513503443,0.17721701338374246,0.22253456360173676,0.8,0.0,0.9216752786540541,-0.02676239266183711,-0.5464323571250296,-0.020000000000000018,-0.1200000000000001,0.19999999999999996,-0.0652173913043479,0.13157894736842102
2019-09-24,118.75,119.26000213623048,117.04000091552734,117.33000183105467,97.26543426513672,11696500.0,17.049999237060547,1.64,-0.013038281614279557,-0.013124026130915699,0.1435277942018136,-0.08000000000000007,0.28039101925539955,0.1319158734889732,0.18908843581710705,0.2181983409571524,0.8,0.0,0.8925754784432394,0.1435277942018136,-0.6186575039444119,-0.08000000000000007,-0.17000000000000015,0.09999999999999987,-0.09392265193370175,0.06493506493506485
2019-09-25,117.2699966430664,118.36000061035156,117.12000274658205,118.0,97.82086181640624,9389400.0,15.960000038146973,1.73,0.005710431002194261,0.005694188296974285,-0.0639295746444557,0.09000000000000008,-0.1972470397127346,0.10859399654674637,0.18024249731097006,0.2159610716981489,0.8,0.0,0.9073973326324333,-0.0639295746444557,-0.5858414288525992,0.09000000000000008,-0.07000000000000006,0.24,-0.03888888888888897,0.1610738255033557
2019-09-26,117.87999725341795,118.0500030517578,116.9499969482422,117.02999877929688,97.0167465209961,9899200.0,16.06999969482422,1.7,-0.008220284308262715,-0.008254257151032807,0.00689220904851684,-0.030000000000000027,0.05429526913327787,0.11502247044554177,0.18575061243130359,0.21674420884079537,0.8,0.0,0.9059015527513503,0.00689220904851684,-0.5743606986823009,-0.030000000000000027,-0.09000000000000008,0.22999999999999998,-0.05027932960893855,0.15646258503401356
2019-09-27,117.95999908447266,118.63999938964844,117.27999877929688,117.72000122070312,97.58877563476562,10207800.0,17.219999313354492,1.69,0.00589618941350234,0.005878874915074296,0.0715618942357954,-0.010000000000000009,0.031174236301923397,0.13458066465933366,0.17357145584751393,0.21696441039556116,0.8,0.0,0.8902638103745911,0.0715618942357954,-0.5039976646541726,-0.010000000000000009,-0.050000000000000044,0.18999999999999995,-0.028735632183908066,0.1266666666666667
2019-09-30,118.36000061035156,118.7699966430664,117.22000122070312,117.69000244140624,97.56389617919922,9755000.0,16.239999771118164,1.68,-0.000254941773831896,-0.00025497427701031425,-0.056910544791736295,-0.010000000000000009,-0.04435823585885301,0.13450806985987143,0.17394428683256372,0.21669969627791735,0.8,0.0,0.903589884682702,-0.056910544791736295,-0.5016898412492907,-0.010000000000000009,-0.040000000000000036,0.17999999999999994,-0.023255813953488413,0.11999999999999988
2019-10-01,118.4000015258789,119.0,115.41000366210938,115.5500030517578,95.7898406982422,11250300.0,18.559999465942383,1.65,-0.0181835243407924,-0.018350876424217212,0.14285712607891754,-0.030000000000000027,0.15328549461814456,0.16366891724138896,0.18276982077537146,0.21982660248887764,0.8,0.0,0.8720424328772944,0.14285712607891754,-0.5893903771304151,-0.030000000000000027,0.010000000000000009,0.17999999999999994,0.0060975609756097615,0.12244897959183665
2019-10-02,114.80999755859376,114.9000015258789,112.93000030517578,113.25,93.88316345214844,12548700.0,20.559999465942383,1.6,-0.01990479608479767,-0.02010556518372204,0.10775862379037249,-0.04999999999999982,0.11541025572651398,0.1785656992373673,0.1970567069688724,0.2236347824534918,0.8,0.0,0.844846350157294,0.10775862379037249,-0.6282008089477354,-0.04999999999999982,-0.1299999999999999,0.13000000000000012,-0.07514450867052014,0.08843537414965996
2019-10-03,112.2699966430664,112.91000366210938,110.5199966430664,112.19000244140624,93.74948120117188,12735200.0,19.1200008392334,1.54,-0.001423921457916144,-0.001424936197462633,-0.07003884553082507,-0.06000000000000005,0.014862097269039864,0.18494484559359198,0.18090401539685894,0.22357305215005435,0.9,0.125,0.8644275110416263,-0.07003884553082507,-0.5640578943582423,-0.06000000000000005,-0.15999999999999992,-0.030000000000000027,-0.09411764705882353,-0.019108280254777066
2019-10-04,112.33999633789062,114.94000244140624,112.2699966430664,114.62000274658205,95.78003692626952,9453100.0,17.040000915527344,1.52,0.021659380927563587,0.021428149465499282,-0.10878660211342595,-0.020000000000000018,-0.2577187637414411,0.2670800550825848,0.1958209117422672,0.2270432518396003,0.9,0.0,0.8927114360329784,-0.10878660211342595,-0.6422410524187648,-0.020000000000000018,-0.16999999999999993,-0.030000000000000027,-0.10059171597633132,-0.01935483870967747
2019-10-07,114.19000244140624,115.5,114.06999969482422,114.37000274658205,95.5711441040039,6771600.0,17.860000610351562,1.56,-0.002180964102429961,-0.002183345868298707,0.04812204523281527,0.040000000000000036,-0.28366356010197713,0.2658420621610785,0.1757866739864014,0.22608108013674655,0.9,0.0,0.8815610462675711,0.04812204523281527,-0.7321406137006489,0.040000000000000036,-0.11999999999999988,-0.06999999999999984,-0.0714285714285714,-0.04294478527607348
2019-10-08,113.05999755859376,113.05999755859376,111.66000366210938,111.81999969482422,93.44026184082033,10806300.0,20.280000686645508,1.54,-0.022296293333735506,-0.022548613267444985,0.13549831990998507,-0.020000000000000018,0.5958266879319511,0.28121727004716696,0.18614898292699666,0.22943210566405603,0.9,0.0,0.8486537851389224,0.13549831990998507,-0.7837328171933897,-0.020000000000000018,-0.10999999999999988,-0.17999999999999994,-0.06666666666666654,-0.10465116279069764
2019-10-09,112.66999816894533,113.16000366210938,112.06999969482422,112.62999725341795,94.1171417236328,7273700.0,18.63999938964844,1.59,0.0072439852958199324,0.007217873660043571,-0.0808679113150631,0.050000000000000044,-0.3269018998176989,0.25414853349150973,0.18826877409673787,0.22884674772325875,0.9,0.0,0.8709545906059426,-0.0808679113150631,-0.7887371121554458,0.050000000000000044,-0.010000000000000009,-0.15999999999999992,-0.006249999999999978,-0.09142857142857141
2019-10-10,113.13999938964844,115.4000015258789,113.0,114.20999908447266,95.43743896484376,10994100.0,17.56999969482422,1.67,0.014028233508067034,0.013930748477681477,-0.05740341898393175,0.07999999999999985,0.5114865886687656,0.2697321963760157,0.19444643276427648,0.22976263125058324,0.9,0.0,0.88550449071135,-0.05740341898393175,-0.7949492356293362,0.07999999999999985,0.1299999999999999,-0.1200000000000001,0.08441558441558428,-0.06703910614525144
2019-10-11,116.02999877929688,117.98999786376952,115.87000274658205,116.13999938964844,97.05022430419922,15076500.0,15.579999923706056,1.76,0.01689887487393249,0.016757677386898904,-0.11326122969167596,0.09000000000000008,0.37132643872622584,0.25168449189600217,0.19080608498357424,0.23198198312933238,0.9,0.0,0.9125645899054057,-0.11326122969167596,-0.8372069009986759,0.09000000000000008,0.24,-0.1399999999999999,0.1578947368421053,-0.0736842105263158
2019-10-14,115.8499984741211,116.87000274658205,115.66000366210938,116.4499969482422,97.30924987792967,8779000.0,14.56999969482422,1.76,0.0026689848023282448,0.0026654293872182596,-0.06482671590678568,0.0,-0.4177030477896063,0.24816597626834164,0.1891082541040893,0.23103847019445817,0.9,0.0,0.9262986147913506,-0.06482671590678568,-0.8292075874497512,0.0,0.19999999999999996,-0.08000000000000007,0.1282051282051282,-0.0434782608695653
2019-10-15,118.8499984741211,121.58999633789062,117.87000274658205,119.95999908447266,100.24230194091795,23379000.0,13.539999961853027,1.77,0.030141554545612737,0.029696224396369805,-0.07069318836959793,0.010000000000000009,1.6630595739833693,0.16429088166896957,0.21685378838284164,0.23837155063462223,0.9,0.0,0.940304593761082,-0.07069318836959793,-0.8078378233955071,0.010000000000000009,0.22999999999999998,-0.040000000000000036,0.14935064935064934,-0.02209944751381221
2019-10-16,119.95999908447266,120.62000274658205,119.37999725341795,119.68000030517578,100.00833892822266,11087700.0,13.68000030517578,1.75,-0.002333974860565302,-0.0023367028253843242,0.01033975950643895,-0.020000000000000018,-0.5257410496599513,0.19955416898571,0.21446564154029069,0.2357460352809563,0.9,0.0,0.938400863302165,0.01033975950643895,-0.8065397502239159,-0.020000000000000018,0.15999999999999992,-0.050000000000000044,0.10062893081761004,-0.02777777777777779
2019-10-17,120.75,121.56999969482422,119.87999725341795,120.3499984741211,100.5682144165039,10818500.0,13.789999961853027,1.76,0.005598288045590705,0.005582675871598973,0.008040910396444279,0.010000000000000009,-0.024279156182075656,0.20360122988835602,0.21480005635890995,0.2358638482981648,0.9,0.0,0.9369050834210819,0.008040910396444279,-0.8034172161344649,0.010000000000000009,0.09000000000000008,-0.030000000000000027,0.05389221556886237,-0.016759776536312887
2019-10-18,120.0,121.0199966430664,119.86000061035156,120.55999755859376,100.74369049072266,10417400.0,14.25,1.76,0.0017448462741120885,0.0017433257982594332,0.03335750829727768,0.0,-0.03707538013587841,0.2023014608310708,0.21405366207574378,0.23490034977960092,0.9,0.0,0.9306499838767578,0.03335750829727768,-0.8047376500688656,0.0,0.0,0.020000000000000018,0.0,0.011494252873563315
2019-10-21,122.0500030517578,123.7699966430664,121.98999786376952,123.5500030517578,103.24224090576172,12714600.0,14.0,1.8,0.02480106101800139,0.024498506941382885,-0.01754385964912286,0.040000000000000036,0.22051567569643105,0.22744884061223483,0.22947918633307252,0.23977056860373647,0.9,0.0,0.9340494942167579,-0.01754385964912286,-0.7706171650720965,0.040000000000000036,0.040000000000000036,0.08000000000000007,0.022727272727272707,0.04651162790697683
2019-10-22,123.4499969482422,125.0999984741211,123.12000274658205,124.79000091552734,104.27839660644533,12549100.0,14.460000038146973,1.78,0.010036160505557001,0.009986132693024072,0.03285714558192665,-0.020000000000000018,-0.013016532175609163,0.1641931741900009,0.2234258354920338,0.24027146329675703,0.9,0.0,0.9277943946724336,0.03285714558192665,-0.7335494587028415,-0.020000000000000018,0.010000000000000009,0.14000000000000012,0.005649717514124353,0.08536585365853666
2019-10-23,124.1999969482422,125.1500015258789,124.16999816894533,125.12000274658205,104.5541763305664,8828300.0,14.010000228881836,1.77,0.002644648681757955,0.0026411577519337556,-0.031120318677592684,-0.010000000000000009,-0.2964993505510355,0.14761763881036088,0.22328751461180807,0.2401658421764111,0.9,0.0,0.9339135106908132,-0.031120318677592684,-0.7356066128601706,-0.010000000000000009,0.020000000000000018,0.040000000000000036,0.011428571428571344,0.023121387283236983
2019-10-24,125.29000091552734,125.66000366210938,124.06999969482422,125.02999877929688,104.47894287109376,8020500.0,13.710000038146973,1.77,-0.0007195643647440741,-0.000719823375438943,-0.02141328949562815,0.0,-0.09150119502055887,0.16254110816194364,0.2196762920145604,0.24016640236201806,0.9,0.0,0.9379929256924338,-0.02141328949562815,-0.736972208346146,0.0,0.010000000000000009,0.07000000000000006,0.005681818181818121,0.04117647058823537
2019-10-25,125.0,126.6500015258789,124.75,126.02999877929688,105.31459045410156,9055700.0,12.649999618530272,1.8,0.00799823926280352,0.007966422884559534,-0.07731585825436438,0.030000000000000027,0.1290692600211958,0.15412902974750725,0.220074885266791,0.23324437582030302,0.9,0.0,0.9524068552399992,-0.07731585825436438,-0.7636390465153142,0.030000000000000027,0.040000000000000036,0.1100000000000001,0.022727272727272707,0.06508875739644981
2019-10-28,126.56999969482422,127.20999908447266,126.4000015258789,126.51000213623048,105.71570587158205,9522200.0,13.109999656677246,1.85,0.003808735482433434,0.003801500614093493,0.03636364047577878,0.050000000000000044,0.05151451571938126,0.06782855241888902,0.21955167901039518,0.23323464393005197,0.9,0.0,0.946151755695675,0.03636364047577878,-0.7758863370714961,0.050000000000000044,0.050000000000000044,0.17000000000000015,0.0277777777777779,0.10119047619047628
2019-10-29,126.05999755859376,127.41999816894533,125.94000244140624,126.43000030517578,105.64884185791016,9797300.0,13.199999809265137,1.84,-0.0006324889298200409,-0.0006326890353240062,0.0068650003771777435,-0.010000000000000009,0.028890382474638265,0.05707909816748358,0.20407806764083733,0.22344923470380865,0.9,0.0,0.9449279298983786,0.0068650003771777435,-0.7338903596477961,-0.010000000000000009,0.06000000000000005,0.19000000000000017,0.03370786516853941,0.11515151515151523
2019-10-30,126.0500030517578,126.26000213623048,124.91999816894533,125.7300033569336,105.06389617919922,8513700.0,12.329999923706056,1.78,-0.00553669750112018,-0.005552081822563713,-0.06590908319168487,-0.06000000000000005,-0.13101568799567231,0.08130513188620937,0.18618236417491735,0.223774591801699,0.9,0.0,0.9567582243254064,-0.06590908319168487,-0.609518196585928,-0.06000000000000005,0.010000000000000009,0.17999999999999994,0.005649717514124353,0.11250000000000004
2019-10-31,125.48999786376952,125.7300033569336,123.86000061035156,124.91999816894533,104.38703155517578,11589100.0,13.220000267028809,1.69,-0.006442409320790543,-0.0064632512025644155,0.07218169901295846,-0.09000000000000008,0.36122954767022564,0.09745703834424055,0.18954167394468535,0.218792255903573,0.9,0.0,0.9446559628464892,0.07218169901295846,-0.6745808364342989,-0.09000000000000008,-0.08000000000000007,0.1499999999999999,-0.04519774011299438,0.09740259740259738
2019-11-01,126.1999969482422,127.98999786376952,126.0199966430664,127.8000030517578,106.79367065429688,11682600.0,12.300000190734863,1.73,0.02305496251082695,0.022793212320809143,-0.06959153235332838,0.040000000000000036,0.008067925895884898,0.1891798180652737,0.19113044855458805,0.2207951481000951,0.9,0.0,0.9571661619351376,-0.06959153235332838,-0.6556746474863575,0.040000000000000036,-0.07000000000000006,0.20999999999999996,-0.03888888888888897,0.13815789473684204
2019-11-04,129.0800018310547,129.4199981689453,128.55999755859375,128.82000732421875,107.6460189819336,9159900.0,12.829999923706056,1.79,0.007981262582460236,0.007949580768527953,0.04308940851646681,0.06000000000000005,-0.2159365209799189,0.19283472077402278,0.1891425360181633,0.22091738044832818,0.9,0.0,0.9499592036454063,0.04308940851646681,-0.6213243290700439,0.06000000000000005,-0.06000000000000005,0.22999999999999998,-0.032432432432432434,0.14743589743589736
2019-11-05,129.38999938964844,130.3000030517578,128.83999633789062,129.10000610351562,107.87997436523438,13747600.0,13.100000381469728,1.86,0.00217337701397069,0.0021710186466110345,0.021044462928233587,0.07000000000000006,0.500846079105667,0.1899459047154808,0.1574416369901337,0.21622449273790886,0.9,0.0,0.9462877262535169,0.021044462928233587,-0.45801971621465587,0.07000000000000006,0.020000000000000018,0.32000000000000006,0.010869565217391353,0.20779220779220786
2019-11-06,128.69000244140625,129.83999633789062,128.5800018310547,129.3000030517578,108.04711151123048,11231100.0,12.619999885559082,1.81,0.0015492879654406266,0.0015480890569839175,-0.03664125816283326,-0.050000000000000044,-0.18305013238674384,0.1729565704798265,0.15870711155123096,0.21475785374061934,0.9,0.0,0.9528147928497305,-0.03664125816283326,-0.4596834318739276,-0.050000000000000044,0.030000000000000027,0.21999999999999997,0.016853932584269593,0.1383647798742138
2019-11-07,130.42999267578125,131.2899932861328,129.9199981689453,130.0,108.63204956054688,13528900.0,12.729999542236328,1.92,0.00541373148374813,0.005399129915067199,0.008716296170740545,0.10999999999999988,0.2045926044643891,0.13775344054690344,0.15657025325078838,0.1928871953514667,0.9,0.0,0.9513190129686474,0.008716296170740545,-0.4430326957826956,0.10999999999999988,0.22999999999999998,0.25,0.13609467455621305,0.14970059880239517
2019-11-08,129.8800048828125,130.39999389648438,129.25,130.3800048828125,108.9495849609375,9293400.0,12.06999969482422,1.94,0.002923036080743735,0.00291877231751416,-0.051846022870803865,0.020000000000000018,-0.3130705378855635,0.0420620617739263,0.1521595669226391,0.19289415357902004,0.9,0.0,0.9602937181913511,-0.051846022870803865,-0.3594350757257919,0.020000000000000018,0.20999999999999996,0.17999999999999994,0.12138728323699421,0.10227272727272729
2019-11-11,129.60000610351562,130.10000610351562,129.35000610351562,129.9199981689453,108.5652084350586,8679000.0,12.6899995803833,1.94,-0.003528021938006609,-0.003534260083936391,0.05136701750083272,0.0,-0.06611143392084706,0.05193377498683753,0.15540109850517286,0.1888847385878809,0.9,0.0,0.9518629341043233,0.05136701750083272,-0.4345782005205648,0.0,0.1499999999999999,0.17999999999999994,0.0837988826815641,0.10227272727272729
2019-11-12,129.6300048828125,130.6199951171875,129.00999450683594,129.16000366210938,107.9301300048828,9099000.0,12.68000030517578,1.92,-0.005849741729696767,-0.005866918488005443,-0.0007879649754266582,-0.020000000000000018,0.0483926719668164,0.07400608572100272,0.1312777377735024,0.18941513192045728,0.9,0.0,0.9519989046621652,-0.0007879649754266582,-0.3024761907446821,-0.020000000000000018,0.05999999999999983,0.1499999999999999,0.032258064516129004,0.0847457627118644
2019-11-13,128.1300048828125,128.82000732421875,127.41999816894533,128.47999572753906,107.36188507080078,8023300.0,13.0,1.88,-0.005264933286528106,-0.005278841887835122,0.025236568385065494,-0.040000000000000036,-0.11822178261347405,0.08108145748762398,0.13346770025315816,0.18735799557973373,0.9,0.0,0.9476475355767581,0.025236568385065494,-0.3194464815056029,-0.040000000000000036,0.06999999999999984,0.1299999999999999,0.03867403314917128,0.07428571428571429
2019-11-14,127.72000122070312,128.83999633789062,127.58999633789062,128.60000610351562,107.46217346191406,8483400.0,13.050000190734863,1.82,0.0009341154083419845,0.0009336793940479213,0.0038461685180664062,-0.05999999999999983,0.05734548128575523,0.061850329285898446,0.13354768344047466,0.18741117179991493,0.9,0.0,0.9469676309151375,0.0038461685180664062,-0.3245606720007763,-0.05999999999999983,-0.09999999999999987,0.06000000000000005,-0.05208333333333326,0.03409090909090917
2019-11-15,129.22999572753906,129.52999877929688,128.39999389648438,129.52999877929688,108.23929595947266,10163600.0,12.050000190734863,1.84,0.007231591103394219,0.007205568529546011,-0.07662835137044455,0.020000000000000018,0.1980573826531815,0.08659014118018583,0.13410135867110629,0.18701668442516747,0.9,0.0,0.9605656722751377,-0.07662835137044455,-0.3350473097969554,0.020000000000000018,-0.09999999999999987,0.08000000000000007,-0.05154639175257725,0.045454545454545414
2019-11-18,129.55999755859375,130.64999389648438,128.99000549316406,130.6199951171875,109.15015411376952,8749300.0,12.460000038146973,1.81,0.00841522615444501,0.008380015537789822,0.03402488306409768,-0.030000000000000027,-0.13915344956511477,0.10634991233506938,0.11097859204441468,0.17781976686542364,0.9,0.0,0.954990477392434,0.03402488306409768,-0.324444781175758,-0.030000000000000027,-0.1299999999999999,0.010000000000000009,-0.0670103092783505,0.005555555555555536
2019-11-19,130.99000549316406,131.25,130.17999267578125,130.5800018310547,109.11671447753906,8824500.0,12.859999656677246,1.79,-0.0003063636190160368,-0.0003064105579367283,0.032102698018110276,-0.020000000000000018,0.008594973312150644,0.08947161022805794,0.10809365820978223,0.1777604399549995,0.9,0.0,0.9495512660356751,0.032102698018110276,-0.39773353176673687,-0.020000000000000018,-0.1299999999999999,0.010000000000000009,-0.06770833333333326,0.00561797752808979
2019-11-20,130.3000030517578,130.6199951171875,128.94000244140625,129.6300048828125,108.32288360595705,11782800.0,12.779999732971191,1.73,-0.0072750620780963615,-0.007301654394547634,-0.006220834046796964,-0.06000000000000005,0.3352371239163692,0.10056935738489918,0.11327563313798114,0.17676068580006188,0.9,0.0,0.9506391083070269,-0.006220834046796964,-0.3775648455873692,-0.06000000000000005,-0.1499999999999999,-0.040000000000000036,-0.07978723404255317,-0.02259887005649719
2019-11-21,130.0,130.72000122070312,129.38999938964844,129.92999267578125,108.57356262207033,7705500.0,13.130000114440918,1.77,0.002314183372602585,0.0023115097742649675,0.02738657189223237,0.040000000000000036,-0.3460382931052042,0.10031231303117939,0.1129021647635152,0.17626388244256938,0.9,0.0,0.9458797886437856,0.02738657189223237,-0.38216260590116485,0.040000000000000036,-0.050000000000000044,0.0,-0.027472527472527486,0.0
2019-11-22,130.14999389648438,131.22000122070312,130.10000610351562,130.7899932861328,109.2921905517578,8167900.0,12.34000015258789,1.77,0.006618811360081356,0.006597003204658646,-0.06016755178731126,0.0,0.06000908442021924,0.09842001516590948,0.11203108684117694,0.1719068202533531,0.9,0.0,0.9566222407994617,-0.06016755178731126,-0.3658626406056786,0.0,-0.07000000000000006,-0.030000000000000027,-0.03804347826086962,-0.01666666666666672
2019-11-25,131.25,132.07000732421875,130.8699951171875,131.49000549316406,109.87713623046876,10068500.0,11.869999885559082,1.76,0.005352126952144376,0.005337855220786335,-0.0380875414276427,-0.010000000000000009,0.232691389463632,0.08765217633604167,0.1125170551494217,0.17187600437409417,0.9,0.0,0.9630133238697306,-0.0380875414276427,-0.39773442314903856,-0.010000000000000009,-0.050000000000000044,-0.09000000000000008,-0.027624309392265234,-0.04864864864864871
2019-11-26,131.82000732421875,131.82000732421875,130.36000061035156,131.6699981689453,110.02754974365234,10490700.0,11.539999961853027,1.74,0.0013689245856216559,0.0013679884625849355,-0.027801173284553227,-0.020000000000000018,0.04193276058995887,0.08648386597745127,0.11213604972739188,0.16904709238879626,0.9,0.0,0.9675006764810825,-0.027801173284553227,-0.3895168195725762,-0.020000000000000018,-0.050000000000000044,-0.10000000000000009,-0.027932960893854775,-0.05434782608695654
2019-11-27,132.2899932861328,132.42999267578125,131.64999389648438,132.05999755859375,110.35346221923828,6607900.0,11.75,1.77,0.0029620988229335232,0.002957720452195463,0.018197577022630362,0.030000000000000027,-0.37011829525198514,0.03458978414537477,0.1085140552384521,0.16808489636958693,0.9,0.0,0.9646450872767584,0.018197577022630362,-0.5059754804727056,0.030000000000000027,0.040000000000000036,-0.010000000000000009,0.023121387283236983,-0.005617977528089901
2019-11-29,131.8699951171875,132.41000366210938,131.4499969482422,131.75999450683594,110.1027603149414,5712000.0,12.619999885559082,1.78,-0.002271808235602135,-0.002274392706955955,0.0740425434518368,0.010000000000000009,-0.1355801389246205,0.055380705995699386,0.10490626842990793,0.16354147225351703,0.9,0.0,0.9528147928497305,0.0740425434518368,-0.46606419396015164,0.010000000000000009,0.010000000000000009,0.09000000000000008,0.005649717514124353,0.053254437869822535
2019-12-02,132.30999755859375,132.74000549316406,131.35000610351562,131.47000122070312,109.86044311523438,8615600.0,14.90999984741211,1.83,-0.0022008276542195837,-0.002203253034617623,0.1814580017923335,0.050000000000000044,0.5083333333333333,0.05250638197251031,0.0743780216969773,0.16385658116344665,0.9,0.0,0.9216752786540541,0.1814580017923335,-0.3411625535893927,0.050000000000000044,0.06000000000000005,0.10000000000000009,0.033898305084745894,0.05780346820809257
2019-12-03,129.77000427246094,129.9600067138672,128.58999633789062,129.77999877929688,108.44823455810548,10361300.0,15.960000038146973,1.72,-0.012854568187455784,-0.012937903075401038,0.07042254872437903,-0.1100000000000001,0.20262082733645936,0.09842426689694718,0.08607579225957324,0.16054034082326157,0.9,0.0,0.9073973326324333,0.07042254872437903,-0.4630116143141067,-0.1100000000000001,-0.040000000000000036,-0.07000000000000006,-0.022727272727272707,-0.03910614525139666
2019-12-04,130.3800048828125,132.47000122070312,129.99000549316406,132.33999633789062,110.58743286132812,10318200.0,14.800000190734863,1.77,0.019725524458182653,0.019533497415533674,-0.07268169452628592,0.050000000000000044,-0.00415970968893864,0.18826016369726428,0.10971005466123397,0.16307192308196305,0.9,0.0,0.9231710585351371,-0.07268169452628592,-0.5417845498542496,0.050000000000000044,0.030000000000000027,-0.09000000000000008,0.01724137931034475,-0.048387096774193616
2019-12-05,132.67999267578125,133.30999755859375,132.17999267578125,133.05999755859375,111.18907928466795,9587400.0,14.520000457763672,1.8,0.005440459261716102,0.0054257134218103084,-0.0189189006326147,0.030000000000000027,-0.0708263069139966,0.19066451074609567,0.11071361677586539,0.16320247323573706,0.9,0.0,0.9269785064848683,-0.0189189006326147,-0.5547128339341587,0.030000000000000027,0.030000000000000027,-0.010000000000000009,0.016949152542372836,-0.0055248618784530246
2019-12-06,134.69000244140625,135.77999877929688,134.64999389648438,135.0399932861328,112.84363555908205,10170600.0,13.619999885559082,1.84,0.014880564575753708,0.01477093520133411,-0.061983508528291376,0.040000000000000036,0.06082983916390261,0.20705379132491344,0.1197918614429644,0.16503100372019697,0.9,0.0,0.9392167514897303,-0.061983508528291376,-0.5979021777729372,0.040000000000000036,0.06000000000000005,-0.07999999999999985,0.03370786516853941,-0.04166666666666663
2019-12-09,134.6300048828125,135.4600067138672,134.41000366210938,134.41000366210938,112.31719207763672,8498200.0,15.859999656677246,1.83,-0.004665247435861719,-0.0046761636671929785,0.16446400807192196,-0.010000000000000009,-0.16443474327964913,0.213068787102557,0.121950882793162,0.16173899931323468,0.9,0.0,0.9087571419556745,0.16446400807192196,-0.6101383601515863,-0.010000000000000009,0.0,-0.10999999999999988,0.0,-0.05670103092783496
2019-12-10,133.25,134.77000427246094,132.8800048828125,134.5,112.3923797607422,7532900.0,15.68000030517578,1.85,0.0006694227456605084,0.0006691987821995541,-0.01134926578801565,0.020000000000000018,-0.11358875997270013,0.15800152419211877,0.12054399247758234,0.16015652023078011,0.9,0.0,0.9112047805821646,-0.01134926578801565,-0.5981068020642727,0.020000000000000018,0.13000000000000012,-0.08999999999999986,0.07558139534883734,-0.046391752577319534
2019-12-11,134.2899932861328,135.02000427246094,134.00999450683594,134.17999267578125,112.1249771118164,9011900.0,14.989999771118164,1.79,-0.0023791884244735995,-0.0023820231904406845,-0.04400513524415273,-0.06000000000000005,0.1963387274489241,0.12231536563683769,0.11824295350853968,0.15975350818177347,0.9,0.0,0.9205874363827022,-0.04400513524415273,-0.5863137129882275,-0.06000000000000005,0.020000000000000018,-0.1299999999999999,0.011299435028248705,-0.06770833333333326
2019-12-12,134.49000549316406,138.47000122070312,134.2100067138672,138.02000427246094,115.33380889892578,13717400.0,13.9399995803833,1.9,0.028618349539633492,0.02821649353422189,-0.07004671159221365,0.10999999999999988,0.5221429443291647,0.22088541038204904,0.1474231119985962,0.16772137630236514,0.9,0.0,0.934865382404323,-0.07004671159221365,-0.5999453409171499,0.10999999999999988,0.09999999999999987,0.020000000000000018,0.05555555555555558,0.010638297872340496
2019-12-13,137.9499969482422,138.8300018310547,136.22000122070312,136.80999755859375,114.3227081298828,10592100.0,12.630000114440918,1.82,-0.00876673352502455,-0.008805387411407111,-0.09397413955347922,-0.07999999999999985,-0.22783472086547019,0.23381627939557692,0.15366411123907425,0.1689269513300917,0.9,0.0,0.9526788093237858,-0.09397413955347922,-0.46687699444658415,-0.07999999999999985,-0.020000000000000018,0.0,-0.010869565217391353,0.0
2019-12-16,138.3800048828125,138.83999633789062,137.32000732421875,137.33999633789062,114.76560974121094,11372000.0,12.140000343322754,1.89,0.003874135056571193,0.003866649921407484,-0.03879649775758176,0.06999999999999984,0.0736303471455142,0.22474751030108867,0.15293462072148886,0.16841688959277046,0.9,0.0,0.9593418464778412,-0.03879649775758176,-0.45754740145731154,0.06999999999999984,0.05999999999999983,0.04999999999999982,0.032786885245901454,0.02717391304347827
2019-12-17,137.72999572753906,138.6699981689453,137.22999572753906,138.17999267578125,115.46746063232422,11546800.0,12.289999961853027,1.89,0.006115515725450438,0.006096891850320397,0.012355816662952268,0.0,0.015371086880056284,0.22249555617827718,0.1520672542769393,0.16847663649412728,0.9,0.0,0.9573021454610823,0.012355816662952268,-0.4725042674146926,0.0,0.039999999999999813,0.07999999999999985,0.021621621621621623,0.044198895027624197
2019-12-18,138.14999389648438,139.02000427246094,137.72000122070312,138.0399932861328,115.35051727294922,10381500.0,12.579999923706056,1.92,-0.0010127819451003495,-0.0010132951552771052,0.023596416822877275,0.030000000000000027,-0.10091973533792908,0.21967444425441474,0.15228014339445434,0.16543728830796,0.9,0.0,0.9533587139854063,0.023596416822877275,-0.47202286648424346,0.030000000000000027,0.1299999999999999,0.1299999999999999,0.07262569832402233,0.07262569832402233
2019-12-19,137.75999450683594,138.22000122070312,137.10000610351562,137.35000610351562,114.77394104003906,9350400.0,12.5,1.92,-0.004998471151592909,-0.005011005293662342,-0.006359294450813402,0.0,-0.0993209073833261,0.09755365727605941,0.15047557386151933,0.16610241729314495,0.9,0.0,0.9544465562567581,-0.006359294450813402,-0.47878208233519065,0.0,0.020000000000000018,0.18999999999999995,0.010526315789473717,0.10982658959537561
2019-12-20,138.02000427246094,138.8800048828125,136.89999389648438,137.24000549316406,114.68202209472656,29992600.0,12.510000228881836,1.92,-0.0008008694698427021,-0.0008011903371232094,0.0008000183105467684,0.0,2.207627481177276,0.06961856150736559,0.15103953736693496,0.1647064005727259,0.9,0.0,0.9543105727308134,0.0008000183105467684,-0.4775448172837779,0.0,0.09999999999999987,0.1499999999999999,0.05494505494505497,0.0847457627118644
2019-12-23,137.60000610351562,137.91000366210938,136.8800048828125,137.1999969482422,114.64860534667967,9738400.0,12.609999656677246,1.93,-0.00029138610774837037,-0.0002914285689288638,0.00799355922988254,0.010000000000000009,-0.6753065756219867,0.06341253765915923,0.1506833017499744,0.16469725612925049,0.9,0.0,0.9529507763756752,0.00799355922988254,-0.4701403852204247,0.010000000000000009,0.040000000000000036,0.15999999999999992,0.021164021164021163,0.09039548022598876
2019-12-24,137.3300018310547,137.6300048828125,137.05999755859375,137.5800018310547,114.96614837646484,3324300.0,12.670000076293944,1.9,0.002769706869307109,0.002765878298951979,0.004758161875518141,-0.030000000000000027,-0.6586400230017251,0.043998131489211244,0.15029254674837575,0.1645832394039826,0.9,0.0,0.9521348881881099,0.004758161875518141,-0.46591772395670306,-0.030000000000000027,0.010000000000000009,0.1399999999999999,0.005291005291005346,0.07954545454545459
2019-12-26,137.88999938964844,139.10000610351562,137.77999877929688,139.0399932861328,116.18614196777344,6770900.0,12.649999618530272,1.9,0.010611763623789905,0.010555854045198909,-0.0015785680854961681,0.0,1.0367897000872364,0.09204919690686146,0.15307902512362134,0.15934319973261743,0.9,0.0,0.9524068552399992,-0.0015785680854961681,-0.4679401824060885,0.0,-0.020000000000000018,0.15999999999999992,-0.01041666666666663,0.09195402298850563
2019-12-27,139.3000030517578,139.77000427246094,138.6699981689453,139.13999938964844,116.26971435546876,7868200.0,13.43000030517578,1.88,0.0007192973815974835,0.0007190388112211306,0.061660135191065946,-0.020000000000000018,0.16206117355152205,0.07394397115571508,0.15323969768870743,0.15186410884046875,0.9,0.0,0.9418003736421651,0.061660135191065946,-0.469078115534337,-0.020000000000000018,-0.040000000000000036,0.10999999999999988,-0.02083333333333337,0.062146892655367214
2019-12-30,139.89999389648438,140.0800018310547,138.47000122070312,138.6300048828125,115.84357452392578,6963000.0,14.81999969482422,1.9,-0.003665097432338671,-0.003671830358186886,0.10349957990043746,0.020000000000000018,-0.11504537251213742,0.08431783835128809,0.15390943520568154,0.15224872731708697,0.9,0.0,0.9228991044513505,0.10349957990043746,-0.47650714986299325,0.020000000000000018,-0.020000000000000018,0.11999999999999988,-0.01041666666666663,0.0674157303370786
2019-12-31,138.50999450683594,139.47999572753906,138.2899932861328,139.39999389648438,116.48699188232422,7201600.0,13.779999732971191,1.92,0.00555419116720679,0.005538823524403259,-0.0701754374675353,0.020000000000000018,0.03426683900617555,0.08442741208943845,0.15319583932472494,0.14768300889713865,0.9,0.0,0.9370410669470266,-0.0701754374675353,-0.4947609866561789,0.020000000000000018,-0.010000000000000009,0.08999999999999986,-0.005181347150259086,0.04918032786885229
2020-01-02,139.7899932861328,141.10000610351562,139.25999450683594,141.08999633789062,117.899169921875,10803700.0,12.470000267028809,1.88,0.012123053542127504,0.012050157882489738,-0.09506527513262342,-0.040000000000000036,0.500180515441013,0.10481457590135342,0.14428992098678903,0.14832080505077147,0.9,0.0,0.9548544938664894,-0.09506527513262342,-0.47374007813766966,-0.040000000000000036,-0.020000000000000018,0.15999999999999992,-0.010526315789473717,0.09302325581395343
2020-01-03,137.5,139.22999572753906,137.0800018310547,138.33999633789062,116.34334564208984,10386800.0,14.020000457763672,1.8,-0.01319622759698913,-0.013284071469415966,0.12429832859211132,-0.07999999999999985,-0.03858863167248261,0.15184552534625373,0.14499014864785328,0.14247136923173612,0.9,0.0,0.9337775271648685,0.12429832859211132,-0.5262486888963492,-0.07999999999999985,-0.09999999999999987,0.030000000000000027,-0.05263157894736836,0.016949152542372836
2020-01-06,136.55999755859375,138.27000427246094,136.5,138.22999572753906,116.25086212158205,10259000.0,13.850000381469728,1.81,-0.0007949188670601792,-0.0007952349825980222,-0.012125539995956669,0.010000000000000009,-0.012304078253167483,0.15194419021559377,0.14502781559883396,0.14256157660953073,0.9,0.0,0.9360891952335167,-0.012125539995956669,-0.5189120815285042,0.010000000000000009,-0.06999999999999984,0.010000000000000009,-0.037234042553191404,0.005555555555555536
2020-01-07,137.27999877929688,137.86000061035156,135.82000732421875,135.8800048828125,114.27449798583984,10531300.0,13.789999961853027,1.83,-0.017000855732796194,-0.017147029367186845,-0.004332160141813257,0.020000000000000018,0.026542548006628364,0.19600501032877699,0.15247280475493982,0.14702551808310121,0.9,0.0,0.9369050834210819,-0.004332160141813257,-0.42964764322018356,0.020000000000000018,-0.06999999999999984,-0.010000000000000009,-0.03684210526315779,-0.005434782608695676
2020-01-08,135.6999969482422,137.5800018310547,135.60000610351562,136.94000244140625,115.16593933105467,9695300.0,13.449999809265137,1.87,0.0078008773692035405,0.007770607842671471,-0.024655558631502927,0.040000000000000036,-0.07938241242771549,0.2024685687836528,0.15312755932177297,0.1445673074525896,0.9,0.0,0.9415284195583785,-0.024655558631502927,-0.4385099249797633,0.040000000000000036,-0.04999999999999982,0.040000000000000036,-0.02604166666666663,0.021857923497267784
2020-01-09,138.0500030517578,138.22999572753906,137.0399932861328,137.44000244140625,115.58644104003906,9469000.0,12.539999961853027,1.85,0.003651268000129937,0.0036446183027614735,-0.0676579821796911,-0.020000000000000018,-0.02334120656400529,0.17139491282532388,0.15334135787882472,0.14457582529075366,0.9,0.0,0.9539026351210822,-0.0676579821796911,-0.4386956366648496,-0.020000000000000018,-0.029999999999999805,0.0,-0.015957446808510523,0.0
2020-01-10,137.2100067138672,137.25,135.80999755859375,136.07000732421875,114.43431854248048,10190900.0,12.5600004196167,1.83,-0.00996762671462037,-0.01001763609988196,0.0015949328408704222,-0.020000000000000018,0.07623825113528349,0.16148486735871084,0.15815954387527695,0.13573920260834055,0.9,0.0,0.9536306680691929,0.0015949328408704222,-0.4511648890383441,-0.020000000000000018,0.030000000000000027,0.040000000000000036,0.016666666666666607,0.022346368715083775
2020-01-13,136.19000244140625,137.1999969482422,135.75999450683594,137.1999969482422,115.38462829589844,12355200.0,12.31999969482422,1.85,0.008304412221104673,0.008270120308583723,-0.01910833732279471,0.020000000000000018,0.21237574698996164,0.18190795302627044,0.1250493314170063,0.13596312570884933,0.9,0.0,0.956894207851351,-0.01910833732279471,-0.3910412616888398,0.020000000000000018,0.040000000000000036,-0.04999999999999982,0.022099447513812098,-0.02631578947368407
2020-01-14,137.94000244140625,140.75999450683594,137.69000244140625,138.8000030517578,116.7302474975586,24906000.0,12.390000343322754,1.82,0.011662031776099147,0.011594554392427884,0.005681870960430491,-0.030000000000000027,1.0158313908313907,0.13433211322061428,0.1269019151249092,0.13712060489027553,0.9,0.0,0.9559423361378412,0.005681870960430491,-0.5119075165309366,-0.030000000000000027,-0.010000000000000009,0.0,-0.005464480874316946,0.0
2020-01-15,137.85000610351562,138.60000610351562,136.14999389648438,136.72000122070312,114.98094177246094,16293400.0,12.420000076293944,1.79,-0.014985882087967362,-0.01509930500714639,0.0024212858869980813,-0.030000000000000027,-0.34580422388179555,0.18511625705085766,0.13861944002208612,0.14177458143472269,0.9,0.0,0.95553439852811,0.0024212858869980813,-0.46288065840622766,-0.030000000000000027,-0.08000000000000007,-0.09999999999999987,-0.042780748663101664,-0.052910052910052796
2020-01-16,137.4499969482422,137.89999389648438,136.83999633789062,137.25,115.42666625976562,10783800.0,12.31999969482422,1.81,0.0038765075362379164,0.0038690132424458582,-0.008051560455349271,0.020000000000000018,-0.3381491892422699,0.18542573808463952,0.13756132075693436,0.13400913902454933,0.9,0.0,0.956894207851351,-0.008051560455349271,-0.47845627768711807,0.020000000000000018,-0.040000000000000036,-0.07999999999999985,-0.021621621621621623,-0.042328042328042215
2020-01-17,137.5399932861328,138.2899932861328,137.32000732421875,138.1999969482422,116.2256317138672,14697700.0,12.100000381469728,1.84,0.0069218446654564225,0.0068979986742619985,-0.017857087565263163,0.030000000000000027,0.36294256199113484,0.167458803290272,0.13965240114918312,0.1333571027810644,0.9,0.0,0.9598857676135171,-0.017857087565263163,-0.4831778042071904,0.030000000000000027,0.010000000000000009,-0.07999999999999985,0.005464480874316946,-0.04166666666666663
2020-01-21,137.19000244140625,138.07000732421875,136.69000244140625,136.83999633789062,115.08186340332033,8474200.0,12.850000381469728,1.78,-0.00984093003996478,-0.009889672033315922,0.06198346912026298,-0.06000000000000005,-0.42343359845417994,0.18124060361815233,0.14317850717493924,0.1354784299185359,0.9,0.0,0.949687236593517,0.06198346912026298,-0.5271541542194361,-0.06000000000000005,-0.07000000000000006,-0.1399999999999999,-0.037837837837837895,-0.07291666666666663
2020-01-22,137.24000549316406,137.39999389648438,136.3800048828125,136.67999267578125,114.9472885131836,7549100.0,12.90999984741211,1.77,-0.0011693840033254466,-0.0011700682662951932,0.004669219000872804,-0.010000000000000009,-0.10916664699912682,0.1468568721448835,0.14321644411038223,0.13551448210107622,0.9,0.0,0.9488713613740545,0.004669219000872804,-0.5274970630598147,-0.010000000000000009,-0.050000000000000044,-0.1499999999999999,-0.027472527472527486,-0.078125
2020-01-23,135.7100067138672,136.74000549316406,134.72000122070312,136.5399932861328,114.8295669555664,9345700.0,12.979999542236328,1.74,-0.0010241351417670241,-0.0010246599264922402,0.005422129794854458,-0.030000000000000027,0.23798863440675055,0.10115847116267661,0.14326771823576132,0.13495951810992082,0.9,0.0,0.9479195026286473,0.005422129794854458,-0.5274832020237903,-0.030000000000000027,-0.050000000000000044,-0.18999999999999995,-0.027932960893854775,-0.0984455958549223
2020-01-24,136.3699951171875,136.42999267578125,132.32000732421875,133.14999389648438,111.97858428955078,15166400.0,14.5600004196167,1.7,-0.02482794929566201,-0.02514136129106378,0.12172580378289855,-0.040000000000000036,0.622821190494024,0.19376337328991172,0.16837327094250865,0.1454266383106511,0.9,0.0,0.9264345853491924,0.12172580378289855,-0.6378765524178962,-0.040000000000000036,-0.1100000000000001,-0.19999999999999996,-0.06077348066298349,-0.10526315789473684
2020-01-27,130.27000427246094,132.94000244140625,129.7100067138672,132.02999877929688,111.03667449951172,12860500.0,18.229999542236328,1.61,-0.008411517220145437,-0.008447093672887583,0.25206037203646203,-0.08999999999999986,-0.15204003586876258,0.15603601593045013,0.16405783437752605,0.1466684917279645,0.9,0.0,0.8765297854886462,0.25206037203646203,-0.5714151710933715,-0.08999999999999986,-0.22999999999999998,-0.2899999999999998,-0.125,-0.15263157894736834
2020-01-28,132.83999633789062,134.97000122070312,132.47999572753906,134.42999267578125,113.0550765991211,13062800.0,16.280000686645508,1.65,0.018177796738844565,0.018014555863386555,-0.10696647858234709,0.039999999999999813,0.01573033707865168,0.24685240342013576,0.17903593725188682,0.15019874384243176,0.9,0.0,0.9030459505789233,-0.10696647858234709,-0.6392029464488944,0.039999999999999813,-0.13000000000000012,-0.22999999999999998,-0.0730337078651686,-0.12234042553191493
2020-01-29,134.80999755859375,135.5399932861328,133.69000244140625,134.22999572753906,112.88685607910156,9326000.0,16.389999389648438,1.6,-0.001487951935285614,-0.0014890600351023901,0.006756676803653994,-0.04999999999999982,-0.28606424350062776,0.24666866707994747,0.1788364253586411,0.14945579298671974,0.9,0.0,0.9015501836659431,0.006756676803653994,-0.6485279535118995,-0.04999999999999982,-0.16999999999999993,-0.2999999999999998,-0.096045197740113,-0.1578947368421052
2020-01-30,132.69000244140625,136.1300048828125,132.69000244140625,135.88999938964844,114.28292846679688,9048900.0,15.489999771118164,1.57,0.01236700565668225,0.012291158933225497,-0.054911510191921864,-0.030000000000000027,-0.02971263135320612,0.2722722840503018,0.183794950907868,0.14447309737472375,0.9,0.0,0.9137884157027022,-0.054911510191921864,-0.6547193368114328,-0.030000000000000027,-0.16999999999999993,-0.34999999999999987,-0.09770114942528729,-0.18229166666666663
2020-01-31,134.49000549316406,134.8300018310547,131.47000122070312,132.36000061035156,111.31420135498048,12785200.0,18.84000015258789,1.51,-0.025976995441439943,-0.026320356975232235,0.216268588183969,-0.06000000000000005,0.4129010155930555,0.27891811853387194,0.19772298123179635,0.1543002347046002,0.9,0.0,0.8682349719594603,0.216268588183969,-0.7066332494482709,-0.06000000000000005,-0.18999999999999995,-0.3699999999999999,-0.11176470588235288,-0.19680851063829785
2020-02-03,132.66000366210938,134.24000549316406,132.66000366210938,133.3699951171875,112.16362762451172,10021100.0,17.969999313354492,1.54,0.007630888594550633,0.007601920638344599,-0.046178388120336256,0.030000000000000027,-0.21619528830209933,0.2758660741488085,0.1970358762986134,0.15494273288407354,0.9,0.0,0.880065279354591,-0.046178388120336256,-0.70131817886585,0.030000000000000027,-0.07000000000000006,-0.26,-0.0434782608695653,-0.1444444444444445
2020-02-04,135.5500030517578,136.60000610351562,135.0800018310547,135.2899932861328,113.77833557128906,9157100.0,16.049999237060547,1.61,0.014396003240755295,0.014293364670147782,-0.106844749563629,0.07000000000000006,-0.08621807985151331,0.2632497997120628,0.20519654976996354,0.1574401353252222,0.9,0.0,0.9061735198032397,-0.106844749563629,-0.7272000532522056,0.07000000000000006,-0.039999999999999813,-0.19999999999999996,-0.024242424242424176,-0.11049723756906071
2020-02-05,136.57000732421875,137.72999572753906,136.00999450683594,137.58999633789062,115.7126007080078,10150700.0,15.149999618530272,1.66,0.017000293834557034,0.016857405989249435,-0.05607474525307854,0.04999999999999982,0.10850596804665225,0.2826203200020793,0.2053722949723045,0.1605707901674183,0.9,0.0,0.9184117518399987,-0.05607474525307854,-0.7768605463461341,0.04999999999999982,0.05999999999999983,-0.17000000000000015,0.03749999999999987,-0.09289617486338808
2020-02-06,138.24000549316406,138.2899932861328,137.11000061035156,137.61000061035156,115.72945404052734,8992300.0,14.960000038146973,1.65,0.0001456482043997731,0.00014563759872983603,-0.0125412267437226,-0.010000000000000009,-0.11412020845852999,0.2758013502987099,0.20362985998755675,0.16053368701711904,0.9,0.0,0.9209953739924335,-0.0125412267437226,-0.773888441739418,-0.010000000000000009,0.07999999999999985,-0.2200000000000002,0.05095541401273884,-0.11764705882352955
2020-02-07,136.72999572753906,137.6699981689453,136.3000030517578,137.1699981689453,115.35939025878906,6379800.0,15.470000267028809,1.59,-0.0031976629009992097,-0.003202786349970615,0.03409092430356764,-0.05999999999999983,-0.29052633920131665,0.13786768051799528,0.2035638220244291,0.160495076556758,0.9,0.0,0.9140603697864887,0.03409092430356764,-0.7789056569113121,-0.05999999999999983,0.08000000000000007,-0.26,0.052980132450331174,-0.14054054054054055
2020-02-10,136.9499969482422,137.85000610351562,136.75,137.74000549316406,115.83879089355467,5960700.0,15.039999961853027,1.56,0.004155714014179246,0.004147102883383089,-0.02779575292524339,-0.030000000000000027,-0.06569171447380795,0.1393111429393212,0.200597162710872,0.15997321009655888,0.9,0.0,0.9199075317210818,-0.02779575292524339,-0.799539603557105,-0.030000000000000027,0.020000000000000018,-0.27,0.012987012987013102,-0.14754098360655743
2020-02-11,138.25999450683594,138.82000732421875,137.77999877929688,138.0,116.05743408203124,6578600.0,15.18000030517578,1.59,0.0018874781650428663,0.0018856991163896779,0.009308533489218451,0.030000000000000027,0.10366232153941657,0.12207265941905493,0.19863412153807958,0.15941081436884455,0.9,0.0,0.9180038012621647,0.009308533489218451,-0.7986534447977257,0.030000000000000027,-0.020000000000000018,-0.26,-0.012422360248447228,-0.14054054054054055
2020-02-12,138.60000610351562,139.2899932861328,137.8000030517578,138.0,116.05743408203124,7958000.0,13.739999771118164,1.62,0.0,0.0,-0.09486169335363137,0.030000000000000027,0.20967987109719388,0.04293641484764352,0.19409471108358883,0.15943141119136536,0.9,0.0,0.9375849880827025,-0.09486169335363137,-0.7863058264025246,0.030000000000000027,-0.039999999999999813,-0.19999999999999996,-0.02409638554216853,-0.10989010989010983
2020-02-13,137.75,138.33999633789062,136.39999389648438,137.8800048828125,115.95650482177734,7447500.0,14.149999618530272,1.61,-0.000869649247824622,-0.0008700276121104589,0.02983987294337065,-0.010000000000000009,-0.06414928373963302,0.0441933307477047,0.1861014876107679,0.15900840618280837,0.9,0.0,0.9320097931999989,0.02983987294337065,-0.8255579324879462,-0.010000000000000009,-0.039999999999999813,-0.17999999999999994,-0.024242424242424176,-0.1005586592178771
2020-02-14,137.83999633789062,138.19000244140625,136.94000244140625,137.4600067138672,115.60330200195312,6627600.0,13.68000030517578,1.59,-0.003045994016179443,-0.0030506424978509355,-0.03321550007245233,-0.020000000000000018,-0.11009063444108758,0.0434200952340111,0.18602269557927603,0.1585126496172459,0.9,0.0,0.938400863302165,-0.03321550007245233,-0.8122001808905276,-0.020000000000000018,0.0,-0.21999999999999997,0.0,-0.12154696132596687
2020-02-18,137.33999633789062,137.7100067138672,135.0500030517578,135.63999938964844,114.07266235351562,8996400.0,14.829999923706056,1.55,-0.013240449208030802,-0.01332888544678304,0.0840642977248458,-0.040000000000000036,0.35741444866920147,0.09526979766559035,0.18999836494237038,0.16118033059007011,0.9,0.0,0.9227631209254058,0.0840642977248458,-0.8179590603933653,-0.040000000000000036,-0.010000000000000009,-0.29000000000000004,-0.0064102564102563875,-0.15760869565217395
2020-02-19,136.91000366210938,138.38999938964844,136.33999633789062,137.49000549316406,115.62853240966795,7071200.0,14.380000114440918,1.56,0.013639289414764777,0.013547111521745116,-0.03034388479974326,0.010000000000000009,-0.21399670979502916,0.1523674031130127,0.1935283679602159,0.16239600740850224,0.9,0.0,0.9288822369437854,-0.03034388479974326,-0.8095555241146166,0.010000000000000009,-0.030000000000000027,-0.21999999999999997,-0.018867924528301883,-0.1235955056179775
2020-02-20,137.1699981689453,138.36000061035156,136.52999877929688,137.49000549316406,115.62853240966795,7422800.0,15.5600004196167,1.52,0.0,0.0,0.08205843503372323,-0.040000000000000036,0.049722819323452905,0.1523674031130127,0.1934600963094667,0.16239070321665303,0.9,0.0,0.9128365439891922,0.08205843503372323,-0.8003059978010411,-0.040000000000000036,-0.10000000000000009,-0.25,-0.06172839506172845,-0.14124293785310738
2020-02-21,136.5500030517578,136.9199981689453,134.9199981689453,135.80999755859375,114.21565246582033,9772800.0,17.079999923706055,1.46,-0.01221912891570609,-0.012294396233909655,0.09768634081610128,-0.06000000000000005,0.31659212157137473,0.17314822901986401,0.1985490807707627,0.16423877431364486,0.9,0.0,0.8921675278654054,0.09768634081610128,-0.8091672904764464,-0.06000000000000005,-0.15000000000000013,-0.28,-0.0931677018633541,-0.16091954022988508
2020-02-24,131.44000244140625,133.1999969482422,130.8000030517578,132.16000366210938,111.14601135253906,13618400.0,25.030000686645508,1.38,-0.026875835728381148,-0.027243595203112567,0.46545672122078363,-0.08000000000000007,0.39350032743942376,0.24404187766273644,0.2021496252889157,0.173642273265985,0.9,0.0,0.7840630886789215,0.46545672122078363,-0.8427976226644128,-0.08000000000000007,-0.2100000000000002,-0.32000000000000006,-0.1320754716981133,-0.18823529411764706
2020-02-25,131.0,132.22999572753906,125.58999633789062,126.26000213623048,106.18413543701172,20797200.0,27.850000381469727,1.33,-0.044642860820160224,-0.04567004068232805,0.11266478695419302,-0.04999999999999982,0.5271397521000998,0.3667994749050293,0.2574771658162819,0.19741244347024228,0.9,0.0,0.7457166161935138,0.11266478695419302,-0.7554214178242922,-0.04999999999999982,-0.21999999999999997,-0.28,-0.14193548387096777,-0.17391304347826086
2020-02-26,126.93000030517578,128.9499969482422,126.33999633789062,126.63999938964844,106.50372314453124,24825600.0,27.559999465942383,1.33,0.0030097500554506773,0.003005229825323267,-0.010412959122266252,0.0,0.1936991518088973,0.32110970242800047,0.2471256727176265,0.1974161168428224,0.9,0.0,0.7496600606372925,-0.010412959122266252,-0.7395831189360721,0.0,-0.22999999999999998,-0.31999999999999984,-0.14743589743589747,-0.19393939393939386
2020-02-27,122.91000366210938,125.62000274658205,121.3000030517578,121.37000274658205,102.0716781616211,23005500.0,39.15999984741211,1.3,-0.041613991061097644,-0.04250465008007345,0.4208998768597427,-0.030000000000000027,-0.0733154485692189,0.32575685576683794,0.28397271112170897,0.21528806761052627,0.9,0.0,0.5919227756740489,0.4208998768597427,-0.8085652600067494,-0.030000000000000027,-0.21999999999999997,-0.30000000000000004,-0.14473684210526316,-0.1875
2020-02-28,117.5199966430664,118.48999786376952,112.66000366210938,116.11000061035156,97.64802551269533,45931400.0,40.11000061035156,1.13,-0.04333868834723498,-0.04430585648775338,0.024259467993900774,-0.17000000000000015,0.9965399578361696,0.32673040203085024,0.3082018039052551,0.2326637259721857,0.9,0.0,0.5790046260075665,0.024259467993900774,-0.6972875183022045,-0.17000000000000015,-0.33000000000000007,-0.44000000000000017,-0.226027397260274,-0.28025477707006374
2020-03-02,116.62999725341795,121.58000183105467,114.45999908447266,121.5199966430664,102.19780731201172,27355400.0,33.41999816894531,1.1,0.04659368968730315,0.04554078559258375,-0.16679138218910172,-0.029999999999999805,-0.40442921400175047,0.6413674574368623,0.35337795762577856,0.25102474576902384,0.9,0.0,0.669975555904311,-0.16679138218910172,-0.7118834715773898,-0.029999999999999805,-0.2799999999999998,-0.4099999999999999,-0.20289855072463758,-0.27152317880794696
2020-03-03,120.97000122070312,122.9499969482422,116.23999786376952,116.95999908447266,98.36287689208984,32547700.0,36.81999969482422,1.02,-0.03752458610206544,-0.03824675714859725,0.10173553896356191,-0.08000000000000007,0.18980895910862206,0.6221849763687107,0.37002842219296217,0.25866131267087167,0.9,0.0,0.6237421945313459,0.10173553896356191,-0.6950245756415495,-0.08000000000000007,-0.31000000000000005,-0.52,-0.23308270676691734,-0.33766233766233766
2020-03-04,118.33000183105467,120.19000244140624,114.6999969482422,119.8499984741211,100.79335021972656,25795900.0,31.989999771118164,1.02,0.02470925418644576,0.024408917900590108,-0.13117870623950623,0.0,-0.2074432294755083,0.6779204084908954,0.37921913006618657,0.263847757850317,0.9,0.0,0.6894207332626987,-0.13117870623950623,-0.7047461603482984,0.0,-0.31000000000000005,-0.5900000000000001,-0.23308270676691734,-0.36645962732919257
2020-03-05,115.66999816894533,116.43000030517578,112.58000183105467,113.97000122070312,95.84829711914062,25025600.0,39.619998931884766,0.92,-0.04906130305030898,-0.050305680186738824,0.23851201048320303,-0.09999999999999998,-0.02986133455316542,0.7025588520394601,0.39977073275050606,0.27978874120841296,0.9,0.0,0.5856676890978275,0.23851201048320303,-0.7213761864238588,-0.09999999999999998,-0.38,-0.7399999999999999,-0.29230769230769227,-0.4457831325301205
2020-03-06,106.26000213623048,110.31999969482422,105.0199966430664,108.08000183105467,90.89482879638672,38159400.0,41.93999862670898,0.74,-0.051680295546583155,-0.05306359259545743,0.05855627858074364,-0.18000000000000005,0.5248145898599834,0.729699460423684,0.4266060275177412,0.29820076821903724,0.9,0.0,0.55412023729242,0.05855627858074364,-0.6698317954523714,-0.18000000000000005,-0.3899999999999999,-0.9099999999999999,-0.34513274336283184,-0.5515151515151515
2020-03-09,96.56999969482422,99.2300033569336,93.0,93.44000244140624,78.5826416015625,40352000.0,54.459999084472656,0.54,-0.13545530981091036,-0.14555228035502857,0.29852171835290586,-0.19999999999999996,0.05745897472182482,0.9650206780274567,0.6354525120081714,0.4165108224487374,0.9,0.0,0.38387275324052783,0.29852171835290586,-0.6658235780947133,-0.19999999999999996,-0.56,-1.05,-0.509090909090909,-0.6603773584905661
2020-03-10,99.0,101.27999877929688,94.58000183105467,100.6999969482422,84.68827056884766,31102700.0,47.29999923706055,0.76,0.07769691681074464,0.07482627971903841,-0.13147263987842284,0.21999999999999997,-0.22921540444091992,1.3339650143249557,0.7144977629691046,0.4481969440893911,0.9,0.0,0.4812347273032329,-0.13147263987842284,-0.687124284027387,0.21999999999999997,-0.26,-0.8,-0.2549019607843137,-0.5128205128205128
2020-03-11,97.6999969482422,100.0500030517578,94.5500030517578,95.95999908447266,80.70195007324219,38127000.0,53.900001525878906,0.82,-0.04707051482843516,-0.048214370540261474,0.13953493436099507,0.05999999999999994,0.22584212946142945,1.2441795483481095,0.7202874895384377,0.45159624234124585,0.9,0.0,0.39148762320378483,0.13953493436099507,-0.687023897058035,0.05999999999999994,-0.20000000000000007,-0.7700000000000001,-0.1960784313725491,-0.48427672955974843
2020-03-12,89.58999633789062,96.95999908447266,86.31999969482422,88.05000305175781,74.04969787597656,49725200.0,75.47000122070312,0.88,-0.08242988169713716,-0.08602627875513798,0.40018551176604067,0.06000000000000005,0.3041991239803814,1.2800752792742314,0.7553848412240938,0.4804860587699271,0.9,0.0,0.09817787521837318,0.40018551176604067,-0.7232333402497653,0.06000000000000005,-0.040000000000000036,-0.7400000000000001,-0.0434782608695653,-0.45679012345679015
2020-03-13,95.98999786376952,103.98999786376952,92.0,103.91000366210938,87.38786315917969,38543300.0,57.83000183105469,0.94,0.18012450645703892,0.16561994685801162,-0.2337352471753954,0.05999999999999994,-0.2248739069928326,2.0021700439044223,1.0075944614932968,0.5967414214289595,0.9,0.0,0.33804731650919106,-0.2337352471753954,-0.7455005228626465,0.05999999999999994,0.19999999999999996,-0.6700000000000002,0.2702702702702702,-0.4161490683229815
2020-03-16,85.19999694824219,93.9800033569336,84.55000305175781,88.36000061035156,74.31038665771484,38589700.0,82.69000244140625,0.73,-0.14964865862029164,-0.16210567210072013,0.4298806817087415,-0.20999999999999996,0.001203840875067863,2.0759730980794644,1.1345517790366115,0.6779677742726359,0.9,0.0,0.0,0.4298806817087415,-0.7857796829728828,-0.20999999999999996,0.18999999999999995,-0.8600000000000001,0.35185185185185164,-0.5408805031446542
2020-03-17,90.88999938964844,97.44000244140624,87.5,93.76000213623048,78.85176849365234,35239800.0,75.91000366210938,1.02,0.061113688680639155,0.05931900627658462,-0.08199296866753814,0.29000000000000004,-0.08680813792281361,2.0380714287090034,1.170726826948687,0.6915141457580473,0.9,0.0,0.09219470382162986,-0.08199296866753814,-0.7959369222680218,0.29000000000000004,0.26,-0.53,0.3421052631578947,-0.3419354838709677
2020-03-18,87.66999816894531,90.79000091552734,80.36000061035156,83.88999938964844,70.55115509033203,41525600.0,76.44999694824219,1.18,-0.10526857623984076,-0.11123169092602989,0.00711359847295534,0.15999999999999992,0.1783721814539243,2.150189792693435,1.2086472614542905,0.7241365419379989,0.9,0.0,0.08485185278267349,0.00711359847295534,-0.7338228054236764,0.15999999999999992,0.36,-0.3800000000000001,0.4390243902439024,-0.2435897435897436
2020-03-19,81.55999755859375,88.11000061035156,76.91000366210938,85.30000305175781,71.73694610595703,32175100.0,72.0,1.12,0.016807535101398985,0.016667851468913003,-0.05820794147650399,-0.05999999999999983,-0.22517435028030897,2.0951328733014307,1.2145988904184417,0.7257728105105988,0.9,0.0,0.1453630953367454,-0.05820794147650399,-0.7380911347541438,-0.05999999999999983,0.2400000000000001,-0.3999999999999999,0.27272727272727293,-0.26315789473684204
2020-03-20,86.30000305175781,89.45999908447266,82.4800033569336,83.5,70.2231674194336,30150800.0,66.04000091552734,0.92,-0.021101799960756007,-0.021327625475004598,-0.0827777650621202,-0.20000000000000007,-0.06291511137494521,1.4492422059726702,1.2138802107076223,0.7261212114675027,0.9,0.0,0.226407409392968,-0.0827777650621202,-0.7254550679011549,-0.20000000000000007,-0.019999999999999907,-0.5399999999999999,-0.02127659574468077,-0.36986301369863006
2020-03-23,82.68000030517578,83.75,78.08999633789062,79.02999877929688,66.4638900756836,32536600.0,61.59000015258789,0.76,-0.05353329224380232,-0.055019483007168045,-0.06738341461611286,-0.16000000000000003,0.07912891200233485,1.0397654107976224,1.2187615745602378,0.7320370721905317,0.9,0.0,0.28691870381945117,-0.06738341461611286,-0.7587664822702187,-0.16000000000000003,0.030000000000000027,-0.6199999999999999,0.041095890410958846,-0.4492753623188406
2020-03-24,84.9000015258789,90.0999984741211,82.9000015258789,88.43000030517578,74.36924743652344,34363200.0,61.66999816894531,0.84,0.1189421406396447,0.11238372168344872,0.0012988799506288284,0.07999999999999996,0.05613985480966055,1.329989421088787,1.3101347952724192,0.7723691361424473,0.9,0.0,0.2858308874843051,0.0012988799506288284,-0.7244817551626535,0.07999999999999996,-0.18000000000000005,-0.4900000000000001,-0.17647058823529416,-0.368421052631579
2020-03-25,89.23999786376953,95.1500015258789,84.54000091552734,91.7300033569336,77.1445541381836,38111700.0,63.95000076293945,0.88,0.037317934459790925,0.03663847286541418,0.03697101770212585,0.040000000000000036,0.10908471853610835,1.008246060192522,1.3226011702735891,0.7774800126977041,0.9,0.0,0.2548273179102649,0.03697101770212585,-0.7200175084071967,0.040000000000000036,-0.29999999999999993,-0.45000000000000007,-0.2542372881355932,-0.33834586466165417
2020-03-26,94.08000183105467,98.56999969482422,93.54000091552734,98.12000274658205,82.51852416992188,29826300.0,61.0,0.83,0.06966104207579282,0.0673418151807117,-0.0461298002774857,-0.050000000000000044,-0.21739780697266198,1.0669176093721613,1.3507193626687672,0.7921967545034607,0.9,0.0,0.29494155029674785,-0.0461298002774857,-0.7597655110858298,-0.050000000000000044,-0.29000000000000015,-0.4700000000000001,-0.2589285714285715,-0.3615384615384616
2020-03-27,93.19000244140624,94.83999633789062,90.5500030517578,91.12999725341795,76.63994598388672,30041500.0,65.54000091552734,0.72,-0.07123949737552271,-0.07390437467012065,0.07442624451684177,-0.10999999999999999,0.007215108813362736,1.2666634486565438,1.3645217098473497,0.8040443110038833,0.9,0.0,0.23320643007296815,0.07442624451684177,-0.7609064418228512,-0.10999999999999999,-0.20000000000000007,-0.4099999999999999,-0.21739130434782616,-0.36283185840707965
2020-03-30,90.6500015258789,94.08999633789062,89.30000305175781,93.5,78.63310241699219,21656900.0,57.08000183105469,0.7,0.02600675675742936,0.02567433226045014,-0.1290814611885116,-0.020000000000000018,-0.27910057753441075,1.0933439922851045,1.3551789693261926,0.8059040659767153,0.9,0.0,0.3482458475291913,-0.1290814611885116,-0.7556736611128723,-0.020000000000000018,-0.06000000000000005,-0.40000000000000013,-0.07894736842105265,-0.36363636363636376
2020-03-31,92.0500030517578,94.16999816894533,89.33999633789062,90.02999877929688,75.71484375,23379300.0,53.540000915527344,0.7,-0.037112342986502456,-0.037818533372945995,-0.06201823409195106,0.0,0.07953123484893965,0.9175773798062696,1.3550744515076778,0.8083185069761418,0.9,0.0,0.3963829263929707,-0.06201823409195106,-0.736987807719273,0.0,-0.14,-0.32000000000000006,-0.16666666666666674,-0.31372549019607854
2020-04-01,85.0999984741211,86.55999755859375,83.25,84.36000061035156,70.94639587402344,28029600.0,57.060001373291016,0.62,-0.06297903607542688,-0.06504962354194438,0.06574524463152964,-0.07999999999999996,0.198906725179967,0.9693404184556097,1.3594449006628884,0.8168388929994842,0.9,0.0,0.34851781458108066,0.06574524463152964,-0.73390896842631,-0.07999999999999996,-0.26,-0.4,-0.2954545454545454,-0.3921568627450981
2020-04-02,83.51000213623047,87.91000366210938,82.95999908447266,87.51000213623047,73.59554290771484,24018000.0,50.90999984741211,0.63,0.03734012138397258,0.036659861377241476,-0.10778130700777788,0.010000000000000009,-0.14312013014812908,0.8136146682151376,1.366688727619649,0.8217585577514226,0.9,0.0,0.4321457896940464,-0.10778130700777788,-0.7423981483376346,0.010000000000000009,-0.19999999999999996,-0.29000000000000004,-0.24096385542168675,-0.3152173913043479
2020-04-03,86.0,87.4800033569336,82.7699966430664,84.05000305175781,71.42021942138672,21199400.0,46.79999923706055,0.62,-0.029557815601087056,-0.030003451152340516,-0.0807307134682792,-0.010000000000000009,-0.11735365142809562,0.6905827604563577,1.3602056360082808,0.8224391637517688,0.9,0.0,0.48803374798323307,-0.0807307134682792,-0.7275094166972319,-0.010000000000000009,-0.09999999999999998,-0.12,-0.13888888888888884,-0.16216216216216217
2020-04-06,88.98999786376953,90.98999786376952,87.69999694824219,89.45999908447266,76.01728820800781,26820800.0,45.2400016784668,0.67,0.06436648926402633,0.062379776408979154,-0.033333281709936435,0.050000000000000044,0.2651678821098711,0.8536945032271902,1.2878698154717478,0.8346972533443354,0.9,0.0,0.5092466593064903,-0.033333281709936435,-0.683827474353811,0.050000000000000044,-0.029999999999999916,0.13,-0.042857142857142705,0.2407407407407407
2020-04-07,94.4499969482422,94.5,90.37999725341795,90.63999938964844,77.01998901367188,22563800.0,46.70000076293945,0.75,0.013190431141405057,0.013104194905568347,0.032272303941305536,0.07999999999999996,-0.15872009783451646,0.8125571063280947,1.2575304157041538,0.8356828190735643,0.9,0.0,0.48939353137026864,0.032272303941305536,-0.6677691359967463,0.07999999999999996,0.050000000000000044,-0.010000000000000009,0.0714285714285714,-0.013157894736842146
2020-04-08,92.0999984741211,94.86000061035156,90.5500030517578,94.3000030517578,80.13001251220703,22903300.0,43.34999847412109,0.77,0.040379433162254674,0.03958548619459634,-0.07173452321390295,0.020000000000000018,0.015046224483464599,0.5562130744291548,1.2558960024413761,0.8405129963842987,0.9,0.0,0.5349470010497162,-0.07173452321390295,-0.6641899253080711,0.020000000000000018,0.15000000000000002,-0.04999999999999993,0.24193548387096775,-0.060975609756097504
2020-04-09,96.91999816894533,104.38999938964844,96.88999938964844,102.76000213623048,87.31877136230469,42055900.0,41.66999816894531,0.73,0.08971368685363079,0.08591498912521167,-0.03875433366344161,-0.040000000000000036,0.836237572751525,0.712792777382367,1.2486142114215284,0.8607439271016696,0.9,0.0,0.5577917146843093,-0.03875433366344161,-0.6488473638407587,-0.040000000000000036,0.09999999999999998,-0.15000000000000002,0.1587301587301586,-0.17045454545454553
2020-04-13,103.11000061035156,103.11000061035156,97.3000030517578,98.19000244140624,83.43548583984375,26911900.0,41.16999816894531,0.76,-0.0444725167552843,-0.04549175250801534,-0.011999040604053213,0.030000000000000027,-0.3600921630496553,0.8033997493165507,1.1132268843161914,0.8645366627641399,0.9,0.0,0.5645907353643094,-0.011999040604053213,-0.5625006038511051,0.030000000000000027,0.14,-0.17999999999999994,0.22580645161290325,-0.1914893617021276
2020-04-14,101.0199966430664,102.0,93.63999938964844,95.5,81.14969635009766,46151300.0,37.7599983215332,0.76,-0.027395891169540443,-0.027778156437312282,-0.08282730141057637,0.0,0.7149030726184327,0.8365246348462803,0.9472357384659665,0.8655282908322707,0.9,0.0,0.6109600543270137,-0.08282730141057637,-0.24556835638653884,0.0,0.08999999999999997,0.030000000000000027,0.13432835820895517,0.041095890410958846
2020-04-15,91.1500015258789,92.02999877929688,90.12999725341795,90.79000091552734,77.14744567871094,30118600.0,40.84000015258789,0.63,-0.04931935486388184,-0.05057708236428903,0.08156784872784995,-0.13,-0.3473943312539408,0.9507165778372226,0.9430470130983393,0.8699100784847754,0.9,0.0,0.5690780620394557,0.08156784872784995,-0.27313943690463965,-0.13,-0.12,-0.39,-0.16000000000000003,-0.38235294117647056
2020-04-16,90.2300033569336,90.56999969482422,87.05000305175781,87.33000183105469,74.20735168457031,32449600.0,40.11000061035156,0.61,-0.03811006272825901,-0.03885524518222608,-0.01787462143753371,-0.020000000000000018,0.07739403557934299,0.9088424695827183,0.8624887939516317,0.8723671078030043,0.9,0.0,0.5790046260075665,-0.01787462143753371,-0.24445398121228798,-0.020000000000000018,-0.16000000000000003,-0.57,-0.20779220779220786,-0.48305084745762705
2020-04-17,92.0,95.6999969482422,90.95999908447266,95.18000030517578,80.87777709960938,30191900.0,38.150001525878906,0.65,0.08988901050387477,0.08607586583070911,-0.048865595977249154,0.040000000000000036,-0.06957558798875796,0.9099718557992144,0.9113855986016239,0.893069095170395,0.9,0.0,0.6056567746237882,-0.048865595977249154,-0.250791858873667,0.040000000000000036,-0.07999999999999996,-0.4700000000000001,-0.1095890410958904,-0.4196428571428572
2020-04-20,92.47000122070312,94.70999908447266,90.45999908447266,91.70999908447266,77.92920684814453,23679400.0,43.83000183105469,0.63,-0.036457112907954614,-0.03713828034662258,0.14888597845331075,-0.020000000000000018,-0.21570354962754912,0.8943234123631336,0.9193656395186751,0.8952980928494128,0.9,0.0,0.5284198955491941,0.14888597845331075,-0.3276028302619939,-0.020000000000000018,-0.13,-0.29000000000000004,-0.17105263157894735,-0.3152173913043479
2020-04-21,88.62000274658203,91.37999725341795,88.33000183105469,89.05000305175781,75.66889953613281,23035000.0,45.40999984741211,0.58,-0.02900462359916267,-0.02943357239026711,0.03604832193362939,-0.050000000000000044,-0.027213527369781332,0.896045987567165,0.9014468982300391,0.8957237225364127,0.9,0.0,0.5069350171740477,0.03604832193362939,-0.39814264522895576,-0.050000000000000044,-0.18000000000000005,-0.18000000000000005,-0.23684210526315796,-0.23684210526315796
2020-04-22,90.69000244140624,91.87000274658205,89.18000030517578,89.33999633789062,75.91532135009766,16662400.0,41.97999954223633,0.63,0.0032565798561292603,0.003251288684253347,-0.07553403031714068,0.050000000000000044,-0.2766485782504884,0.837111322436407,0.8100049893942364,0.8959377328209858,0.9,0.0,0.5535763031886412,-0.07553403031714068,-0.4624183305222169,0.050000000000000044,0.0,-0.20999999999999996,0.0,-0.25
2020-04-23,89.73999786376953,91.27999877929688,89.26000213623047,89.38999938964844,75.95781707763672,16638800.0,41.380001068115234,0.61,0.0005597780103319128,0.0005596213930660292,-0.014292484055828392,-0.020000000000000018,-0.0014163625888227172,0.775937462211848,0.7990178031713514,0.894624515406449,0.9,0.0,0.5617351072556769,-0.014292484055828392,-0.5040378723331947,-0.020000000000000018,0.0,-0.27,0.0,-0.3068181818181819
2020-04-24,90.63999938964844,91.0999984741211,88.48999786376953,90.70999908447266,77.07946014404297,15809200.0,35.93000030517578,0.6,0.014766657462783828,0.014658691938709325,-0.13170615326877966,-0.010000000000000009,-0.049859364858042654,0.35572564163238424,0.7604000162967941,0.8956322225609954,0.9,0.0,0.6358444430421603,-0.13170615326877966,-0.501113793311669,-0.010000000000000009,-0.050000000000000044,-0.22999999999999998,-0.07692307692307698,-0.27710843373493976
2020-04-27,91.94000244140624,95.62999725341795,91.54000091552734,94.62000274658205,80.40193939208984,22870200.0,33.290000915527344,0.67,0.04310459935549571,0.04220145800412709,-0.07347618611815432,0.07000000000000006,0.44663866609316094,0.4107406911265056,0.7286620142262191,0.9003775618884832,0.9,0.0,0.671743263932975,-0.07347618611815432,-0.45927321770022295,0.07000000000000006,0.040000000000000036,-0.04999999999999993,0.06349206349206349,-0.06944444444444431
2020-04-28,97.80999755859376,98.36000061035156,95.02999877929688,95.29000091552734,80.97124481201172,20238900.0,33.56999969482422,0.62,0.007080742382911787,0.007055791637197495,0.00841089731440281,-0.050000000000000044,-0.1150536506020936,0.2678894660049175,0.7237536775087058,0.8997361381312242,0.9,0.0,0.6679358289513466,0.00841089731440281,-0.4435484996594903,-0.050000000000000044,0.040000000000000036,-0.07999999999999996,0.06896551724137945,-0.11428571428571421
2020-04-29,99.08000183105467,99.4499969482422,97.2699966430664,97.86000061035156,83.15505981445312,20462600.0,31.229999542236328,0.63,0.02697025354508864,0.0266129661112566,-0.06970509901281496,0.010000000000000009,0.011052972246515358,0.2626216059740871,0.713432872334206,0.9017422345090561,0.9,0.0,0.6997552478086435,-0.06970509901281496,-0.49167868852609176,0.010000000000000009,0.0,-0.06999999999999995,0.0,-0.09999999999999998
2020-04-30,95.5999984741211,96.83999633789062,94.5500030517578,95.76000213623048,81.37062072753906,19127600.0,34.150001525878906,0.64,-0.02145917627737559,-0.021692772298228323,0.0934999047852525,0.010000000000000009,-0.06524097622003067,0.3787299727174159,0.6726578966825284,0.9014715661535535,0.9,0.0,0.660048940063789,0.0934999047852525,-0.45427357941259017,0.010000000000000009,0.030000000000000027,0.020000000000000018,0.049180327868852514,0.032258064516129004
2020-05-01,93.5,93.73999786376952,91.83999633789062,93.25,79.23777770996094,18547700.0,37.18999862670898,0.64,-0.026211463037989158,-0.02656110675279918,0.08901894480228223,0.0,-0.030317447039879597,0.47375058301107564,0.6729377943431332,0.9012458105474616,0.9,0.0,0.618710933752421,0.08901894480228223,-0.45723318598235074,0.0,0.040000000000000036,0.010000000000000009,0.06666666666666665,0.015873015873015817
2020-05-04,92.0199966430664,92.66999816894533,90.8000030517578,92.13999938964844,78.29458618164062,15725900.0,35.970001220703125,0.64,-0.011903306170104044,-0.011974717774171317,-0.03280444880494504,0.0,-0.15213746178771492,0.34927631185986935,0.6639470301390943,0.901217238904071,0.9,0.0,0.6353005089383816,-0.03280444880494504,-0.508270763621637,0.0,-0.030000000000000027,0.020000000000000018,-0.04477611940298509,0.032258064516129004
2020-05-05,93.6500015258789,94.20999908447266,91.9000015258789,92.0,78.17562103271484,18064100.0,33.61000061035156,0.66,-0.0015194556191890918,-0.0015206111625580122,-0.06561024548960048,0.020000000000000018,0.14868465397846875,0.3351658789515619,0.6279545345389532,0.9012502220297186,0.9,0.0,0.6673918948475679,-0.06561024548960048,-0.5018179264055761,0.020000000000000018,0.040000000000000036,-0.010000000000000009,0.06451612903225823,-0.014925373134328401
2020-05-06,92.16000366210938,92.76000213623048,89.93000030517578,90.2699966430664,76.7055892944336,20978000.0,34.119998931884766,0.72,-0.01880422206900123,-0.018983269571798904,0.015174005125609291,0.05999999999999994,0.16130889443703267,0.15443881588558545,0.6303472308657111,0.9013313825980914,0.9,0.0,0.6604569165778287,0.015174005125609291,-0.5225473085472322,0.05999999999999994,0.08999999999999997,-0.030000000000000027,0.1428571428571428,-0.040000000000000036
2020-05-07,91.33999633789062,92.91000366210938,90.58000183105467,91.20999908447266,77.50432586669922,16771900.0,31.440000534057617,0.63,0.01041301656910143,0.010359174561328175,-0.07854626265309517,-0.08999999999999997,-0.20050052435885213,0.23071574192884284,0.614208768494918,0.9018501091202237,0.9,0.0,0.6968996456362165,-0.07854626265309517,-0.5027416449400494,-0.08999999999999997,-0.010000000000000009,-0.14,-0.015625,-0.18181818181818188
2020-05-08,92.8000030517578,94.08000183105467,92.11000061035156,92.6999969482422,78.77043151855469,20487800.0,27.979999542236328,0.69,0.016335935287445258,0.01620393947324705,-0.11005092026233321,0.05999999999999994,0.22155510109170695,0.23397433434491102,0.5258624151792225,0.9029772193482651,0.9,0.0,0.7439488822286442,-0.11005092026233321,-0.5604018789025931,0.05999999999999994,0.04999999999999993,-0.040000000000000036,0.078125,-0.0547945205479452
2020-05-11,91.11000061035156,91.11000061035156,89.33000183105469,89.97000122070312,76.45066833496094,31907600.0,27.56999969482422,0.73,-0.029449669614255214,-0.029892017454250498,-0.01465331858898733,0.040000000000000036,0.5573951327131268,0.30868564470363774,0.5127421650088052,0.9041680082126473,0.9,0.0,0.7495240771113478,-0.01465331858898733,-0.5707787180484698,0.040000000000000036,0.08999999999999997,-0.030000000000000027,0.140625,-0.03947368421052633
2020-05-12,90.1500015258789,90.79000091552734,86.9000015258789,87.02999877929688,73.95242309570312,27962900.0,33.040000915527344,0.69,-0.03267787311305115,-0.0332237191592125,0.1984041088593127,-0.040000000000000036,-0.12362885331394402,0.3646600986893076,0.5163906395358066,0.9057264043277602,0.9,0.0,0.6751427742729751,0.1984041088593127,-0.6272384040190353,-0.040000000000000036,0.029999999999999916,-0.07000000000000006,0.045454545454545414,-0.0921052631578948
2020-05-13,86.37999725341797,86.86000061035156,83.4000015258789,84.02999877929688,71.40321350097656,35451600.0,35.279998779296875,0.64,-0.03447094074831847,-0.03507907994693596,0.0677965436349861,-0.04999999999999993,0.26780841758186735,0.4025017440472347,0.5008015727387888,0.9074250941380553,0.9,0.0,0.6446831906751249,0.0677965436349861,-0.6182128936342034,-0.04999999999999993,-0.07999999999999996,0.010000000000000009,-0.11111111111111105,0.015873015873015817
2020-05-14,82.72000122070312,88.11000061035156,82.4000015258789,87.5199966430664,74.36881256103516,35152500.0,32.61000061035156,0.63,0.041533131558820324,0.04069379259920753,-0.07568022282676867,-0.010000000000000009,-0.008436854754087286,0.5502156092422105,0.5066647770120439,0.9118485051021264,0.9,0.0,0.6809899362075681,-0.07568022282676867,-0.6645196292098171,-0.010000000000000009,0.0,0.020000000000000018,0.0,0.032786885245901676
2020-05-15,86.8499984741211,87.27999877929688,85.30000305175781,85.9000015258789,72.99223327636719,26099000.0,31.88999938964844,0.64,-0.018510168943980387,-0.018683625934657475,-0.022079153855476097,0.010000000000000009,-0.2575492496977455,0.5065020724689263,0.3950895294687647,0.9120086756120256,0.9,0.0,0.6907805425859397,-0.022079153855476097,-0.7690162808349938,0.010000000000000009,-0.04999999999999993,-0.010000000000000009,-0.0724637681159419,-0.015384615384615441
2020-05-18,88.69000244140625,91.1500015258789,87.87999725341797,90.4499969482422,76.85852813720703,30504400.0,29.299999237060547,0.73,0.052968578810310696,0.051613393020311524,-0.08121668868481113,0.08999999999999997,0.1687957393003563,0.6639692124462399,0.4242485977828419,0.9199931350129601,0.9,0.0,0.7259994717832368,-0.08121668868481113,-0.7320080274816462,0.08999999999999997,0.0,0.09999999999999998,0.0,0.1587301587301586
2020-05-19,90.05000305175781,91.1999969482422,88.58999633789062,88.66999816894531,75.34600067138672,19597300.0,30.530000686645508,0.7,-0.019679370688964637,-0.019875588060495476,0.04197957275129127,-0.030000000000000027,-0.35755825389124196,0.6262327524166313,0.41695418365178066,0.9194107844932622,0.9,0.0,0.7092738611989202,0.04197957275129127,-0.7332908908050133,-0.030000000000000027,0.010000000000000009,0.12,0.01449275362318847,0.2068965517241379
2020-05-20,90.70999908447266,92.38999938964844,90.37000274658205,91.33000183105467,77.60629272460938,20552400.0,27.989999771118164,0.68,0.029998832493852934,0.029557668739788334,-0.08319688366854172,-0.019999999999999907,0.048736305511473565,0.5353813875712855,0.430102669195063,0.9186402693628797,0.9,0.0,0.7438128987026995,-0.08319688366854172,-0.7504686358968308,-0.019999999999999907,0.040000000000000036,0.050000000000000044,0.0625,0.07936507936507953
2020-05-21,90.2699966430664,91.76000213623048,89.66999816894531,90.16999816894533,76.62059020996094,14621400.0,29.530000686645508,0.68,-0.01270132201967511,-0.012782673390925977,0.055019683033953104,0.0,-0.28857943597827995,0.5184889738427784,0.4329238970527682,0.9186058944266363,0.9,0.0,0.7228719025589205,0.055019683033953104,-0.7537478076824321,0.0,0.050000000000000044,0.07000000000000006,0.07936507936507953,0.11475409836065587
2020-05-22,90.01000213623047,90.36000061035156,88.72000122070312,89.47000122070312,76.0257797241211,13557900.0,28.15999984741211,0.66,-0.007763063221125077,-0.007793352657451718,-0.04639352547841158,-0.020000000000000018,-0.07273585292790019,0.49090202475826794,0.43046848653559294,0.9153804504073781,0.9,0.0,0.7415012306340513,-0.04639352547841158,-0.74916955013979,-0.020000000000000018,0.020000000000000018,0.06000000000000005,0.03125,0.10000000000000009
2020-05-26,92.88999938964844,97.5,92.61000061035156,95.81999969482422,81.42156982421875,41233900.0,28.01000022888184,0.69,0.07097316357264138,0.06856773379652752,-0.005326691027807473,0.029999999999999916,2.0413190833388652,0.5901981489775384,0.47334917134023247,0.9238211306192716,0.9,0.0,0.7435409316508101,-0.005326691027807473,-0.6235795491244264,0.029999999999999916,-0.040000000000000036,0.019999999999999907,-0.0547945205479452,0.02985074626865658
2020-05-27,102.06999969482422,102.58000183105467,98.8000030517578,101.37000274658205,86.13763427734375,39402000.0,27.6200008392334,0.68,0.05792156136643545,0.0563061920926546,-0.013923576810481508,-0.009999999999999898,-0.04442703697685646,0.5825234751055531,0.5128515910615851,0.9264981380625406,0.9,0.0,0.7488441594816244,-0.013923576810481508,-0.5852579496227545,-0.009999999999999898,-0.019999999999999907,0.06000000000000005,-0.02857142857142847,0.09677419354838723
2020-05-28,102.94000244140624,102.9499969482422,99.4000015258789,99.86000061035156,84.85453796386719,24713900.0,28.59000015258789,0.7,-0.014895885221844818,-0.015007943113538355,0.03511945271111783,0.019999999999999907,-0.37277549362976503,0.6509880750193275,0.5087986909098499,0.9239264499310393,0.9,0.0,0.7356540686994583,0.03511945271111783,-0.5774663081161088,0.019999999999999907,0.019999999999999907,0.06999999999999995,0.02941176470588225,0.11111111111111094
2020-05-29,98.66000366210938,99.18000030517578,96.77999877929688,97.30999755859376,82.68769836425781,26526400.0,27.51000022888184,0.65,-0.025535930683307284,-0.025867631605298074,-0.037775443089960725,-0.04999999999999993,0.07333929489072943,0.6949332168477063,0.5114783284420414,0.9234262133863992,0.9,0.0,0.7503399523308102,-0.037775443089960725,-0.5296849645422566,-0.04999999999999993,-0.030000000000000027,0.010000000000000009,-0.044117647058823595,0.015625
2020-06-01,97.75,99.51000213623048,97.37999725341795,98.5999984741211,83.78384399414062,15176800.0,28.229999542236328,0.66,0.013256453518080136,0.013169355633143531,0.026172275803857836,0.010000000000000009,-0.4278605464744556,0.6665125980206467,0.5026533346557909,0.9187765524450393,0.9,0.0,0.7405493718886442,0.026172275803857836,-0.4881701398104532,0.010000000000000009,0.0,0.020000000000000018,0.0,0.03125
2020-06-02,100.27999877929688,100.41999816894533,97.93000030517578,98.93000030517578,84.06428527832031,21195000.0,26.84000015258789,0.68,0.003347200018649188,0.0033416106137647028,-0.0492383780442075,0.020000000000000018,0.3965394549575667,0.5048308979496311,0.49961763061005543,0.9127022062938057,0.9,0.0,0.7594506410794586,-0.0492383780442075,-0.49605380421632933,0.020000000000000018,-0.009999999999999898,0.040000000000000036,-0.014492753623188248,0.0625
2020-06-03,101.58000183105467,104.91999816894533,101.05999755859376,104.2699966430664,88.60185241699219,25941100.0,25.65999984741211,0.77,0.053977347498392225,0.052570957951206324,-0.04396424360906748,0.08999999999999997,0.22392545411653697,0.48173030942983797,0.5283948415618347,0.8681888455346046,0.9,0.0,0.7754963340340518,-0.04396424360906748,-0.5163419926784598,0.08999999999999997,0.08999999999999997,0.10999999999999999,0.13235294117647056,0.16666666666666674
2020-06-04,103.81999969482422,106.61000061035156,102.79000091552734,106.44000244140624,90.44579315185548,26784700.0,25.809999465942383,0.82,0.020811537056641294,0.020597935520071393,0.005845659369534406,0.04999999999999993,0.03251982375458251,0.4509109969999031,0.5219553928077593,0.8557843937232333,0.9,0.0,0.773456633017293,0.005845659369534406,-0.5031997486620529,0.04999999999999993,0.12,0.09999999999999998,0.17142857142857149,0.13888888888888884
2020-06-05,114.93000030517578,115.7699966430664,109.52999877929688,111.2300033569336,94.5160140991211,42231000.0,24.520000457763672,0.91,0.045001771839535465,0.04401858095556223,-0.049980590270097824,0.09000000000000008,0.5766837037562489,0.33062828412866335,0.5372204997727089,0.8539582780718564,0.9,0.0,0.7909980928848662,-0.049980590270097824,-0.5264965872502748,0.09000000000000008,0.26,0.28,0.3999999999999999,0.4444444444444444
2020-06-08,113.41000366210938,114.19000244140624,111.94000244140624,113.4499969482422,96.40243530273438,24881800.0,25.809999465942383,0.88,0.019958746902243973,0.019762182264804157,0.0526100727608374,-0.030000000000000027,-0.41081669863370507,0.3165957888564959,0.5379203938364489,0.8343424718264727,0.9,0.0,0.773456633017293,0.0526100727608374,-0.5220738371568863,-0.030000000000000027,0.21999999999999997,0.19000000000000006,0.33333333333333326,0.2753623188405798
2020-06-09,110.6500015258789,111.62999725341795,109.01000213623048,110.54000091552734,93.9296875,17031100.0,27.56999969482422,0.84,-0.025650262827584758,-0.02598496671861464,0.06819063406817372,-0.040000000000000036,-0.31551977750805815,0.4846761717360059,0.5342339962933059,0.7657908125066899,0.9,0.0,0.7495240771113478,0.06819063406817372,-0.5816703042520504,-0.040000000000000036,0.15999999999999992,0.10999999999999999,0.23529411764705865,0.15068493150684925
2020-06-10,110.45999908447266,110.51000213623048,105.8499984741211,106.05999755859376,90.12289428710938,24913300.0,27.56999969482422,0.75,-0.04052811538301593,-0.0413722660825264,0.0,-0.08999999999999997,0.4628121495381978,0.5657982319988435,0.5437363408407536,0.6922633642610697,0.9,0.0,0.7495240771113478,0.0,-0.5179794944043169,-0.08999999999999997,-0.020000000000000018,0.06000000000000005,-0.025974025974025983,0.0869565217391306
2020-06-11,100.02999877929688,101.58000183105467,96.54000091552734,97.20999908447266,82.60272216796875,36259200.0,40.790000915527344,0.66,-0.08344352651595066,-0.08713159496019388,0.47950675977645907,-0.08999999999999997,0.45541538053971165,0.8195531385611246,0.626000587898893,0.7064853953728832,0.9,0.0,0.5697579537329734,0.47950675977645907,-0.6535422479501645,-0.08999999999999997,-0.15999999999999992,0.020000000000000018,-0.19512195121951215,0.03125
2020-06-12,100.70999908447266,101.12999725341795,97.33000183105467,99.87000274658205,84.863037109375,24856800.0,36.09000015258789,0.71,0.027363685869940202,0.02699599276735479,-0.11522433580407998,0.04999999999999993,-0.31446915541435005,0.7436044846879495,0.6181437608601174,0.6686661683676045,0.9,0.0,0.6336687584994567,-0.11522433580407998,-0.646822894143887,0.04999999999999993,-0.20000000000000007,0.07999999999999996,-0.2197802197802199,0.12698412698412698
2020-06-15,96.41999816894533,101.43000030517578,95.87000274658205,101.25,86.03567504882812,22153600.0,34.400001525878906,0.71,0.013818005805540379,0.01372340760616554,-0.046827337754605125,0.0,-0.1087509253001191,0.723432550878159,0.6112279019056012,0.6684377660239382,0.9,0.0,0.656649429723789,-0.046827337754605125,-0.6652957608018907,0.0,-0.17000000000000004,0.06999999999999995,-0.19318181818181823,0.109375
2020-06-16,105.37000274658205,105.68000030517578,99.30999755859376,102.05999755859376,86.72393035888672,22193600.0,33.66999816894531,0.75,0.007999650257500601,0.007967822682351404,-0.021221026876537152,0.040000000000000036,0.0018055756175068272,0.7534139871301636,0.5893753396014354,0.6665719823609835,0.9,0.0,0.666576045564311,-0.021221026876537152,-0.6509606576630865,0.040000000000000036,-0.08999999999999997,0.020000000000000018,-0.1071428571428571,0.027397260273972712
2020-06-17,102.52999877929688,102.54000091552734,99.20999908447266,99.4800033569336,84.53162384033203,15639800.0,33.470001220703125,0.74,-0.02527914163348388,-0.025604148086970008,-0.005939915625735037,-0.010000000000000009,-0.29530134813639963,0.7277923625700944,0.5930552841299516,0.6582122133107808,0.9,0.0,0.6692956123383821,-0.005939915625735037,-0.6317638176087335,-0.010000000000000009,-0.010000000000000009,0.040000000000000036,-0.013333333333333308,0.05714285714285716
2020-06-18,98.66999816894533,100.5199966430664,98.12999725341795,98.94000244140624,84.0727767944336,16591900.0,32.939998626708984,0.71,-0.005428111102717459,-0.005442896827767944,-0.01583515311216377,-0.030000000000000027,0.060876737554188765,0.31784357404534724,0.587407685746739,0.6184415538076814,0.9,0.0,0.6765026095324218,-0.01583515311216377,-0.6157364950660144,-0.030000000000000027,0.04999999999999993,0.029999999999999916,0.07575757575757569,0.04411764705882337
2020-06-19,100.52999877929688,100.5999984741211,96.7300033569336,97.80999755859376,83.1125717163086,40371200.0,35.119998931884766,0.7,-0.011421117687985927,-0.011486839543163199,0.06618094705711841,-0.010000000000000009,1.4331872781296897,0.24873888353202211,0.5869344133012769,0.6147970483718529,0.9,0.0,0.6468588752178285,0.06618094705711841,-0.6165674420697137,-0.010000000000000009,-0.010000000000000009,0.019999999999999907,-0.014084507042253502,0.02941176470588225
2020-06-22,97.25,97.9499969482422,96.54000091552734,96.75,82.21186828613281,16216900.0,31.770000457763672,0.71,-0.010837150283956931,-0.010896299927658303,-0.095387203189226,0.010000000000000009,-0.5983052274889029,0.19213980168211742,0.5878686111946607,0.5995892856908862,0.9,0.0,0.6924122930248646,-0.095387203189226,-0.5951524450617419,0.010000000000000009,0.0,0.04999999999999993,0.0,0.07575757575757569
2020-06-23,98.97000122070312,99.97000122070312,97.8499984741211,97.93000030517578,83.21456146240234,15381400.0,31.3700008392334,0.72,0.01219645286225246,0.012122675407440624,-0.0125904819882533,0.010000000000000009,-0.051520327559521295,0.21614580319988877,0.5375174468727306,0.5799354864887085,0.9,0.0,0.6978515043816237,-0.0125904819882533,-0.6425328280110625,0.010000000000000009,-0.030000000000000027,0.030000000000000027,-0.040000000000000036,0.04347826086956519
2020-06-24,96.75,96.83999633789062,94.30999755859376,94.66000366210938,80.43588256835938,22919800.0,33.84000015258789,0.69,-0.03339173871989243,-0.033961972866410686,0.07873762343880286,-0.030000000000000027,0.49009843057198954,0.26173060186078767,0.509291468888221,0.5821355625335534,0.9,0.0,0.6642643515594572,0.07873762343880286,-0.6839004601725042,-0.030000000000000027,-0.050000000000000044,0.009999999999999898,-0.06756756756756765,0.014705882352941124
2020-06-25,94.3499984741211,98.20999908447266,94.26000213623048,97.95999908447266,83.24003601074219,25743600.0,32.220001220703125,0.68,0.034861971459064556,0.03426805691485929,-0.04787230864598202,-0.009999999999999898,0.1232035183553084,0.412854222994211,0.5242433243696114,0.5806772579320135,0.9,0.0,0.6862931640383824,-0.04787230864598202,-0.6861745828184529,-0.009999999999999898,-0.029999999999999916,-0.019999999999999907,-0.042253521126760396,-0.02857142857142847
2020-06-26,95.11000061035156,95.37000274658205,92.0,92.58999633789062,78.67697143554688,41896300.0,34.72999954223633,0.64,-0.05481814753908143,-0.05637793353533556,0.07790186922526843,-0.040000000000000036,0.6274452679500924,0.5707249930861183,0.553821377156081,0.5766855789381898,0.9,0.0,0.6521621030486427,0.07790186922526843,-0.7074970732281369,-0.040000000000000036,-0.05999999999999994,-0.010000000000000009,-0.08571428571428563,-0.015384615384615441
2020-06-29,93.4000015258789,94.48999786376952,92.18000030517578,93.0,79.02535247802734,18499700.0,31.780000686645508,0.64,0.004427992538653669,0.00441821782397921,-0.0849409413899711,0.0,-0.558440721495693,0.5811093023947317,0.5514062833356989,0.5721102615419024,0.9,0.0,0.69227630949892,-0.0849409413899711,-0.7088021254218628,0.0,-0.06999999999999995,-0.020000000000000018,-0.09859154929577463,-0.030303030303030276
2020-06-30,92.83000183105467,94.66000366210938,92.56999969482422,94.05999755859376,79.92605590820312,19137000.0,30.43000030517578,0.66,0.011397651537539355,0.011333187669295133,-0.04247955797046343,0.020000000000000018,0.03444920728444245,0.5794195842102358,0.5533369049736053,0.5687470640699547,0.9,0.0,0.7106336705221614,-0.04247955797046343,-0.7122978398069263,0.020000000000000018,-0.05999999999999994,-0.020000000000000018,-0.08333333333333326,-0.02941176470588236
2020-07-01,94.88999938964844,95.70999908447266,93.02999877929688,93.26000213623048,79.24629211425781,18755700.0,28.6200008392334,0.69,-0.008504908521021481,-0.008541281635671746,-0.05948075740355885,0.029999999999999916,-0.019924753096096537,0.5341769462450286,0.5137368548710474,0.5549258697135259,0.9,0.0,0.7352461181216243,-0.05948075740355885,-0.720580605367865,0.029999999999999916,0.0,-0.08000000000000007,0.0,-0.10389610389610393
2020-07-02,94.73999786376952,94.95999908447266,91.93000030517578,92.66000366210938,79.50370025634766,27845600.0,27.68000030517578,0.68,0.0032482042405050926,0.0032429402211042926,-0.03284418261683031,-0.009999999999999898,0.48464733387716796,0.43387709120775525,0.5056376404770889,0.5543515800867352,0.9,0.0,0.748028284262162,-0.03284418261683031,-0.7335429704113697,-0.009999999999999898,0.0,-0.1399999999999999,0.0,-0.1707317073170731
2020-07-06,94.43000030517578,95.1999969482422,93.4800033569336,95.0,81.51144409179688,18625300.0,27.940000534057617,0.69,0.025253464039730833,0.02493986401120088,0.009393071749107529,0.009999999999999898,-0.3311223317148849,0.19489100559766623,0.4844745423153339,0.550745180702841,0.9,0.0,0.7444927903962173,0.009393071749107529,-0.7292421979354105,0.009999999999999898,0.04999999999999993,-0.22000000000000008,0.078125,-0.2417582417582418
2020-07-07,93.81999969482422,94.0999984741211,92.0,92.31999969482422,79.21196746826172,25757200.0,29.43000030517578,0.65,-0.02821047583141234,-0.028616036890841273,0.0533285519913258,-0.039999999999999925,0.3829146376165753,0.32257619219339717,0.4789013489081869,0.5240567732347459,0.9,0.0,0.7242317118821617,0.0533285519913258,-0.7655031109026402,-0.039999999999999925,0.010000000000000009,-0.22999999999999998,0.015625,-0.26136363636363635
2020-07-08,92.29000091552734,93.33999633789062,91.8000030517578,93.3000030517578,80.05281066894531,18762200.0,28.07999992370605,0.67,0.01061510309058411,0.010559158441008408,-0.04587157211929449,0.020000000000000018,-0.2715745500287299,0.3209771068765165,0.48010795508297893,0.5165524409942603,0.9,0.0,0.742589072905403,-0.04587157211929449,-0.7651662590755811,0.020000000000000018,0.010000000000000009,-0.16999999999999993,0.015151515151515138,-0.20238095238095233
2020-07-09,93.5199966430664,94.12000274658205,90.77999877929688,91.27999877929688,78.31964874267578,25600800.0,29.26000022888184,0.62,-0.021650232037909833,-0.021888036930756208,0.042022803005052456,-0.050000000000000044,0.36448817302874925,0.3562318425281433,0.46694234106801985,0.5153728451270563,0.9,0.0,0.7265433799508099,0.042022803005052456,-0.7966675228804929,-0.050000000000000044,-0.06999999999999995,-0.13,-0.10144927536231874,-0.17333333333333334
2020-07-10,92.0,96.83999633789062,91.87000274658205,96.2699966430664,82.60112762451172,28954200.0,27.290000915527344,0.65,0.054666727322833175,0.05322481874946409,-0.06732738543897743,0.030000000000000027,0.1309880941220587,0.5367008640602491,0.4098574019842876,0.5162757366215192,0.9,0.0,0.7533315120929763,-0.06732738543897743,-0.6704518277103604,0.030000000000000027,-0.030000000000000027,-0.010000000000000009,-0.044117647058823595,-0.015151515151515138
2020-07-13,98.7300033569336,99.2699966430664,96.2300033569336,97.6500015258789,83.78517150878906,32079200.0,32.189998626708984,0.64,0.014334476033544874,0.014232708799042327,0.1795528599045837,-0.010000000000000009,0.10792907419303588,0.520088351687345,0.40111778745843185,0.5101378414355747,0.9,0.0,0.6867011405524219,0.1795528599045837,-0.40689988944791217,-0.010000000000000009,-0.04999999999999993,-0.06999999999999995,-0.0724637681159419,-0.09859154929577463
2020-07-14,98.37000274658205,99.9499969482422,96.63999938964844,98.20999908447266,84.26566314697266,42731700.0,29.520000457763672,0.63,0.005734805211124794,0.005718423815290073,-0.08294496063538004,-0.010000000000000009,0.3320687548317913,0.42697126494992294,0.39831282200524254,0.4792326997752681,0.9,0.0,0.7230078860848652,-0.08294496063538004,-0.3964612688589701,-0.010000000000000009,-0.020000000000000018,-0.07999999999999996,-0.03076923076923077,-0.11267605633802813
2020-07-15,100.88999938964844,101.29000091552734,98.6500015258789,99.7300033569336,85.56986999511719,22508400.0,27.76000022888184,0.64,0.015477322546786132,0.015358770471166582,-0.059620603034880926,0.010000000000000009,-0.4732622385723011,0.4270488671901557,0.40138173417206285,0.4735795458628377,0.9,0.0,0.7469404419908101,-0.059620603034880926,-0.4094076670719176,0.010000000000000009,-0.030000000000000027,-0.10999999999999999,-0.04477611940298509,-0.1466666666666666
2020-07-16,98.77999877929688,101.22000122070312,98.5500030517578,100.01000213623048,85.81009674072266,16886900.0,28.0,0.62,0.002807375371952414,0.002803442053527434,0.008645524824904882,-0.020000000000000018,-0.24975120399495299,0.3217644469459454,0.39049476707683844,0.46915627815250693,0.9,0.0,0.7436769151767548,0.008645524824904882,-0.4183852874002979,-0.020000000000000018,0.0,-0.12,0.0,-0.16216216216216217
2020-07-17,100.0,100.08000183105467,98.13999938964844,98.16000366210938,84.22276306152344,16137700.0,25.68000030517578,0.64,-0.018498215705261223,-0.018671447340896975,-0.08285713195800781,0.020000000000000018,-0.04436575096672568,0.21766708120978634,0.39606111079961964,0.47107306869091603,0.9,0.0,0.7752243669821625,-0.08285713195800781,-0.3608227421740827,0.020000000000000018,-0.010000000000000009,-0.06999999999999995,-0.015384615384615441,-0.09859154929577463
2020-07-20,97.43000030517578,98.38999938964844,97.26000213623048,97.3000030517578,83.48486328125,14458100.0,24.459999084472656,0.62,-0.008761286776288846,-0.008799892505258125,-0.04750783513258894,-0.020000000000000018,-0.10407926780148347,0.20999008660184196,0.3951332651000135,0.47156271590110255,0.9,0.0,0.7918139940405342,-0.04750783513258894,-0.33355164570580154,-0.020000000000000018,-0.020000000000000018,-0.07999999999999996,-0.03125,-0.11428571428571421
2020-07-21,97.70999908447266,100.0500030517578,97.63999938964844,99.41000366210938,85.29531860351562,17798100.0,24.84000015258789,0.61,0.021686030869649153,0.021454234083335515,0.015535612524060216,-0.010000000000000009,0.23101237368672223,0.2633201916105743,0.3997181418341385,0.47257260808111357,0.9,0.0,0.786646723799459,0.015535612524060216,-0.3537000781232153,-0.010000000000000009,-0.020000000000000018,-0.09999999999999998,-0.031746031746031744,-0.14084507042253513
2020-07-22,99.6500015258789,100.12999725341795,97.52999877929688,98.69000244140624,84.67752075195312,14271200.0,24.31999969482422,0.6,-0.00724304524184094,-0.007269403446930096,-0.020933995755611834,-0.010000000000000009,-0.19816160151926332,0.2414112604482418,0.39902876655369995,0.46527722756426965,0.9,0.0,0.7937177115313485,-0.020933995755611834,-0.3503173981217718,-0.010000000000000009,-0.040000000000000036,-0.12,-0.0625,-0.16666666666666663
2020-07-23,98.5,99.3499984741211,97.97000122070312,98.9800033569336,84.92635345458984,12870200.0,26.07999992370605,0.59,0.0029385922075544357,0.0029342829854402293,0.07236843137199522,-0.010000000000000009,-0.09816974045630356,0.24158030050586565,0.37720629755842217,0.4651195861335934,0.9,0.0,0.7697851556254035,0.07236843137199522,-0.26748786912265077,-0.010000000000000009,-0.030000000000000027,-0.09999999999999998,-0.048387096774193616,-0.14492753623188404
2020-07-24,99.5999984741211,99.8000030517578,97.94000244140624,98.27999877929688,84.32573699951172,12744200.0,25.84000015258789,0.59,-0.0070722035110016845,-0.007097330079137454,-0.009202445238506551,0.0,-0.00979005765256169,0.2022442833009316,0.35947662980434164,0.4622491772557128,0.9,0.0,0.7730486824394589,-0.009202445238506551,-0.2404648225610936,0.0,-0.050000000000000044,-0.09000000000000008,-0.07812500000000011,-0.13235294117647067
2020-07-27,97.51000213623048,97.62999725341795,96.16999816894533,96.9000015258789,83.14166259765625,11959100.0,24.739999771118164,0.62,-0.014041672732280075,-0.014141189707029139,-0.04256967395410638,0.030000000000000027,-0.06160449459361905,0.2200624003986519,0.296327832970052,0.46097658881882053,0.9,0.0,0.7880065331227002,-0.04256967395410638,-0.06105830374439481,0.030000000000000027,0.0,-0.020000000000000018,0.0,-0.03125
2020-07-28,96.5,97.88999938964844,96.5,97.31999969482422,83.50203704833984,11754300.0,25.440000534057617,0.59,0.004334462884481027,0.004325096156967041,0.02829429140725548,-0.030000000000000027,-0.017125034492562197,0.12301614797193496,0.29632110489011376,0.45760619911180717,0.9,0.0,0.7784878937962179,0.02829429140725548,-0.055203308548552744,-0.030000000000000027,-0.020000000000000018,-0.050000000000000044,-0.032786885245901676,-0.07812500000000011
2020-07-29,97.06999969482422,99.70999908447266,97.0,99.68000030517578,85.52696228027344,12743500.0,24.100000381469727,0.58,0.024250009981928278,0.023960647190440894,-0.052672960867039875,-0.010000000000000009,0.08415643636796744,0.2289245399484884,0.3044480457186139,0.4592199969139479,0.9,0.0,0.7967092712935145,-0.052672960867039875,-0.08065903080604223,-0.010000000000000009,-0.020000000000000018,-0.08000000000000007,-0.033333333333333326,-0.12121212121212133
2020-07-30,97.54000091552734,97.73999786376952,96.0500030517578,97.0199966430664,83.24462127685547,14834800.0,24.76000022888184,0.55,-0.026685631554862144,-0.02704815705191758,0.027385885351254302,-0.029999999999999916,0.16410719190175382,0.3068710866230342,0.32071753935253333,0.4628959559094435,0.9,0.0,0.7877345660708108,0.027385885351254302,-0.1447455184046754,-0.029999999999999916,-0.039999999999999925,-0.1399999999999999,-0.06779661016949146,-0.20289855072463758
2020-07-31,96.4800033569336,96.93000030517578,95.25,96.63999938964844,82.9185791015625,14535000.0,24.459999084472656,0.55,-0.0039166755796583574,-0.003924365840194617,-0.0121163627478178,0.0,-0.020209237738291086,0.3056780303114149,0.32149396388697427,0.4611381799698142,0.9,0.0,0.7918139940405342,-0.0121163627478178,-0.14229469299806685,0.0,-0.039999999999999925,-0.13,-0.06779661016949146,-0.19117647058823528
2020-08-03,97.0199966430664,97.56999969482422,95.8499984741211,96.0999984741211,82.45525360107422,12962800.0,24.280000686645508,0.56,-0.005587716353903982,-0.005603386040032521,-0.007358888166983268,0.010000000000000009,-0.10816649466804262,0.29243961816968544,0.3108217829451167,0.4609588273365779,0.9,0.0,0.7942616196989216,-0.007358888166983268,-0.1608144178454068,0.010000000000000009,-0.05999999999999994,-0.1299999999999999,-0.09677419354838701,-0.1884057971014491
2020-08-04,95.91000366210938,95.9499969482422,95.02999877929688,95.5500030517578,81.98336029052734,13366200.0,23.76000022888184,0.52,-0.0057230229723134185,-0.005739462219749386,-0.021416822201725805,-0.040000000000000036,0.031119819792020165,0.28816454221473636,0.29238643578314494,0.4600667780319031,0.9,0.0,0.801332607430811,-0.021416822201725805,-0.08773234377099057,-0.040000000000000036,-0.06999999999999995,-0.13,-0.11864406779661008,-0.19999999999999996
2020-08-05,95.87000274658205,98.47000122070312,95.72000122070312,97.20999908447266,83.40764617919922,15260900.0,22.989999771118164,0.55,0.01737286546470629,0.01722368258173347,-0.03240742636137217,0.030000000000000027,0.14175307866110032,0.24873883383505843,0.29599357929798226,0.45682147810183166,0.9,0.0,0.8118031055027006,-0.03240742636137217,-0.08927001581645212,0.030000000000000027,-0.029999999999999916,-0.12,-0.051724137931034364,-0.17910447761194026
2020-08-06,97.58000183105467,98.0999984741211,96.54000091552734,97.23999786376952,83.43340301513672,10482100.0,22.649999618530277,0.55,0.0003088066516367949,0.00030875898067656785,-0.014789045496860886,0.0,-0.31314011624478244,0.15379939171681484,0.28235424567743994,0.45108294792529874,0.9,0.0,0.816426441639997,-0.014789045496860886,-0.03291550058387061,0.0,0.0,-0.06999999999999995,0.0,-0.11290322580645151
2020-08-07,96.93000030517578,99.48999786376952,96.55999755859376,99.37999725341795,85.26953125,14743700.0,22.209999084472656,0.57,0.02200711188215787,0.02176845054610461,-0.019426072470996925,0.019999999999999907,0.4065597542477175,0.20676888228927698,0.22454084449717468,0.4461362709470719,0.9,0.0,0.8224095871005348,-0.019426072470996925,0.13596219290095463,0.019999999999999907,0.019999999999999907,-0.08000000000000007,0.036363636363636154,-0.1230769230769232
2020-08-10,100.11000061035156,102.04000091552734,100.02999877929688,100.63999938964844,86.35066986083984,14989900.0,22.1299991607666,0.59,0.012679072993494911,0.012599366576076762,-0.0036019778029610094,0.020000000000000018,0.016698657731776922,0.18378430849980454,0.22339298767969148,0.43965471399159417,0.9,0.0,0.8234974293718865,-0.0036019778029610094,-0.019915536540803726,0.020000000000000018,0.029999999999999916,-0.050000000000000044,0.05357142857142838,-0.07812500000000011
2020-08-11,103.86000061035156,106.16000366210938,103.51000213623048,103.81999969482422,89.07914733886719,31518600.0,24.030000686645508,0.64,0.03159764113497299,0.031108708414230718,0.08585637586680717,0.050000000000000044,1.102655788230742,0.18082556840988584,0.24670422264225955,0.4412519488121918,0.9,0.0,0.7976611300389217,0.08585637586680717,0.24024176851917656,0.050000000000000044,0.12,0.010000000000000009,0.23076923076923084,0.015873015873015817
2020-08-12,106.16000366210938,106.43000030517578,101.70999908447266,102.94000244140624,88.3240966796875,19240800.0,22.280000686645508,0.69,-0.008476177441476773,-0.008512304524719011,-0.07282563254243057,0.04999999999999993,-0.3895414136414689,0.2531071963766663,0.24510452309479838,0.4302118047905458,0.9,0.0,0.821457702418922,-0.07282563254243057,0.34329941912300654,0.04999999999999993,0.1399999999999999,0.04999999999999993,0.2545454545454544,0.078125
2020-08-13,102.0,103.36000061035156,101.63999938964844,102.37000274658205,87.83501434326172,13598600.0,22.1299991607666,0.71,-0.005537360186082307,-0.005552748197261764,-0.006732563790665225,0.020000000000000018,-0.29324144526215123,0.2720783268624018,0.2463447392555037,0.4280519365584909,0.9,0.0,0.8234974293718865,-0.006732563790665225,0.33917506773841577,0.020000000000000018,0.15999999999999992,0.08999999999999997,0.2909090909090908,0.14516129032258052
2020-08-14,101.5,103.30999755859376,101.41999816894533,102.41000366210938,87.86934661865234,12134400.0,22.049999237060547,0.71,0.00039087231495682495,0.0003907959442736675,-0.0036149989489328016,0.0,-0.10767284867559901,0.2571394406138463,0.2350175848150423,0.4243511335116236,0.9,0.0,0.8245852716432384,-0.0036149989489328016,0.2501623292879316,0.0,0.14,0.06999999999999995,0.2456140350877194,0.109375
2020-08-17,101.5,102.0,99.52999877929688,99.70999908447266,85.55268859863281,14988000.0,21.350000381469727,0.69,-0.026364803076022514,-0.026718586643469173,-0.0317459809438132,-0.020000000000000018,0.23516613924050622,0.3337273743570598,0.25390734560280487,0.42738474238052254,0.9,0.0,0.8341038850335152,-0.0317459809438132,0.26046755800743904,-0.020000000000000018,0.09999999999999998,0.06999999999999995,0.1694915254237288,0.11290322580645151
2020-08-18,99.91000366210938,99.91000366210938,98.12000274658205,98.31999969482422,84.36005401611328,13246500.0,21.51000022888184,0.67,-0.013940351870351253,-0.014038431148758327,0.007494137918188537,-0.019999999999999907,-0.11619295436349075,0.16302368988942134,0.24757698897817823,0.4281767411771024,0.9,0.0,0.8319282004908115,0.007494137918188537,0.20964661871013315,-0.019999999999999907,0.030000000000000027,0.06000000000000005,0.046875,0.09836065573770503
2020-08-19,98.91999816894533,100.58999633789062,98.33999633789062,98.5500030517578,84.55738830566406,13533000.0,22.540000915527344,0.68,0.002339191123716944,0.0023364594752295436,0.047884736201095235,0.010000000000000009,0.02162835465972135,0.18908633906561517,0.2464653471012078,0.404902604389639,0.9,0.0,0.8179222085529774,0.047884736201095235,0.20320177704742462,0.010000000000000009,-0.009999999999999898,0.08000000000000007,-0.014492753623188248,0.13333333333333353
2020-08-20,97.26000213623048,98.02999877929688,96.8000030517578,97.37000274658205,83.54493713378906,13672600.0,22.71999931335449,0.65,-0.01197353882566854,-0.012045799027802916,0.007985731611179547,-0.030000000000000027,0.010315525012931426,0.18785672378088836,0.24975678287620068,0.3886640327562086,0.9,0.0,0.81547458289459,0.007985731611179547,0.1858393054131312,-0.030000000000000027,-0.05999999999999994,0.06000000000000005,-0.08450704225352101,0.10169491525423746
2020-08-21,97.2699966430664,98.56999969482422,96.94000244140624,97.31999969482422,83.50203704833984,12228300.0,22.540000915527344,0.64,-0.0005134971300596591,-0.0005136290148611927,-0.00792246493252946,-0.010000000000000009,-0.10563462691806969,0.18478512747413406,0.2486530032227442,0.38748797929135786,0.9,0.0,0.8179222085529774,-0.00792246493252946,0.1848783686447105,-0.010000000000000009,-0.06999999999999995,0.050000000000000044,-0.09859154929577463,0.0847457627118644
2020-08-24,98.4499969482422,100.20999908447266,97.41999816894533,100.05999755859376,85.85298919677734,17898300.0,22.3700008392334,0.65,0.02815442870066165,0.027765378222168534,-0.007542150372178313,0.010000000000000009,0.463678516228748,0.26519959870029414,0.2622628508322029,0.38794275970984854,0.9,0.0,0.8202338766216255,-0.007542150372178313,0.12422357021826978,0.010000000000000009,-0.039999999999999925,0.030000000000000027,-0.05797101449275355,0.048387096774193505
2020-08-25,101.2699966430664,101.9800033569336,99.8000030517578,100.5,86.23052978515625,13648900.0,22.030000686645508,0.69,0.004397524092184746,0.004387883236710167,-0.015198933385446534,0.039999999999999925,-0.23741919623651409,0.23070066920666363,0.2622715839333638,0.38714666045072577,0.9,0.0,0.8248572127589221,-0.015198933385446534,0.11649754265881145,0.039999999999999925,0.019999999999999907,0.09999999999999998,0.02985074626865658,0.1694915254237288
2020-08-26,99.94000244140624,100.2699966430664,99.0500030517578,99.08999633789062,85.0207290649414,12052400.0,23.270000457763672,0.69,-0.014029842136295212,-0.01412919069583354,0.0562868693812546,0.0,-0.1169691330436885,0.26671965303287176,0.2539327421123979,0.3882491284314374,0.9,0.0,0.8079956445848665,0.0562868693812546,0.14100840585796823,0.0,0.009999999999999898,0.10999999999999999,0.014705882352941124,0.18965517241379315
2020-08-27,99.0,102.6500015258789,99.0,102.3499984741211,87.8178482055664,22163900.0,24.46999931335449,0.74,0.03289926082012862,0.032369664394730054,0.051568492994612525,0.050000000000000044,0.8389615346321064,0.31150640332502605,0.2584610713757661,0.3786976366438259,0.9,0.0,0.7916780105145896,0.051568492994612525,0.3492571158292102,0.050000000000000044,0.08999999999999997,0.18999999999999995,0.1384615384615384,0.34545454545454524
2020-08-28,103.13999938964844,103.25,101.80999755859376,102.7699966430664,88.17822265625,13756700.0,22.959999084472656,0.74,0.0041036584025608835,0.004095261360973185,-0.061708225224908375,0.0,-0.3793195240909768,0.30334020163976405,0.2573106990162257,0.37633908370306524,0.9,0.0,0.8122110560805346,-0.061708225224908375,0.316211296325663,0.0,0.09999999999999998,0.18999999999999995,0.15625,0.34545454545454524
2020-08-31,102.12000274658205,102.18000030517578,100.0199966430664,100.19000244140624,85.96455383300781,14219400.0,26.40999984741211,0.72,-0.025104484492410983,-0.025424977308676763,0.15026136326253647,-0.020000000000000018,0.03363451990666366,0.34865656756013,0.2751769308902154,0.36813285613324326,0.9,0.0,0.7652978030140516,0.15026136326253647,-0.025788397864056362,-0.020000000000000018,0.06999999999999995,0.15999999999999992,0.10769230769230753,0.2857142857142856
2020-09-01,99.5500030517578,100.87000274658205,99.04000091552734,100.13999938964844,85.9216537475586,11595600.0,26.1200008392334,0.68,-0.000499043891189821,-0.0004991684550360962,-0.010980651641583683,-0.039999999999999925,-0.18452255369424875,0.34673207413485385,0.2738263082712931,0.3654476564771428,0.9,0.0,0.7692412215216248,-0.010980651641583683,-0.03620879929387636,-0.039999999999999925,-0.009999999999999898,0.16000000000000003,-0.014492753623188248,0.3076923076923077
2020-09-02,99.9499969482422,101.94000244140624,99.55999755859376,101.6500015258789,87.21723175048828,14475700.0,26.56999969482422,0.66,0.015078597145443018,0.014966045107042383,0.01722813327459405,-0.020000000000000018,0.24837869536720825,0.33722662285851013,0.27231248637966715,0.3635606432479462,0.9,0.0,0.763122118471348,0.01722813327459405,0.006569174629966953,-0.020000000000000018,-0.029999999999999916,0.10999999999999999,-0.04347826086956508,0.19999999999999996
2020-09-03,103.31999969482422,104.98999786376952,100.63999938964844,101.33000183105467,86.94268798828125,23281200.0,33.599998474121094,0.63,-0.003147815594428005,-0.003152780387509302,0.2645840745216983,-0.030000000000000027,0.60829528105722,0.2350968267501247,0.27291347160421336,0.3538466147531715,0.9,0.0,0.6675279043097182,0.2645840745216983,-0.05245197967520059,-0.030000000000000027,-0.10999999999999999,0.07999999999999996,-0.14864864864864868,0.14545454545454528
2020-09-04,104.0500030517578,105.20999908447266,101.37000274658205,103.5199966430664,88.82173919677734,26325500.0,30.75,0.72,0.021612527194343922,0.021382287989068625,-0.0848213870103649,0.08999999999999997,0.13076216002611551,0.289163293872887,0.2725468018476588,0.30732803694558997,0.9,0.0,0.7062823014367543,-0.0848213870103649,-0.09874326829269273,0.08999999999999997,-0.020000000000000018,0.15000000000000002,-0.027027027027027084,0.26315789473684226
2020-09-08,102.9800033569336,103.56999969482422,99.4800033569336,99.91999816894533,85.73286437988281,22108600.0,31.459999084472656,0.69,-0.03477611274928294,-0.035395197039035826,0.02308940112106206,-0.030000000000000027,-0.16018309243889006,0.349846313758757,0.29977184688775865,0.3115388696614122,0.9,0.0,0.6966277045205328,0.02308940112106206,-0.08478038493181665,-0.030000000000000027,-0.030000000000000027,0.09999999999999998,-0.04166666666666674,0.1694915254237288
2020-09-09,100.8000030517578,101.69000244140624,99.55999755859376,100.87000274658205,86.54798126220703,13434000.0,28.809999465942383,0.71,0.009507636169864053,0.009462723051075119,-0.08423393819608227,0.020000000000000018,-0.3923631528002678,0.3569944771724356,0.27874446352018784,0.3108688077376407,0.9,0.0,0.7326625089372922,-0.08423393819608227,-0.2113691376612848,0.020000000000000018,0.029999999999999916,0.06999999999999995,0.04411764705882337,0.109375
2020-09-10,101.4000015258789,102.41999816894533,99.63999938964844,99.83000183105467,85.65565490722656,15922800.0,29.709999084472656,0.68,-0.010310192588745215,-0.010363710797517895,0.03123914041005804,-0.029999999999999916,0.18526127735596254,0.3415446483079657,0.27944396267007005,0.31115684215358264,0.9,0.0,0.7204242769005331,0.03123914041005804,-0.24695882250535134,-0.029999999999999916,0.020000000000000018,-0.009999999999999898,0.030303030303030276,-0.014492753623188248
2020-09-11,99.97000122070312,101.36000061035156,99.58999633789062,101.06999969482422,86.71961975097656,13784300.0,26.8700008392334,0.67,0.012421419752173701,0.012344906865425932,-0.09559065408128964,-0.010000000000000009,-0.13430426809355134,0.3600792460334892,0.2832261396671216,0.3076261896800766,0.9,0.0,0.7590426905016247,-0.09559065408128964,-0.28894954567241454,-0.010000000000000009,0.040000000000000036,-0.039999999999999925,0.06349206349206349,-0.05633802816901401
2020-09-14,101.51000213623048,103.45999908447266,101.37000274658205,102.47000122070312,87.92082977294922,19017400.0,25.850000381469727,0.68,0.013851652318380037,0.013756594977400238,-0.03796056665075909,0.010000000000000009,0.3796420565425882,0.3339899804509954,0.2878073635570021,0.3085766365580039,0.9,0.0,0.7729126989135142,-0.03796056665075909,-0.30609553183596117,0.010000000000000009,-0.039999999999999925,-0.029999999999999916,-0.05555555555555547,-0.042253521126760396
2020-09-15,102.7300033569336,102.8499984741211,99.13999938964844,99.27999877929688,85.1837387084961,23683000.0,25.59000015258789,0.68,-0.03113131520165946,-0.03162619247850418,-0.010058035785106334,0.0,0.24533322115536293,0.31052302950165045,0.29431038267273096,0.31468639572626506,0.9,0.0,0.7764481927794589,-0.010058035785106334,-0.31742986942696977,0.0,-0.009999999999999898,-0.009999999999999898,-0.014492753623188248,-0.014492753623188248
2020-09-16,99.43000030517578,101.12999725341795,98.76000213623048,99.6999969482422,85.54412841796875,19270600.0,26.040000915527344,0.69,0.004230733646311657,0.004221809255012603,0.017585023847447978,0.009999999999999898,-0.18631085588818985,0.3011834886846714,0.29004254630183823,0.3138905699023847,0.9,0.0,0.7703290637929766,0.017585023847447978,-0.3239149389372493,0.009999999999999898,-0.020000000000000018,0.019999999999999907,-0.028169014084507116,0.02985074626865658
2020-09-17,98.6999969482422,99.33999633789062,97.70999908447266,98.55999755859376,84.56597900390625,18290100.0,26.459999084472656,0.69,-0.011434442458554961,-0.011500318346532996,0.01612896137399411,0.0,-0.050880616067999984,0.30319409199400665,0.2931471550086153,0.31394012450442116,0.9,0.0,0.7646179113205338,0.01612896137399411,-0.32610986672347225,0.0,0.009999999999999898,0.009999999999999898,0.014705882352941124,0.014705882352941124
2020-09-18,97.88999938964844,99.48999786376952,97.44000244140624,98.3499984741211,84.38578796386719,20121600.0,25.82999992370605,0.7,-0.0021307745994489924,-0.0021330479295225344,-0.02380949291628298,0.010000000000000009,0.10013613922285836,0.2744085087860475,0.2898354706252102,0.305787936715602,0.9,0.0,0.7731846659654036,-0.02380949291628298,-0.3263362688167336,0.010000000000000009,0.029999999999999916,0.04999999999999993,0.04477611940298498,0.07692307692307687
2020-09-21,95.1999969482422,96.0500030517578,93.81999969482422,95.30999755859376,81.77742767333984,28378800.0,27.780000686645508,0.68,-0.03090994767559918,-0.031397738154082665,0.07549364183891472,-0.019999999999999907,0.4103649809160306,0.26220402431774276,0.3112134796012771,0.30470058307770437,0.9,0.0,0.746668474938921,0.07549364183891472,-0.36378511305335687,-0.019999999999999907,0.0,0.040000000000000036,0.0,0.0625
2020-09-22,94.95999908447266,95.66000366210938,93.66999816894533,94.2699966430664,80.88508605957031,19257000.0,26.86000061035156,0.68,-0.010911832753336181,-0.01097180345959066,-0.03311735253974324,0.0,-0.321430081610216,0.2136541406690406,0.29352736790219314,0.2823979491934646,0.9,0.0,0.7591786740275693,-0.03311735253974324,-0.34861670241451453,0.0,0.0,0.030000000000000027,0.0,0.04615384615384621
2020-09-23,94.77999877929688,95.3499984741211,92.66000366210938,92.73999786376952,79.57234191894531,19952700.0,28.57999992370605,0.68,-0.016229742769367728,-0.016362887614368313,0.0640357138596499,0.0,0.036127122604767026,0.1708609031711174,0.2958513585285799,0.2843588593992648,0.9,0.0,0.735790052225403,0.0640357138596499,-0.3575965018748178,0.0,-0.009999999999999898,-0.009999999999999898,-0.014492753623188248,-0.014492753623188248
2020-09-24,92.31999969482422,94.3000030517578,91.37999725341795,92.66000366210938,79.50370025634766,18366500.0,28.51000022888184,0.67,-0.0008626321777430723,-0.0008630044589900306,-0.0024492545490228945,-0.010000000000000009,-0.07949801280027269,0.1971822370768261,0.29357677497903295,0.2834006609576497,0.9,0.0,0.73674191097081,-0.0024492545490228945,-0.34909405314224456,-0.010000000000000009,-0.019999999999999907,-0.019999999999999907,-0.02898550724637672,-0.02898550724637672
2020-09-25,92.0500030517578,93.72000122070312,91.87000274658205,93.47000122070312,80.19869232177734,13293100.0,26.3799991607666,0.66,0.00874163168744091,0.008703644842646144,-0.07471066471467291,-0.010000000000000009,-0.27623118177115946,0.2423718045831188,0.2661158537241721,0.28340736103173264,0.9,0.0,0.7657057535918856,-0.07471066471467291,-0.4741657393483417,-0.010000000000000009,-0.039999999999999925,-0.07999999999999996,-0.05714285714285705,-0.108108108108108
2020-09-28,95.05999755859376,96.93000030517578,94.3499984741211,96.16000366210938,82.5067367553711,20894100.0,26.190000534057617,0.67,0.028779078146726977,0.028372738122902273,-0.007202374251457866,0.010000000000000009,0.5718004077303263,0.2810582428017407,0.2894887014261738,0.28918069424162063,0.9,0.0,0.7682893627762177,-0.007202374251457866,-0.44056967280533194,0.010000000000000009,-0.010000000000000009,-0.06999999999999995,-0.014705882352941235,-0.09459459459459452
2020-09-29,96.02999877929688,96.02999877929688,94.33000183105467,95.3499984741211,81.8117446899414,12848200.0,26.270000457763672,0.66,-0.008423458407891049,-0.008459136228700143,0.0030545980173624088,-0.010000000000000009,-0.38507999865990883,0.2743649297860086,0.2783597301254693,0.2852566162893937,0.9,0.0,0.7672015205048659,0.0030545980173624088,-0.37192227247443754,-0.010000000000000009,-0.020000000000000018,-0.05999999999999994,-0.02941176470588236,-0.08333333333333326
2020-09-30,95.3499984741211,97.1999969482422,95.26000213623048,96.2699966430664,82.60112762451172,16400600.0,26.3700008392334,0.69,0.009648772771708947,0.009602520643227709,0.0038066379797176975,0.029999999999999916,0.27649009199732255,0.21970145690309728,0.28160172410700707,0.27954178383253536,0.9,0.0,0.7658417111816247,0.0038066379797176975,-0.36665110961717556,0.029999999999999916,0.009999999999999898,0.009999999999999898,0.014705882352941124,0.014705882352941124
2020-10-01,97.12000274658205,97.7699966430664,96.02999877929688,96.97000122070312,83.20174407958984,15778700.0,26.700000762939453,0.68,0.00727128638979857,0.007244978040302217,0.012514217413868156,-0.009999999999999898,-0.03791934441422873,0.2075272692338821,0.2767342656904467,0.2791246485813011,0.9,0.0,0.7613543585702729,0.012514217413868156,-0.37944715174623816,-0.009999999999999898,0.010000000000000009,0.020000000000000018,0.014925373134328401,0.030303030303030276
2020-10-02,95.25,98.58999633789062,95.08999633789062,97.88999938964844,83.9910888671875,15149600.0,27.6299991607666,0.7,0.00948711828495541,0.00944239819895346,0.03483139967239324,0.019999999999999907,-0.03987020476972125,0.20750623129840218,0.2798476716913656,0.27568667549503556,0.9,0.0,0.7487082018918854,0.03483139967239324,-0.556428880182409,0.019999999999999907,0.039999999999999925,0.06999999999999995,0.06060606060606055,0.11111111111111094
2020-10-05,98.31999969482422,99.25,97.52999877929688,99.04000091552734,85.76637268066406,13871900.0,27.959999084472656,0.78,0.02113657338439512,0.020916294570271637,0.011943537232336876,0.08000000000000007,-0.0843388604319586,0.1669916928759544,0.2793417270137545,0.25694214290639383,0.9,0.0,0.7442208492805336,0.011943537232336876,-0.44867693592473373,0.08000000000000007,0.10999999999999999,0.06000000000000005,0.16417910447761197,0.08333333333333348
2020-10-06,100.06999969482422,100.86000061035156,97.51000213623048,98.0199966430664,84.883056640625,19220400.0,29.479999542236328,0.76,-0.0102990952331391,-0.01035249789696425,0.05436339440396454,-0.020000000000000018,0.38556362142172307,0.17869994192116406,0.25215805490797166,0.2563209064749885,0.9,0.0,0.723551820188644,0.05436339440396454,-0.4548504776825305,-0.020000000000000018,0.09999999999999998,0.07000000000000006,0.15151515151515138,0.10144927536231885
2020-10-07,98.95999908447266,100.3499984741211,98.66999816894533,99.7300033569336,86.36390686035156,16358500.0,28.059999465942383,0.81,0.017445769253999988,0.017295338883755663,-0.048168252996730776,0.050000000000000044,-0.14889908638738003,0.19256055913648099,0.257732913706871,0.2584712248331499,0.9,0.0,0.7428610399572924,-0.048168252996730776,-0.47446355258349815,0.050000000000000044,0.1200000000000001,0.10000000000000009,0.17391304347826098,0.14084507042253525
2020-10-08,100.51000213623048,101.91999816894533,99.9000015258789,101.77999877929688,88.1391372680664,15659000.0,26.36000061035156,0.78,0.020555235077372558,0.020346827307559864,-0.060584422236151014,-0.030000000000000027,-0.04276064431335391,0.2073249466574704,0.26448788046745136,0.25990159882953257,0.9,0.0,0.7659776947075694,-0.060584422236151014,-0.5028613461376009,-0.030000000000000027,0.09999999999999998,0.09999999999999998,0.1470588235294117,0.1470588235294117
2020-10-09,102.0,102.11000061035156,100.11000061035156,101.1999969482422,87.63687896728516,13689100.0,25.0,0.79,-0.005698470808191414,-0.005714769039121654,-0.05159334517683911,0.010000000000000009,-0.1257998595057156,0.24196858815087507,0.2623624381680808,0.2601643247851906,0.9,0.0,0.7844710392567554,-0.05159334517683911,-0.4473985507057038,0.010000000000000009,0.09000000000000008,0.12,0.12857142857142878,0.17910447761194037
2020-10-12,101.0999984741211,103.0,100.8499984741211,102.44000244140624,88.7106704711914,16058000.0,25.06999969482422,0.79,0.012252735567033435,0.012178278388357269,0.00279998779296875,0.0,0.17305009094827262,0.2207370141547503,0.26136471826641383,0.2582046348819323,0.9,0.0,0.7835191805113484,0.00279998779296875,-0.41612689277369597,0.0,0.010000000000000009,0.10999999999999999,0.012820512820512775,0.1617647058823528
2020-10-13,103.0,103.22000122070312,100.26000213623048,100.77999877929688,87.27316284179688,21697300.0,26.06999969482422,0.74,-0.01620445005949267,-0.0163371779686891,0.03988831320993014,-0.050000000000000044,0.3511832108606303,0.2518470374217087,0.24134850943552275,0.2598663907432812,0.9,0.0,0.7699211391513482,0.03988831320993014,-0.5245306009850043,-0.050000000000000044,-0.020000000000000018,0.05999999999999994,-0.02631578947368418,0.08823529411764697
2020-10-14,101.02999877929688,101.93000030517578,100.0999984741211,100.22000122070312,86.7882308959961,15204100.0,26.399999618530277,0.73,-0.0055564841471350546,-0.005571978829133306,0.01265822506977532,-0.010000000000000009,-0.29926304194531117,0.2365392829442783,0.24223056695217582,0.25654619373740295,0.9,0.0,0.7654337865399963,0.01265822506977532,-0.5339342910624107,-0.010000000000000009,-0.08000000000000007,0.040000000000000036,-0.09876543209876554,0.05797101449275366
2020-10-15,99.0999984741211,101.77999877929688,99.04000091552734,101.72000122070312,88.0871810913086,17171200.0,26.96999931335449,0.74,0.014966893343742793,0.014855994566464551,0.02159089784320023,0.010000000000000009,0.12937957524615062,0.20993255189580515,0.24265879142928293,0.25776615195249014,0.9,0.0,0.7576829071145891,0.02159089784320023,-0.49348020551414756,0.010000000000000009,-0.040000000000000036,0.050000000000000044,-0.05128205128205132,0.07246376811594213
2020-10-16,101.41000366210938,102.33000183105467,100.72000122070312,101.51000213623048,87.90531921386719,13275000.0,27.40999984741211,0.76,-0.0020645668891696722,-0.00206670104530092,0.01631444365071788,0.020000000000000018,-0.22690318673127097,0.205352857673909,0.24264377316782174,0.2577812730952012,0.9,0.0,0.7516997616540514,0.01631444365071788,-0.5119159041521114,0.020000000000000018,-0.030000000000000027,0.06000000000000005,-0.03797468354430378,0.08571428571428585
2020-10-19,101.5999984741211,101.87000274658205,99.55999755859376,99.8000030517578,86.42451477050781,11725700.0,29.18000030517578,0.78,-0.016845447540628222,-0.01698894590428122,0.06457498969781228,0.020000000000000018,-0.11670809792843695,0.20624835742781894,0.22070443074304688,0.25982761861267895,0.9,0.0,0.7276312222221617,0.06457498969781228,-0.4588129923471939,0.020000000000000018,-0.010000000000000009,0.09999999999999998,-0.012658227848101222,0.1470588235294117
2020-10-20,100.30999755859376,101.7699966430664,100.12000274658205,100.37000274658205,86.9181137084961,11257100.0,29.350000381469727,0.81,0.005711330162500694,0.005695082351442417,0.005825910709938986,0.030000000000000027,-0.03996349898087104,0.19012223019355595,0.214797592024096,0.2582583204085262,0.9,0.0,0.7253195541535135,0.005825910709938986,-0.5346682382761243,0.030000000000000027,0.07000000000000006,0.13,0.09459459459459474,0.19117647058823528
2020-10-21,100.36000061035156,100.98999786376952,99.33000183105467,99.37000274658205,86.05213165283203,10730500.0,28.649999618530277,0.83,-0.00996319430686654,-0.010013159076754794,-0.02385011086341926,0.019999999999999907,-0.046779365911291504,0.19950522412548127,0.20804833364021305,0.25907865404405894,0.9,0.0,0.7348381934799957,-0.02385011086341926,-0.41019838713642026,0.019999999999999907,0.09999999999999998,0.1499999999999999,0.1369863013698629,0.22058823529411753
2020-10-22,99.31999969482422,103.23999786376952,99.30999755859376,102.87999725341795,89.09171295166016,14837200.0,28.11000061035156,0.87,0.035322556692621854,0.03471302714325542,-0.018848133171682768,0.040000000000000036,0.3827128279204137,0.3179730841426918,0.2339294089683104,0.2641251230046422,0.9,0.0,0.742181122327569,-0.018848133171682768,-0.4185341827611468,0.040000000000000036,0.13,0.19999999999999996,0.17567567567567566,0.29850746268656714
2020-10-23,103.5,104.4499969482422,102.93000030517578,103.80999755859376,89.89707946777344,15087600.0,27.549999237060547,0.85,0.009039746677115268,0.008999132743406827,-0.01992178445861681,-0.020000000000000018,0.016876499609090656,0.31817422770175774,0.23398219055594371,0.2582268345953329,0.9,0.0,0.7497960441632372,-0.01992178445861681,-0.4520308615495456,-0.020000000000000018,0.08999999999999997,0.18999999999999995,0.11842105263157898,0.28787878787878785
2020-10-26,102.6500015258789,102.6999969482422,100.25,101.23999786376952,87.6715087890625,12410700.0,32.459999084472656,0.81,-0.024756874104111093,-0.025068479176081192,0.17822141500487332,-0.039999999999999925,-0.17742384474667938,0.3555021539798932,0.24208094230577645,0.263626764249619,0.9,0.0,0.6830296631605326,0.17822141500487332,-0.5955612084921427,-0.039999999999999925,0.030000000000000027,0.14,0.03846153846153855,0.20895522388059695
2020-10-27,100.51000213623048,100.91999816894533,99.16000366210938,99.33000183105467,86.01748657226562,10391700.0,33.349998474121094,0.79,-0.01886613153626049,-0.019046367499706725,0.02741834302990398,-0.020000000000000018,-0.16268220164857738,0.3852420251228867,0.25148313060574023,0.2664736585611628,0.9,0.0,0.6709274146497182,0.02741834302990398,-0.6007323559636557,-0.020000000000000018,-0.020000000000000018,0.13,-0.024691358024691357,0.19696969696969702
2020-10-28,97.5,98.3000030517578,96.06999969482422,96.54000091552734,83.60140228271484,16389500.0,40.27999877929688,0.79,-0.02808829211163899,-0.02849031415329381,0.20779612060712171,0.0,0.5771721662480633,0.4290457123832795,0.27268461390984816,0.2728270082704445,0.9,0.0,0.5766929838751237,0.20779612060712171,-0.6758338006777055,0.0,-0.039999999999999925,0.10000000000000009,-0.04819277108433728,0.14492753623188426
2020-10-29,96.12000274658205,97.9800033569336,95.23999786376952,97.16999816894533,84.14700317382812,14208800.0,37.59000015258789,0.85,0.006526216979808819,0.006505013428428575,-0.06678249027384775,0.05999999999999994,-0.13305469965526706,0.2833149594507563,0.2724580754071078,0.27086876742438126,0.9,0.0,0.6132716964594563,-0.06678249027384775,-0.6677649565204882,0.05999999999999994,-0.020000000000000018,0.16999999999999993,-0.02298850574712641,0.24999999999999978
2020-10-30,97.91000366210938,98.41999816894533,96.2300033569336,98.04000091552734,84.90038299560547,15194500.0,38.02000045776367,0.88,0.008953139070455585,0.008913297349908129,0.011439220628632452,0.030000000000000027,0.06937250154833619,0.2829256035879691,0.27223580394671343,0.27146405357678843,0.9,0.0,0.6074245345248634,0.011439220628632452,-0.6778502462450918,0.030000000000000027,0.030000000000000027,0.18000000000000005,0.03529411764705892,0.25714285714285734
2020-11-02,99.38999938964844,100.87999725341795,97.86000061035156,100.25,86.8141860961914,15011600.0,37.130001068115234,0.87,0.02254174873021486,0.022291438155295655,-0.023408715910909428,-0.010000000000000009,-0.012037250320839799,0.3342911556529567,0.2736411783646581,0.2716428447266239,0.9,0.0,0.6195267830356778,-0.023408715910909428,-0.7020692067017755,-0.010000000000000009,0.05999999999999994,0.08999999999999997,0.07407407407407396,0.11538461538461542
2020-11-03,103.0199966430664,104.73999786376952,102.69000244140624,103.41000366210938,89.55070495605469,17482600.0,35.54999923706055,0.9,0.03152156327113609,0.031034958081521968,-0.04255323957993329,0.030000000000000027,0.16460603799728202,0.36107559012588175,0.29056871855473027,0.27776674911953353,0.9,0.0,0.6410117132832355,-0.04255323957993329,-0.703035369472689,0.030000000000000027,0.10999999999999999,0.14,0.139240506329114,0.18421052631578938
2020-11-04,101.0,102.06999969482422,98.93000030517578,100.25,86.8141860961914,18886500.0,29.56999969482422,0.78,-0.030558317337715857,-0.031034958081522,-0.1682137741370816,-0.12,0.08030270097125136,0.3773830379800649,0.3084149817672342,0.27781618136184855,0.9,0.0,0.7223279943913474,-0.1682137741370816,-0.3637335904827573,-0.12,-0.010000000000000009,-0.030000000000000027,-0.012658227848101222,-0.03703703703703709
2020-11-05,101.05999755859376,105.0999984741211,101.0,104.3499984741211,90.3647003173828,17837400.0,27.57999992370605,0.79,0.04089785760655951,0.04008366532462021,-0.06729793005261642,0.010000000000000009,-0.055547613374632654,0.44142731712805516,0.3324821871213996,0.2893871832717248,0.9,0.0,0.7493880935854031,-0.06729793005261642,-0.3848587868647774,0.010000000000000009,-0.05999999999999994,0.010000000000000009,-0.07058823529411762,0.012820512820512775
2020-11-06,105.02999877929688,105.0999984741211,102.38999938964844,102.95999908447266,89.16096496582031,12552800.0,24.86000061035156,0.83,-0.013320858115333456,-0.013410376610045975,-0.09862216536906332,0.039999999999999925,-0.29626515075066995,0.484775540353857,0.3357256691711263,0.2905211314257495,0.9,0.0,0.7863747567475697,-0.09862216536906332,-0.3374038678383966,0.039999999999999925,-0.050000000000000044,0.039999999999999925,-0.05681818181818188,0.05063291139240489
2020-11-09,113.16000366210938,118.9000015258789,110.3499984741211,116.9000015258789,101.2327117919922,47792400.0,25.75,0.96,0.13539273414996766,0.1269786123593145,0.035800457272629815,0.13,2.8073099228857306,0.9758195154435351,0.5596686939010721,0.38968946534958654,0.9,0.0,0.7742725082367553,0.035800457272629815,-0.12219979948041992,0.13,0.08999999999999997,0.16999999999999993,0.10344827586206895,0.21518987341772133
2020-11-10,117.3499984741211,117.4499969482422,114.69000244140624,116.5199966430664,100.90363311767578,20539300.0,24.799999237060547,0.98,-0.0032507147985187945,-0.003256009850118445,-0.03689323351221174,0.020000000000000018,-0.5702392012119082,1.0050729431215715,0.5544594714364794,0.3851518374967915,0.9,0.0,0.7871906579032377,-0.03689323351221174,-0.1006726592861741,0.020000000000000018,0.07999999999999996,0.24,0.0888888888888888,0.32432432432432434
2020-11-11,116.88999938964844,116.95999908447266,113.95999908447266,114.77999877929688,99.39683532714844,14443400.0,23.450000762939453,0.98,-0.014933038028175694,-0.015045658423415473,-0.054435424018226874,0.0,-0.29679200362232405,0.9552162025933362,0.5583725407863724,0.3853448496930532,0.9,0.0,0.8055479929902736,-0.054435424018226874,-0.07559230362447038,0.0,0.19999999999999996,0.25,0.2564102564102564,0.34246575342465757
2020-11-12,112.52999877929688,113.95999908447266,112.05999755859376,113.37000274658205,98.17581176757812,22063000.0,25.350000381469727,0.88,-0.012284330336589822,-0.012360406393444259,0.08102343525434108,-0.09999999999999998,0.5275489150753978,0.9823766066269646,0.5615019415090965,0.38658469341170976,0.9,0.0,0.7797117195935143,0.08102343525434108,-0.10222612830389627,-0.09999999999999998,0.08999999999999997,0.14,0.11392405063291133,0.18918918918918926
2020-11-13,114.6999969482422,114.86000061035156,113.56999969482422,114.08000183105467,98.7906494140625,11847900.0,23.100000381469727,0.89,0.006262618412974819,0.006243089709749409,-0.08875739511407266,0.010000000000000009,-0.4629968725921225,0.954076471958595,0.5608064298493469,0.3854631035739511,0.9,0.0,0.8103073126535147,-0.08875739511407266,-0.09743099262550246,0.010000000000000009,0.06000000000000005,0.13,0.07228915662650603,0.17105263157894735
2020-11-16,117.79000091552734,118.61000061035156,115.7300033569336,117.3000030517578,101.5791015625,19858600.0,22.450000762939453,0.91,0.028225871223401144,0.02783486198718114,-0.028138511160012314,0.020000000000000018,0.6761282590163658,0.27508913927514395,0.5591770695023063,0.38878809179554835,0.9,0.0,0.8191460343502738,-0.028138511160012314,-0.07770176231617378,0.020000000000000018,-0.04999999999999993,0.13,-0.05208333333333326,0.16666666666666674
2020-11-17,115.38999938964844,116.44000244140624,114.58000183105467,116.11000061035156,100.548583984375,14553200.0,22.709999084472656,0.87,-0.010144976301950659,-0.01019678728603006,0.011581216601222133,-0.040000000000000036,-0.2671588128065423,0.2855643375848506,0.5629083456901368,0.38634714580685176,0.9,0.0,0.8156105664205346,0.011581216601222133,-0.08278519184220799,-0.040000000000000036,-0.10999999999999999,0.05999999999999994,-0.11224489795918369,0.07407407407407396
2020-11-18,117.33999633789062,118.61000061035156,115.1999969482422,115.25,99.80384063720705,12571200.0,23.84000015258789,0.88,-0.007406800947924674,-0.007434367502404963,0.04975786497886037,0.010000000000000009,-0.1361899788362697,0.2659205062438801,0.5619309473481471,0.38687717470850563,0.9,0.0,0.8002447651594593,0.04975786497886037,-0.10101488268723778,0.010000000000000009,-0.09999999999999998,0.050000000000000044,-0.10204081632653061,0.06024096385542177
2020-11-19,114.18000030517578,115.81999969482422,113.55999755859376,115.55999755859376,100.07230377197266,10202500.0,23.11000061035156,0.86,0.002689907853761664,0.00268629652627332,-0.030620785971643083,-0.020000000000000018,-0.1884227440498918,0.23904198733473,0.55271810408876,0.3853336169682533,0.9,0.0,0.8101713291275701,-0.030620785971643083,-0.09458664692921423,-0.020000000000000018,-0.020000000000000018,-0.010000000000000009,-0.022727272727272707,-0.011494252873563204
2020-11-20,114.43000030517578,115.6500015258789,114.08999633789062,114.56999969482422,99.21499633789062,12718900.0,23.700000762939453,0.83,-0.008566880163321855,-0.008603786815604036,0.02553007948963959,-0.030000000000000027,0.2466454300416565,0.2524484557770065,0.5548991439823028,0.3809910536331336,0.9,0.0,0.8021484826502735,0.02553007948963959,-0.10044920525119713,-0.030000000000000027,-0.06000000000000005,-0.020000000000000018,-0.0674157303370787,-0.02352941176470591
2020-11-23,116.0500030517578,118.16999816894533,115.56999969482422,117.87000274658205,102.0727081298828,13209200.0,22.65999984741211,0.86,0.028803224285367524,0.028396208521741836,-0.043881893757304447,0.030000000000000027,0.03854893111825719,0.2562307987866094,0.5489842044618752,0.38478874831051657,0.9,0.0,0.8162904581140524,-0.043881893757304447,-0.0188539370834155,0.030000000000000027,-0.050000000000000044,0.04999999999999993,-0.05494505494505497,0.061728395061728225
2020-11-24,120.06999969482422,123.5,119.70999908447266,123.31999969482422,106.79228973388672,20121600.0,21.63999938964844,0.88,0.04623744868215374,0.04520034626897198,-0.04501325969250425,0.020000000000000018,0.5233019410713744,0.3773362851969153,0.5549530504012774,0.39012985582696574,0.9,0.0,0.8301604665259419,-0.04501325969250425,-0.014285084662700596,0.020000000000000018,0.010000000000000009,0.08999999999999997,0.011494252873563315,0.11392405063291133
2020-11-25,121.37000274658205,122.37999725341795,120.47000122070312,122.02999877929688,105.67518615722656,11715600.0,21.25,0.88,-0.010460526499093126,-0.01051562236439582,-0.01802215344955127,0.0,-0.4177600190839694,0.38784705575029577,0.541573737277638,0.39111991234266935,0.9,0.0,0.8354636943567563,-0.01802215344955127,0.21788721917707374,0.0,0.0,0.08999999999999997,0.0,0.11392405063291133
2020-11-27,122.0,122.3499984741211,121.08000183105467,121.22000122070312,104.97371673583984,5983600.0,20.84000015258789,0.84,-0.006637976680192947,-0.006660106031170532,-0.01929411046645224,-0.040000000000000036,-0.4892621803407422,0.40635969601147226,0.54525733693515,0.3909110186081526,0.9,0.0,0.8410388892394599,-0.01929411046645224,0.20886719397941989,-0.040000000000000036,-0.020000000000000018,-0.010000000000000009,-0.023255813953488413,-0.0117647058823529
2020-11-30,120.0,120.72000122070312,117.7699966430664,117.87999725341795,102.08136749267578,14411800.0,20.56999969482422,0.84,-0.027553080267153862,-0.027939786230718505,-0.01295587599744541,0.0,1.4085500367671635,0.47773757206808315,0.5625958704636463,0.39587044245205427,0.9,0.0,0.8447103666313494,-0.01295587599744541,0.192139012796003,0.0,0.010000000000000009,-0.040000000000000036,0.012048192771084265,-0.045454545454545525
2020-12-01,120.33999633789062,121.58000183105467,119.62999725341795,119.73999786376952,103.6920928955078,12668900.0,20.770000457763672,0.92,0.015778838414832075,0.01565564673527866,0.009722934657591553,0.08000000000000007,-0.1209356221984762,0.4471841417768381,0.5610410942511098,0.39488734743993775,0.9,0.0,0.8419907479848671,0.009722934657591553,0.19469920856948655,0.08000000000000007,0.06000000000000005,0.050000000000000044,0.06976744186046524,0.05747126436781613
2020-12-02,119.6999969482422,122.30999755859376,119.2699966430664,122.04000091552734,105.68383026123048,10811300.0,21.170000076293945,0.95,0.019208189458860492,0.019026040986820293,0.019258527188946495,0.029999999999999916,-0.14662677896265663,0.30954105246435304,0.5563520311758806,0.3882279258334535,0.9,0.0,0.836551536628108,0.019258527188946495,0.2143558510120238,0.029999999999999916,0.06999999999999995,0.04999999999999993,0.07954545454545459,0.05555555555555558
2020-12-03,121.8499984741211,121.88999938964844,120.36000061035156,121.23999786376952,104.99104309082033,12904400.0,21.280000686645508,0.92,-0.006555280677258968,-0.0065768608909091844,0.005196060933166491,-0.029999999999999916,0.19360298946472665,0.3039974578735321,0.5399597001085614,0.3885648837231113,0.9,0.0,0.8350557437789222,0.005196060933166491,0.06841377169739443,-0.029999999999999916,0.040000000000000036,0.14,0.045454545454545414,0.17948717948717952
2020-12-04,122.4800033569336,123.29000091552734,121.69000244140624,122.33999633789062,105.94361114501952,13583700.0,20.790000915527344,0.97,0.009072850656176357,0.009031939613655594,-0.023026304290754473,0.04999999999999993,0.052640959672669796,0.30696094934534646,0.5277484717413861,0.387701073899424,0.9,0.0,0.8417187809329777,-0.023026304290754473,0.12964539809274803,0.04999999999999993,0.13,0.17999999999999994,0.15476190476190488,0.22784810126582267
2020-12-07,121.1500015258789,122.16999816894533,120.20999908447266,121.87999725341795,105.54527282714844,9724300.0,21.299999237060547,0.94,-0.0037599088190963803,-0.0037669950442104695,0.024530942716423976,-0.030000000000000027,-0.28411993786670786,0.18158842292007615,0.5236653950604735,0.3875447785943458,0.9,0.0,0.8347838026632385,0.024530942716423976,0.0535372007435506,-0.030000000000000027,0.09999999999999998,0.10999999999999999,0.11904761904761907,0.1325301204819278
2020-12-08,121.04000091552734,122.33000183105467,120.76000213623048,122.0,105.6491928100586,9592100.0,20.68000030517578,0.92,0.0009846010164789032,0.0009841166148335707,-0.029107932117012014,-0.019999999999999907,-0.013594808880844855,0.16498325692583773,0.2793781153973505,0.3869527570499257,0.9,0.0,0.8432145737821635,-0.029107932117012014,-0.32227318406814925,-0.019999999999999907,0.0,-0.039999999999999925,0.0,-0.04166666666666663
2020-12-09,123.16999816894533,123.3000030517578,120.44000244140624,121.0500030517578,104.82650756835938,13073900.0,22.270000457763672,0.95,-0.00778695245857941,-0.007817429089354,0.07688588632128535,0.029999999999999916,0.36298620739983956,0.10878180018116772,0.2810099756456187,0.38086526079529376,0.9,0.0,0.8215936859448667,0.07688588632128535,-0.35912287829940615,0.029999999999999916,0.0,-0.030000000000000027,0.0,-0.030612244897959218
2020-12-10,119.98999786376952,120.77999877929688,119.55999755859376,120.2699966430664,104.15104675292967,13668400.0,22.520000457763672,0.92,-0.006443606975928495,-0.006464456624244073,0.011225864160808507,-0.029999999999999916,0.04547227682634869,0.10846216503249227,0.2757454086106631,0.38140302913210583,0.9,0.0,0.8181941756048666,0.011225864160808507,-0.452387948538586,-0.029999999999999916,0.0,-0.05999999999999994,0.0,-0.061224489795918324
2020-12-11,118.94000244140624,120.0199966430664,118.37000274658205,119.55999755859376,103.53621673583984,9981600.0,23.309999465942383,0.9,-0.005903253363822136,-0.0059207464419832306,0.03507988419717645,-0.020000000000000018,-0.26973164379151915,0.05467416112439422,0.27211684833677896,0.38065016025489834,0.9,0.0,0.8074517364172934,0.03507988419717645,-0.4285877126327744,-0.020000000000000018,-0.06999999999999995,0.020000000000000018,-0.07216494845360821,0.022727272727272707
2020-12-14,121.33999633789062,121.41999816894533,118.11000061035156,118.3000030517578,102.44507598876952,12112400.0,24.71999931335449,0.9,-0.010538734961257457,-0.010594660699937582,0.060489055328903696,0.0,0.21347278993347762,0.06800464858979588,0.2757146748877985,0.38156684963278503,0.9,0.0,0.7882785001745896,0.060489055328903696,-0.49835006048253655,0.0,-0.039999999999999925,0.010000000000000009,-0.04255319148936165,0.011235955056179803
2020-12-15,119.29000091552734,120.9000015258789,118.62000274658205,120.31999969482422,104.19436645507812,12590200.0,22.88999938964844,0.92,0.017075398201670255,0.01693125217643057,-0.07402912518356852,0.020000000000000018,0.03944717809847753,0.17720127910510386,0.26455837227219775,0.3756413475273399,0.9,0.0,0.8131629148259416,-0.07402912518356852,-0.5006753837875161,0.020000000000000018,0.0,0.010000000000000009,0.0,0.01098901098901095
2020-12-16,120.3000030517578,121.08000183105467,119.86000061035156,120.66999816894533,104.49745178222656,11169400.0,22.5,0.92,0.002908845626304668,0.0029046231212941586,-0.017037981653455603,0.0,-0.11284967673269686,0.1742979173847545,0.2610908941099639,0.37434739677484596,0.9,0.0,0.818466142656756,-0.017037981653455603,-0.49673037172709694,0.0,-0.029999999999999916,0.050000000000000044,-0.03157894736842093,0.05747126436781613
2020-12-17,121.26000213623048,121.4499969482422,119.58000183105467,119.66999816894533,103.63147735595705,11618000.0,21.93000030517578,0.94,-0.00828703869328995,-0.008321567089533265,-0.025333319769965224,0.019999999999999907,0.04016330331083129,0.17865919199592054,0.2615313802374395,0.37281405602307344,0.9,0.0,0.8262170220821632,-0.025333319769965224,-0.4529126323989028,0.019999999999999907,0.019999999999999907,0.05999999999999994,0.021739130434782483,0.06818181818181812
2020-12-18,119.13999938964844,119.87999725341795,118.2699966430664,119.08000183105467,103.12054443359376,28954800.0,21.56999969482422,0.95,-0.004930286968777953,-0.004942480929904151,-0.016415896276417152,0.010000000000000009,1.4922361852298156,0.17708988842976767,0.2626197716689946,0.3731537565399235,0.9,0.0,0.831112325271349,-0.016415896276417152,-0.44633203893513335,0.010000000000000009,0.04999999999999993,0.08999999999999997,0.05555555555555558,0.10465116279069764
2020-12-21,123.16999816894533,125.0,121.08999633789062,123.5500030517578,106.99147033691406,28323600.0,25.15999984741211,0.95,0.037537873026000534,0.036850476577903385,0.16643487266480217,0.0,-0.021799494384350804,0.29374693342915864,0.2877830021148155,0.3789743676034499,0.9,0.0,0.7822953547140519,0.16643487266480217,0.04730487155942521,0.0,0.04999999999999993,0.12,0.05555555555555558,0.14457831325301207
2020-12-22,123.38999938964844,123.5199966430664,121.61000061035156,121.66999816894533,105.3634262084961,11788200.0,24.229999542236328,0.93,-0.0152165786982017,-0.01533353883747312,-0.03696344637583293,-0.019999999999999907,-0.5838029064102022,0.32438911572222834,0.27991295739471056,0.37794850419214326,0.9,0.0,0.794941537328645,-0.03696344637583293,0.1623491541815761,-0.019999999999999907,0.010000000000000009,0.07000000000000006,0.010869565217391353,0.08139534883720945
2020-12-23,122.77999877929688,126.5199966430664,122.3499984741211,125.06999969482422,108.30775451660156,14973200.0,23.309999465942383,0.96,0.027944500421608787,0.027561177658850362,-0.03796946321399031,0.029999999999999916,0.2701854396769652,0.3714296188932452,0.2487259995687553,0.3800493299192638,0.9,0.0,0.8074517364172934,-0.03796946321399031,0.2554820561171713,0.029999999999999916,0.039999999999999925,0.07999999999999996,0.04347826086956519,0.09090909090909083
2020-12-24,125.08999633789062,125.5500030517578,123.56999969482422,124.5199966430664,107.83145904541016,4164900.0,21.530000686645508,0.94,-0.004397611909850774,-0.0044073098473932214,-0.07636202574339757,-0.020000000000000018,-0.7218430262068228,0.3620708768986083,0.2460014863684233,0.3803580541713548,0.9,0.0,0.8316562334389221,-0.07636202574339757,0.25578610385964795,-0.020000000000000018,0.0,0.05999999999999994,0.0,0.06818181818181812
2020-12-28,125.81999969482422,126.6500015258789,124.79000091552734,125.33999633789062,108.54155731201172,8072600.0,21.700000762939453,0.94,0.006585260673348747,0.0065636725679867,0.007895962418588809,0.0,0.9382458162260798,0.34508395919537266,0.24500934340492564,0.38033917523004573,0.9,0.0,0.8293445653702739,0.007895962418588809,0.2485021494286731,0.0,-0.010000000000000009,0.09999999999999998,-0.010526315789473717,0.11904761904761907
2020-12-29,126.1999969482422,126.27999877929688,124.88999938964844,125.01000213623048,108.25578308105467,8389200.0,23.07999992370605,0.94,-0.0026328554521800607,-0.0026363275117223576,0.0635944291358479,0.0,0.03921908678740427,0.2555488559805502,0.2195946954009015,0.3804649485694285,0.9,0.0,0.8105792797054041,0.0635944291358479,0.21237468462452921,0.0,-0.010000000000000009,0.09999999999999998,-0.010526315789473717,0.11904761904761907
2020-12-30,125.48999786376952,125.8499984741211,124.9000015258789,125.36000061035156,108.55887603759766,7398000.0,22.770000457763672,0.93,0.0027997853594208255,0.002795873260714731,-0.013431519365993183,-0.009999999999999898,-0.11815190959805466,0.2036588257171163,0.2143984499307934,0.37887955205227164,0.9,0.0,0.8147946652648665,-0.013431519365993183,0.21382075792113006,-0.009999999999999898,0.0,0.010000000000000009,0.0,0.010869565217391353
2020-12-31,125.08999633789062,127.33000183105467,124.81999969482422,127.06999969482422,110.03971099853516,8580200.0,22.75,0.93,0.01364084646956587,0.013548647624006992,-0.0008783687905835613,0.0,0.15979994593133284,0.1151592242280724,0.20955557638503677,0.37819755528655735,0.9,0.0,0.8150666323167559,-0.0008783687905835613,0.197498008152883,0.0,-0.029999999999999916,-0.019999999999999907,-0.03124999999999989,-0.021052631578947323
2021-01-04,127.5,127.86000061035156,124.77999877929688,125.87000274658205,109.00054168701172,16819900.0,26.96999931335449,0.93,-0.00944358452138494,-0.009488457899503066,0.18549447531228513,0.0,0.9603156103587329,0.13934102712761792,0.21138657322755525,0.3782578882901293,0.9,0.0,0.7576829071145891,0.18549447531228513,0.042426927049319434,0.0,-0.009999999999999898,0.010000000000000009,-0.010638297872340274,0.010869565217391353
2021-01-05,124.98999786376952,126.3000030517578,123.7699966430664,125.6500015258789,109.59363555908205,13731200.0,25.34000015258789,0.96,0.005441201143507657,0.005426451288991817,-0.06043749359531825,0.029999999999999916,-0.18363367201945313,0.13729393850744664,0.21015108730668705,0.3767163410954896,0.9,0.0,0.779847703119459,-0.06043749359531825,0.04160558732644515,0.029999999999999916,0.020000000000000018,-0.010000000000000009,0.02127659574468077,-0.010309278350515427
2021-01-06,129.8800048828125,132.77000427246094,127.87999725341795,131.5500030517578,114.73967742919922,24909100.0,25.06999969482422,1.04,0.04695566347320357,0.04588658473886224,-0.010655108766291721,0.08000000000000007,0.8140512118387322,0.3310615018492807,0.26083747111216976,0.3859778811701327,0.9,0.0,0.7835191805113484,-0.010655108766291721,-0.005697163167387474,0.08000000000000007,0.10000000000000009,0.10000000000000009,0.1063829787234043,0.1063829787234043
2021-01-07,135.69000244140625,138.19000244140625,134.9199981689453,135.8699951171875,118.50765991210938,21940400.0,22.3700008392334,1.08,0.032839402788413796,0.03231171124432814,-0.10769840001825937,0.040000000000000036,-0.11918134336447328,0.34733433792117296,0.27883568120250646,0.3898762868008169,0.9,0.0,0.8202338766216255,-0.10769840001825937,-0.1378182431136366,0.040000000000000036,0.15000000000000002,0.16000000000000003,0.16129032258064524,0.17391304347826098
2021-01-08,135.97000122070312,136.35000610351562,134.1199951171875,136.02000427246094,118.63846588134766,12035100.0,21.559999465942383,1.13,0.0011037764928891747,0.0011031677794972263,-0.03620926879315989,0.04999999999999982,-0.451463966017028,0.36701748432836495,0.27485136496718693,0.3874635345832243,0.9,0.0,0.8312483087972937,-0.03620926879315989,-0.09278004318888045,0.04999999999999982,0.19999999999999984,0.17999999999999994,0.21505376344086002,0.18947368421052624
2021-01-11,134.5800018310547,138.1999969482422,134.11000061035156,138.0500030517578,120.4090805053711,15937900.0,24.07999992370605,1.15,0.014924456506326234,0.014814182636554237,0.11688314101048247,0.020000000000000018,0.32428480029247786,0.2988903480908374,0.2722247366638182,0.387313820481951,0.9,0.0,0.7969812383454039,0.11688314101048247,-0.04911295999291122,0.020000000000000018,0.21999999999999986,0.22999999999999987,0.23655913978494603,0.24999999999999978
2021-01-12,139.44000244140625,141.66000366210938,138.8300018310547,140.22000122070312,122.30178833007812,18033500.0,23.32999992370605,1.15,0.01571897913980491,0.015596715561907733,-0.03114617950067544,0.0,0.13148532742707641,0.2756638563208484,0.26911156000573994,0.38739356190415253,0.9,0.0,0.8071797693654041,-0.03114617950067544,-0.0438258490604839,0.0,0.18999999999999995,0.2499999999999999,0.19791666666666652,0.2777777777777777
2021-01-13,138.58999633789062,140.7899932861328,138.10000610351562,140.35000610351562,122.4151840209961,14816800.0,22.209999084472656,1.1,0.0009271793361838032,0.0009267497709252621,-0.048006894251865884,-0.04999999999999982,-0.17837358249923752,0.20549090884677987,0.2613623578425135,0.38719336219221845,0.9,0.0,0.8224095871005348,-0.048006894251865884,0.017155915490432737,-0.04999999999999982,0.06000000000000005,0.20000000000000007,0.05769230769230771,0.22222222222222232
2021-01-14,140.49000549316406,142.75,140.0,141.1699981689453,123.13037109375,18565600.0,23.25,1.15,0.005842306887609894,0.0058253067937658835,0.046825797316417894,0.04999999999999982,0.2530100966470492,0.11388462007353942,0.25980711212174606,0.3843412210614369,0.9,0.0,0.8082676116367559,0.046825797316417894,0.03731073989805896,0.04999999999999982,0.06999999999999984,0.22999999999999987,0.06481481481481466,0.24999999999999978
2021-01-15,137.42999267578125,141.64999389648438,137.00999450683594,138.63999938964844,120.9237060546875,27881000.0,24.34000015258789,1.11,-0.017921370815835336,-0.018083903380832548,0.046881726993027506,-0.039999999999999813,0.5017559357090533,0.21762209476484654,0.2758288788079437,0.3874720041385738,0.9,0.0,0.7934457444794591,0.046881726993027506,-0.011361842779239831,-0.039999999999999813,-0.019999999999999796,0.19000000000000006,-0.017699115044247593,0.2065217391304348
2021-01-19,139.86000061035156,140.6999969482422,137.82000732421875,138.0399932861328,120.4003448486328,19843800.0,23.239999771118164,1.1,-0.004328028168587683,-0.0043374211944863916,-0.04519311317065755,-0.010000000000000009,-0.2882679961263943,0.19825511574244664,0.27318607173766996,0.386674995774943,0.9,0.0,0.8084035951627006,-0.04519311317065755,-0.007047556552046275,-0.010000000000000009,-0.04999999999999982,0.16000000000000014,-0.04347826086956508,0.17021276595744705
2021-01-20,137.82000732421875,138.1699981689453,135.44000244140625,135.97000122070312,118.59485626220705,16028800.0,21.57999992370605,1.1,-0.014995709428370918,-0.015109281909251789,-0.07142856556630006,0.0,-0.19225148409074877,0.1625607779867108,0.28158186504720045,0.3841244594175031,0.9,0.0,0.8309763417454045,-0.07142856556630006,0.046436465649758375,0.0,-0.04999999999999982,0.15000000000000013,-0.04347826086956508,0.1578947368421053
2021-01-21,135.69000244140625,136.16000366210938,134.32000732421875,134.8300018310547,117.60054779052734,13411700.0,21.31999969482422,1.12,-0.008384077547860413,-0.008419421616276188,-0.01204820341988122,0.020000000000000018,-0.1632748552605311,0.14996020694066226,0.2631604751897373,0.3849626587085816,0.9,0.0,0.8345118356113491,-0.01204820341988122,-0.17531511500068417,0.020000000000000018,0.020000000000000018,0.17000000000000015,0.0181818181818183,0.17894736842105274
2021-01-22,132.69000244140625,134.39999389648438,132.1999969482422,133.7899932861328,116.69343566894533,12933200.0,21.90999984741211,1.1,-0.00771350251869396,-0.0077434054493857206,0.02767355351938039,-0.020000000000000018,-0.035677803708702105,0.08993339918725451,0.256788478895885,0.3808992560509897,0.9,0.0,0.8264889891340526,0.02767355351938039,-0.22898672633061262,-0.020000000000000018,-0.04999999999999982,0.17000000000000004,-0.04347826086956508,0.18279569892473124
2021-01-25,132.13999938964844,133.1699981689453,130.05999755859375,132.1199951171875,115.23685455322266,14212800.0,23.190000534057617,1.05,-0.012482116987753589,-0.012560672991342914,0.05842084416064908,-0.050000000000000044,0.09893916432128158,0.06718472743190927,0.24965058031910245,0.3793964118944648,0.9,0.0,0.8090834868562182,0.05842084416064908,-0.2373839794242789,-0.050000000000000044,-0.06000000000000005,0.09000000000000008,-0.05405405405405406,0.09375
2021-01-26,132.75,133.1699981689453,131.33999633789062,131.5800018310547,114.76585388183594,11307800.0,23.020000457763672,1.05,-0.00408723991307125,-0.004095615507958819,-0.007330749132337333,0.0,-0.20439322301024432,0.06839670553266518,0.24952867543003973,0.3734813559425524,0.9,0.0,0.8113951549248666,-0.007330749132337333,-0.2717011141165931,0.0,-0.050000000000000044,0.1100000000000001,-0.045454545454545525,0.1170212765957448
2021-01-27,129.58999633789062,129.85000610351562,127.3499984741211,127.86000061035156,111.52122497558594,17603900.0,37.209999084472656,1.04,-0.02827172714273274,-0.028679068277983097,0.6164204319953999,-0.010000000000000009,0.5567926563964698,0.15298018587917117,0.2732974958592293,0.37989415610462346,0.9,0.0,0.6184389667005316,0.6164204319953999,-0.47225021314819665,-0.010000000000000009,-0.06000000000000005,0.10000000000000009,-0.054545454545454564,0.1063829787234043
2021-01-28,129.89999389648438,132.1699981689453,128.99000549316406,130.11000061035156,113.48372650146484,13761800.0,30.209999084472656,1.07,0.017597560700292947,0.017444516490286395,-0.1881214773509905,0.030000000000000027,-0.21825277353313755,0.26412637604065436,0.2786516995219703,0.380700315752589,0.9,0.0,0.7136252562205331,-0.1881214773509905,-0.500934807371715,0.030000000000000027,-0.050000000000000044,0.13000000000000012,-0.044642857142857206,0.13829787234042556
2021-01-29,131.19000244140625,131.72000122070312,128.19000244140625,128.6699981689453,112.22770690917967,14808100.0,33.09000015258789,1.11,-0.011067838808315411,-0.01112954304705574,0.0953327095463401,0.040000000000000036,0.07602929849292961,0.2657135319981861,0.28271616458973764,0.38031649796793304,0.9,0.0,0.6744628825794573,0.0953327095463401,-0.5083572182254714,0.040000000000000036,0.010000000000000009,0.18000000000000005,0.009090909090909038,0.19354838709677424
2021-02-01,129.39999389648438,130.07000732421875,128.47999572753906,129.6199951171875,113.05631256103516,11080700.0,30.239999771118164,1.09,0.007383253874428952,0.007356131076724012,-0.08612875093162653,-0.020000000000000018,-0.25171358918429776,0.28046309224139115,0.2801053847381755,0.3762759260827678,0.9,0.0,0.713217305642699,-0.08612875093162653,-0.512635493490449,-0.020000000000000018,0.040000000000000036,0.16000000000000003,0.03809523809523818,0.17204301075268824
2021-02-02,131.94000244140625,134.38999938964844,131.22000122070312,133.61000061035156,116.53644561767578,12253600.0,25.559999465942383,1.12,0.03078229758079032,0.030318026172462684,-0.15476191602506528,0.030000000000000027,0.10585071340258279,0.3703460607501624,0.2949195405388237,0.37295010150747754,0.9,0.0,0.7768561433572929,-0.15476191602506528,-0.5348564615848223,0.030000000000000027,0.07000000000000006,0.19000000000000006,0.06666666666666665,0.20430107526881724
2021-02-03,133.64999389648438,135.75999450683594,133.50999450683594,135.13999938964844,117.87094116210938,10600800.0,22.90999984741211,1.15,0.011451314971555826,0.01138624495129446,-0.1036776085250426,0.029999999999999805,-0.134882809949729,0.2404651813525337,0.2962338969591142,0.3659608734208489,0.9,0.0,0.8128909477740524,-0.1036776085250426,-0.5411529152063846,0.029999999999999805,0.10999999999999988,0.18999999999999995,0.10576923076923062,0.19791666666666652
2021-02-04,135.47000122070312,138.66000366210938,135.47000122070312,138.25,120.58352661132812,12419500.0,21.770000457763672,1.15,0.02301318223537474,0.02275237274704881,-0.049759903851645415,0.0,0.17156252358312574,0.25199852709351006,0.26186448348193186,0.36593584371207644,0.9,0.0,0.8283927066248669,-0.049759903851645415,-0.6215309611015641,0.0,0.07999999999999985,0.10999999999999988,0.0747663551401867,0.10576923076923062
2021-02-05,139.38999938964844,139.49000549316406,137.3800048828125,137.97999572753906,120.3480224609375,10051300.0,20.8700008392334,1.19,-0.0019530375085953233,-0.0019549471731864602,-0.0413412769685686,0.040000000000000036,-0.19068400499214944,0.20211356668498393,0.23718218675558805,0.26347118468569525,0.9,0.0,0.8406309386616259,-0.0413412769685686,-0.6154096675563926,0.040000000000000036,0.07999999999999985,0.10999999999999988,0.072072072072072,0.10185185185185164
2021-02-08,138.1999969482422,140.3000030517578,138.17999267578125,140.13999938964844,122.23202514648438,10136400.0,21.239999771118164,1.19,0.015654621048371453,0.015533351450599966,0.017728745424351322,0.0,0.00846656651378419,0.1934009002003396,0.24291238365467557,0.2644135498186548,0.9,0.0,0.835599677882701,0.017728745424351322,-0.5992004080940645,0.0,0.09999999999999987,0.06000000000000005,0.09174311926605494,0.053097345132743445
2021-02-09,139.42999267578125,139.97999572753906,138.5399932861328,139.5800018310547,121.74356842041016,8614800.0,21.6299991607666,1.18,-0.003996143608754332,-0.004004149526273811,0.01836155338281853,-0.010000000000000009,-0.15011246596424765,0.1820893303442879,0.23836586708063906,0.2621183127348189,0.9,0.0,0.8302964500518867,0.01836155338281853,-0.6522481660024614,-0.010000000000000009,0.05999999999999983,0.030000000000000027,0.05357142857142838,0.026086956521739202
2021-02-10,140.0,140.8699951171875,139.0399932861328,139.66000366210938,121.81331634521484,10323200.0,21.989999771118164,1.15,0.0005729084970125253,0.000572744447593431,0.016643579487721327,-0.030000000000000027,0.19830988531364624,0.1882760812863828,0.23165969951670995,0.2601336924742748,0.9,0.0,0.8254011468627007,0.016643579487721327,-0.6591401048861668,-0.030000000000000027,0.0,0.0,0.0,0.0
2021-02-11,139.66000366210938,140.5500030517578,138.22000122070312,139.27000427246094,121.4731674194336,9201000.0,21.25,1.16,-0.002792378830055675,-0.0027962847928006064,-0.033651649787194926,0.010000000000000009,-0.1087066026038438,0.12760988623148023,0.231796417157101,0.2604002306669789,0.9,0.0,0.8354636943567563,-0.033651649787194926,-0.6558521733369791,0.010000000000000009,0.010000000000000009,0.05999999999999983,0.008695652173912993,0.05454545454545445
2021-02-12,139.0500030517578,141.61000061035156,139.0,141.25,123.2001724243164,8324600.0,19.96999931335449,1.2,0.014217172743340445,0.014117056540046698,-0.06023532643037699,0.040000000000000036,-0.09525051624823389,0.1495560643510873,0.23656309460498634,0.25639918519170846,0.9,0.0,0.8528691966345906,-0.06023532643037699,-0.6668607665939884,0.040000000000000036,0.010000000000000009,0.050000000000000044,0.008403361344537785,0.04347826086956519
2021-02-16,143.5500030517578,145.32000732421875,142.39999389648438,144.64999389648438,126.1656723022461,12130600.0,21.459999084472656,1.3,0.024070582204350766,0.023785452175831452,0.07461190898097647,0.10000000000000009,0.4571991447036494,0.1925599150694057,0.24069537850912995,0.2582576734455624,0.9,0.0,0.8326081181205349,0.07461190898097647,-0.5992563831096002,0.10000000000000009,0.1100000000000001,0.18999999999999995,0.09243697478991608,0.1711711711711712
2021-02-17,143.9499969482422,145.3800048828125,143.1199951171875,145.10000610351562,126.5582046508789,10810100.0,21.5,1.29,0.003111245249757477,0.003106415341681372,0.0018639756399749796,-0.010000000000000009,-0.1088569402997378,0.17425388855245175,0.2394932508504047,0.25720355534214645,0.9,0.0,0.8320641840167562,0.0018639756399749796,-0.6112124387817374,-0.010000000000000009,0.1100000000000001,0.18999999999999995,0.09322033898305104,0.17272727272727262
2021-02-18,144.0,145.7899932861328,143.39999389648438,145.58999633789062,126.9855499267578,10587800.0,22.489999771118164,1.29,0.0033766698655195437,0.003370981716899261,0.04604650098224017,0.0,-0.020564102089712377,0.16800601047264682,0.23028419371817527,0.2571929203993266,0.9,0.0,0.8186021261827007,0.04604650098224017,-0.6713408783211999,0.0,0.14000000000000012,0.18999999999999995,0.1217391304347828,0.17272727272727262
2021-02-19,145.86000061035156,148.83999633789062,145.86000061035156,148.02000427246094,129.10507202148438,11969800.0,22.049999237060547,1.34,0.016691049461525775,0.016553284740531773,-0.019564274723678277,0.050000000000000044,0.13052758835641032,0.1414286020842971,0.23031957980530077,0.25710744239689204,0.9,0.0,0.8245852716432384,-0.019564274723678277,-0.6865922964347919,0.050000000000000044,0.18000000000000016,0.21999999999999997,0.15517241379310365,0.1964285714285714
2021-02-22,146.8699951171875,150.19000244140625,146.7899932861328,149.41000366210938,130.31744384765625,11488400.0,23.450000762939453,1.37,0.009390582470455655,0.009346765051351496,0.0634921348897759,0.030000000000000027,-0.04021788166886664,0.14138120389784903,0.22605591664683136,0.2524315739888082,0.9,0.0,0.8055479929902736,0.0634921348897759,-0.6885139216434635,0.030000000000000027,0.17000000000000015,0.27,0.14166666666666683,0.24545454545454537
2021-02-23,151.50999450683594,152.30999755859375,149.58999633789062,150.61000061035156,131.36410522460938,16234400.0,23.11000061035156,1.37,0.008031629120785144,0.007999547252911725,-0.014498939937146349,0.0,0.4131123568120887,0.08706375696233074,0.2157915474434865,0.23762157797664482,0.9,0.0,0.8101713291275701,-0.014498939937146349,-0.7024138653185753,0.0,0.07000000000000006,0.32000000000000006,0.05384615384615388,0.3047619047619048
2021-02-24,150.11000061035156,153.75999450683594,150.11000061035156,153.25999450683594,133.67543029785156,15061400.0,21.34000015258789,1.38,0.017594799350174384,0.01744180288918139,-0.0765902384689181,0.009999999999999787,-0.07225397920465182,0.09466887359502328,0.21524214569595543,0.2375103219651946,0.9,0.0,0.8342398685594599,-0.0765902384689181,-0.7245981143852894,0.009999999999999787,0.08999999999999986,0.32999999999999985,0.06976744186046502,0.31428571428571406
2021-02-25,154.27000427246094,154.89999389648438,150.58999633789062,151.17999267578125,131.8612518310547,18127700.0,28.88999938964844,1.54,-0.013571517688438117,-0.013664452537156344,0.3537956505658677,0.16000000000000014,0.20358665197126435,0.19960091453176457,0.18630626305570913,0.23926993339320188,0.9,0.0,0.7315746666659404,0.3537956505658677,-0.6117452544710851,0.16000000000000014,0.25,0.5,0.193798449612403,0.48076923076923084
2021-02-26,150.3000030517578,150.8699951171875,146.50999450683594,147.1699981689453,128.36366271972656,19829200.0,27.950000762939453,1.44,-0.026524767987258002,-0.02688289669925038,-0.03253716325953948,-0.10000000000000009,0.09386187988547912,0.2925332954515264,0.22092025550649774,0.23868018081031556,0.9,0.0,0.7443568068702726,-0.03253716325953948,-0.4541058530391242,-0.10000000000000009,0.09999999999999987,0.3699999999999999,0.07462686567164178,0.3457943925233644
2021-03-01,149.52000427246094,151.3800048828125,148.47999572753906,150.5,131.2681427001953,14845500.0,23.350000381469727,1.45,0.02262696404052056,0.02237477143711529,-0.1645796155959014,0.010000000000000009,-0.2513313698989369,0.3337122140763487,0.2181361683836182,0.24049381859884714,0.9,0.0,0.8069078023135147,-0.1645796155959014,-0.4659860933450825,0.010000000000000009,0.07999999999999985,0.33999999999999986,0.058394160583941535,0.30630630630630606
2021-03-02,150.0800018310547,151.77999877929688,149.83999633789062,150.00999450683594,130.8407440185547,14221700.0,24.100000381469727,1.42,-0.0032559208414852936,-0.003261232885278316,0.03211991382215107,-0.030000000000000027,-0.04201946717860627,0.32934369578342254,0.2216727463820314,0.2388503407187414,0.9,0.0,0.7967092712935145,0.03211991382215107,-0.47965289984079856,-0.030000000000000027,0.04999999999999982,0.32999999999999985,0.03649635036496335,0.3027522935779814
2021-03-03,151.22999572753906,154.97999572753906,150.82000732421875,152.91000366210938,133.37017822265625,14324100.0,26.670000076293945,1.47,0.019332160047506708,0.019147667805567405,0.10663898979853403,0.050000000000000044,0.007200264384707777,0.3354615680332276,0.2095040931776046,0.24000321037621433,0.9,0.0,0.7617623091481069,0.10663898979853403,-0.333235919473947,0.050000000000000044,0.09000000000000008,0.34999999999999987,0.0652173913043479,0.3124999999999998
2021-03-04,152.61000061035156,154.3800048828125,148.6199951171875,150.55999755859375,131.3204345703125,20093900.0,28.56999969482422,1.54,-0.015368830421158997,-0.015488155060959642,0.0712410803560184,0.07000000000000006,0.4028036665479855,0.3402013088377997,0.2228998283116768,0.24304347999507883,0.9,0.0,0.7359260357513476,0.0712410803560184,-0.3464866729063057,0.07000000000000006,0.0,0.3900000000000001,0.0,0.33913043478260874
2021-03-05,153.22000122070312,153.49000549316406,147.97000122070312,150.91000366210938,131.625732421875,18465100.0,24.65999984741211,1.56,0.0023248312614974065,0.0023221330224579744,-0.1368568389631607,0.020000000000000018,-0.08105942599495364,0.2506489800818985,0.21340322553711463,0.24257732361750184,0.9,0.0,0.789094375394052,-0.1368568389631607,-0.28911237192633205,0.020000000000000018,0.1200000000000001,0.41000000000000014,0.08333333333333348,0.35652173913043494
2021-03-08,152.47000122070312,155.4600067138672,150.75,152.91000366210938,133.37017822265625,17133300.0,25.46999931335449,1.59,0.013253075737425846,0.013166022038501582,0.03284669387487371,0.030000000000000027,-0.0721252525033712,0.2167048315496503,0.2141972900629185,0.24328266241748853,0.9,0.0,0.7780799691545894,0.03284669387487371,-0.2973858745125909,0.030000000000000027,0.14000000000000012,0.40000000000000013,0.09655172413793123,0.33613445378151274
2021-03-09,151.5,154.25,149.82000732421875,151.8300018310547,132.42819213867188,16238800.0,24.030000686645508,1.55,-0.007062943879491357,-0.007088004538682646,-0.05653705007969734,-0.040000000000000036,-0.05220827277874085,0.22539639008843962,0.2146853528984452,0.24313736936039368,0.9,0.0,0.7976611300389217,-0.05653705007969734,-0.26540780149978044,-0.040000000000000036,0.13000000000000012,0.3600000000000001,0.09154929577464799,0.3025210084033614
2021-03-10,151.91000366210938,156.16000366210938,151.50999450683594,155.1300048828125,135.30648803710938,14342200.0,22.559999465942383,1.53,0.021734766985442855,0.021501934601852405,-0.06117358213477153,-0.020000000000000018,-0.11679434440968539,0.2367431664996304,0.22105961261801158,0.24479721828427556,0.9,0.0,0.8176502674372935,-0.06117358213477153,-0.2939065988910891,-0.020000000000000018,0.06000000000000005,0.3500000000000001,0.04081632653061229,0.2966101694915255
2021-03-11,154.11000061035156,156.14999389648438,153.36000061035156,154.32000732421875,134.59999084472656,11771500.0,21.90999984741211,1.54,-0.005221458354525033,-0.005235137806769947,-0.028812040510530323,0.010000000000000009,-0.17924028391739066,0.1939395272215615,0.22364653786369107,0.24467821938248313,0.9,0.0,0.8264889891340526,-0.028812040510530323,-0.2754275731948916,0.010000000000000009,0.0,0.3900000000000001,0.0,0.33913043478260874
2021-03-12,156.86000061035156,157.6300048828125,155.07000732421875,156.14999389648438,136.19610595703125,12849500.0,20.690000534057617,1.64,0.011858211150593156,0.011788453490590512,-0.05568230588091916,0.09999999999999987,0.09157711421654002,0.19752051308988133,0.22290195814974625,0.24312494337589985,0.9,0.0,0.8430785902562188,-0.05568230588091916,-0.29918283149102254,0.09999999999999987,0.07999999999999985,0.48,0.0512820512820511,0.4137931034482758
2021-03-15,156.35000610351562,156.9199981689453,153.9600067138672,155.3699951171875,135.51583862304688,12101100.0,20.030000686645508,1.62,-0.004994763464081675,-0.005007278987223859,-0.0318994601438356,-0.019999999999999796,-0.05824351142067785,0.20283932170691837,0.22368249667107362,0.24258528328293008,0.9,0.0,0.8520532954789225,-0.0318994601438356,-0.2670618674181708,-0.019999999999999796,0.030000000000000027,0.42000000000000015,0.018867924528301883,0.3500000000000001
2021-03-16,154.08999633789062,154.60000610351562,152.19000244140625,153.50999450683594,133.89349365234375,12805600.0,19.790000915527344,1.62,-0.011971626248175049,-0.012043863274341335,-0.011982015121855594,0.0,0.05821784796423457,0.22090917776586955,0.2193867048002933,0.244897129380774,0.9,0.0,0.8553168222929779,-0.011982015121855594,-0.3184973936707717,0.0,0.07000000000000006,0.32000000000000006,0.04516129032258065,0.24615384615384617
2021-03-17,155.33999633789062,156.8800048828125,153.0500030517578,155.08999633789062,135.2715606689453,13952400.0,19.229999542236328,1.63,0.010292262745639658,0.010239658049106799,-0.028297187841544558,0.009999999999999787,0.08955456987567945,0.1667463957993885,0.2209004413453745,0.24381773013289432,0.9,0.0,0.862931744128646,-0.028297187841544558,-0.32284268562243973,0.009999999999999787,0.09999999999999987,0.33999999999999986,0.065359477124183,0.263565891472868
2021-03-18,157.60000610351562,161.69000244140625,157.11000061035156,157.64999389648438,137.5044708251953,21898500.0,21.57999992370605,1.71,0.016506870662301942,0.016372113199970298,0.12220491094179375,0.08000000000000007,0.5695149221639288,0.1929316305949093,0.22570161609468295,0.2442267973649613,0.9,0.0,0.8309763417454045,0.12220491094179375,-0.2545253228662278,0.08000000000000007,0.16999999999999993,0.41999999999999993,0.11038961038961026,0.3255813953488371
2021-03-19,155.50999450683594,155.94000244140625,151.19000244140625,155.13999938964844,135.31517028808594,54418800.0,20.950000762939453,1.74,-0.015921668029925784,-0.01604977943760156,-0.02919365908220095,0.030000000000000027,1.4850469210219877,0.22340201438935012,0.23121400104539228,0.238568504366552,0.9,0.0,0.8395430963902741,-0.02919365908220095,-0.21803501844859322,0.030000000000000027,0.10000000000000009,0.3999999999999999,0.060975609756097615,0.29850746268656714
2021-03-22,152.8000030517578,153.97000122070312,150.61000061035156,150.97000122070312,131.67808532714844,19944800.0,18.8799991607666,1.69,-0.026878619397914916,-0.02724645575638767,-0.09880675545533557,-0.050000000000000044,-0.6334943071144531,0.2919413004397582,0.25207044187376465,0.2438641682822844,0.9,0.0,0.8676910637918872,-0.09880675545533557,-0.13049160764509268,-0.050000000000000044,0.06999999999999984,0.31999999999999984,0.043209876543209846,0.23357664233576636
2021-03-23,150.3300018310547,152.1199951171875,148.9600067138672,149.4600067138672,130.361083984375,17076300.0,20.299999237060547,1.63,-0.010001674458596566,-0.010052027227251577,0.07521187179100952,-0.06000000000000005,-0.1438219485780755,0.28956694087453616,0.2531076862553986,0.24031232680351233,0.9,0.0,0.8483818440232387,0.07521187179100952,-0.14913552059258295,-0.06000000000000005,0.009999999999999787,0.2599999999999998,0.006172839506172645,0.18978102189781
2021-03-24,150.0,153.17999267578125,149.86000061035156,150.6199951171875,131.372802734375,13079800.0,21.200000762939453,1.62,0.007760895499467235,0.007730934665416632,0.04433505220216083,-0.009999999999999787,-0.23403781849698124,0.2814945679761763,0.24629266673370942,0.23998240896647316,0.9,0.0,0.8361435860502741,0.04433505220216083,-0.10070127157821314,-0.009999999999999787,-0.009999999999999787,0.2400000000000002,-0.006134969325153228,0.17391304347826098
2021-03-25,150.0,152.97000122070312,149.3300018310547,152.5500030517578,133.05615234375,15608300.0,19.809999465942383,1.63,0.012813531981795245,0.012732133280006034,-0.06556609655538248,0.009999999999999787,0.19331335341518985,0.2640369471401632,0.2459266537392822,0.24067364963987473,0.9,0.0,0.8550448811772942,-0.06556609655538248,0.033808038447793384,0.009999999999999787,-0.08000000000000007,0.08999999999999986,-0.04678362573099415,0.058441558441558294
2021-03-26,154.3000030517578,155.4499969482422,152.5500030517578,155.08999633789062,135.2715606689453,16754400.0,18.86000061035156,1.67,0.016650175780461574,0.016513081275847833,-0.04795552151447935,0.040000000000000036,0.07342888078778609,0.29032867481235053,0.22965910149038238,0.24182121659358255,0.9,0.0,0.8679630049075711,-0.04795552151447935,-0.008352852876041164,0.040000000000000036,-0.07000000000000006,0.22999999999999998,-0.04022988505747127,0.15972222222222232
2021-03-29,152.1199951171875,153.72999572753906,151.0399932861328,152.67999267578125,133.1695556640625,17570300.0,20.739999771118164,1.73,-0.015539149504064098,-0.015661147568768786,0.09968181865989667,0.06000000000000005,0.048697655541231066,0.22666388941471852,0.22592330391251073,0.24505693169623105,0.9,0.0,0.842398698562701,0.09968181865989667,0.05870111043578584,0.06000000000000005,0.040000000000000036,0.28,0.02366863905325456,0.193103448275862
2021-03-30,154.4600067138672,155.8699951171875,153.8800048828125,154.47999572753906,134.73953247070312,13184300.0,19.61000061035156,1.73,0.011789307239269409,0.011720354762206035,-0.05448404885424374,0.0,-0.24962578897343812,0.20374603491936716,0.22866480509238638,0.24476217801680783,0.9,0.0,0.8577644738875709,-0.05448404885424374,0.040113203660120805,0.0,0.10000000000000009,0.31000000000000005,0.06134969325153383,0.21830985915492973
2021-03-31,153.27999877929688,154.49000549316406,152.1199951171875,152.22999572753906,132.77708435058594,16736700.0,19.399999618530277,1.74,-0.014564753818957277,-0.014671861112270274,-0.010708872273590297,0.010000000000000009,0.26944168442769056,0.2522599371082796,0.22547401502563066,0.24615228023231783,0.9,0.0,0.8606200760599978,-0.010708872273590297,-0.07603582808239467,0.010000000000000009,0.11999999999999988,0.27,0.07407407407407396,0.18367346938775508
2021-04-01,151.89999389648438,153.7899932861328,151.5500030517578,153.7100067138672,134.06796264648438,16561500.0,17.329999923706055,1.69,0.00972214672593652,0.00967519075405422,-0.1067010172952283,-0.050000000000000044,-0.010468013407661014,0.24499192057190114,0.2205160319596791,0.2464636945264673,0.9,0.0,0.8887680175254054,-0.1067010172952283,-0.04410780233634007,-0.050000000000000044,0.06000000000000005,0.1499999999999999,0.036809815950920255,0.09740259740259738
2021-04-05,154.39999389648438,154.94000244140625,152.60000610351562,153.6199951171875,134.77857971191406,13508000.0,17.90999984741211,1.73,0.005300424138639848,0.005286426331704654,0.033467970355421706,0.040000000000000036,-0.1843733961295776,0.21250377995173078,0.22099597548137134,0.23003953812794756,0.9,0.0,0.8808811545740535,0.033467970355421706,-0.0264670611952885,0.040000000000000036,0.06000000000000005,0.16999999999999993,0.03592814371257491,0.10897435897435903
2021-04-06,152.7899932861328,154.27999877929688,151.86000061035156,152.5399932861328,133.8310546875,13071600.0,18.1200008392334,1.67,-0.007030234525689294,-0.007055063059808272,0.011725348610297948,-0.06000000000000005,-0.032306781166716037,0.1808316988759097,0.21809165118953772,0.22240352478437933,0.9,0.0,0.8780255524016265,0.011725348610297948,-0.07612280024696189,-0.06000000000000005,-0.06000000000000005,0.07999999999999985,-0.034682080924855474,0.05031446540880502
2021-04-07,153.10000610351562,155.22999572753906,152.64999389648438,154.92999267578125,135.9279022216797,16903500.0,17.15999984741211,1.68,0.01566786975620782,0.015546395866635853,-0.05298018473281174,0.010000000000000009,0.2931469751216378,0.19649504746899119,0.22284501681957902,0.22411054081637174,0.9,0.0,0.8910796855940536,-0.05298018473281174,-0.12849788636929446,0.010000000000000009,-0.050000000000000044,0.1299999999999999,-0.028901734104046284,0.08387096774193536
2021-04-08,154.0,155.50999450683594,152.30999755859375,155.1199951171875,136.09463500976562,12335500.0,16.950000762939453,1.64,0.0012266266554605831,0.0012258749636186808,-0.012237708994171426,-0.040000000000000036,-0.2702398911468039,0.1357975422431979,0.20970613455912887,0.22258626598722045,0.9,0.0,0.8939352618302749,-0.012237708994171426,-0.07418808579904489,-0.040000000000000036,-0.10000000000000009,0.10999999999999988,-0.05747126436781613,0.07189542483660127
2021-04-09,155.80999755859375,157.0399932861328,154.97000122070312,156.27999877929688,137.1123504638672,12122400.0,16.690000534057617,1.67,0.00747799833570606,0.007450176720058522,-0.015339245851263672,0.030000000000000027,-0.01727534352073279,0.13176411016656892,0.21010689100906313,0.2210882753903104,0.9,0.0,0.8974707556962197,-0.015339245851263672,-0.08208728448743798,0.030000000000000027,-0.020000000000000018,0.1299999999999999,-0.01183431952662728,0.08441558441558428
2021-04-12,155.5800018310547,157.25,155.57000732421875,155.9499969482422,136.82286071777344,12273400.0,16.90999984741211,1.69,-0.002111332386283027,-0.00211356439072794,0.01318150427290643,0.020000000000000018,0.012456279284630112,0.13921135538534019,0.20633426031808227,0.2212334937960779,0.9,0.0,0.8944791959340537,0.01318150427290643,-0.054495189899905136,0.020000000000000018,-0.040000000000000036,0.050000000000000044,-0.023121387283236983,0.030487804878048808
2021-04-13,154.75,155.1999969482422,152.42999267578125,154.08999633789062,135.1909637451172,16113600.0,16.649999618530273,1.64,-0.011927078297408134,-0.011998776566613412,-0.015375531119335095,-0.050000000000000044,0.312888034285528,0.16395632338553537,0.2101450598771375,0.2228766293632862,0.9,0.0,0.8980146897999983,-0.015375531119335095,-0.05589188922974459,-0.050000000000000044,-0.030000000000000027,0.019999999999999796,-0.017964071856287456,0.012345679012345512
2021-04-14,151.47000122070312,153.8300018310547,150.92999267578125,151.2100067138672,132.66419982910156,19939600.0,16.989999771118164,1.64,-0.018690331409867533,-0.018867202980021088,0.020420430052712657,0.0,0.23743918180915502,0.16711361742056544,0.21657740167242645,0.2231770453009167,0.9,0.0,0.8933913536627018,0.020420430052712657,-0.0899944857361026,0.0,-0.040000000000000036,0.019999999999999796,-0.023809523809523836,0.012345679012345512
2021-04-15,151.25,152.1999969482422,149.32000732421875,152.1699981689453,133.50643920898438,17694100.0,16.56999969482422,1.56,0.006348656087835192,0.00632858826180748,-0.024720428602236777,-0.07999999999999985,-0.11261509759473609,0.18207848109426722,0.21444890920852103,0.22304684457585305,0.9,0.0,0.8991025320713502,-0.024720428602236777,-0.08367532115851897,-0.07999999999999985,-0.07999999999999985,-0.06999999999999984,-0.04878048780487798,-0.04294478527607348
2021-04-16,153.8699951171875,154.50999450683594,152.69000244140625,153.3000030517578,134.49789428710938,13773400.0,16.25,1.59,0.007426271601574497,0.007398832609159856,-0.019311991594313294,0.030000000000000027,-0.22158233535472271,0.18187815960229314,0.2072427099776659,0.22054808823359404,0.9,0.0,0.9034539011567573,-0.019311991594313294,-0.28173872895291024,0.030000000000000027,-0.07999999999999985,-0.11999999999999988,-0.0479041916167664,-0.07017543859649111
2021-04-19,153.4199981689453,153.8800048828125,152.22000122070312,152.64999389648438,133.9275665283203,11900200.0,17.290000915527344,1.61,-0.004240421471369604,-0.004249437555521995,0.06400005634014416,0.020000000000000018,-0.13600127782537352,0.18122407007654515,0.2000654421861624,0.21986330197472348,0.9,0.0,0.8893119256929785,0.06400005634014416,-0.31994700325488307,0.020000000000000018,-0.07999999999999985,-0.1299999999999999,-0.047337278106508784,-0.07471264367816088
2021-04-20,151.74000549316406,151.75,148.64999389648438,149.27000427246094,130.96212768554688,13716700.0,18.68000030517578,1.58,-0.022142109497273355,-0.022390925739724205,0.08039325136184017,-0.030000000000000027,0.1526444933698594,0.21998953030171825,0.1920424331486218,0.22467974057869738,0.9,0.0,0.8704106565021639,0.08039325136184017,-0.6909404755996188,-0.030000000000000027,-0.05999999999999983,-0.10999999999999988,-0.03658536585365846,-0.06508875739644959
2021-04-21,147.7899932861328,150.61000061035156,146.7899932861328,150.5399932861328,132.0763702392578,12236700.0,17.5,1.57,0.008508128062689524,0.008472137936110978,-0.06316918018726325,-0.010000000000000009,-0.10789767218062651,0.20728819079659164,0.1907839765926486,0.22301740117337304,0.9,0.0,0.8864563494567571,-0.06316918018726325,-0.6862834576392566,-0.010000000000000009,-0.06999999999999984,-0.05999999999999983,-0.04268292682926822,-0.036809815950920144
2021-04-22,150.22999572753906,150.3000030517578,147.25999450683594,147.3699951171875,129.295166015625,15256100.0,18.709999084472656,1.57,-0.021057545862250948,-0.021282418426700457,0.06914280482700885,0.0,0.24674953214510453,0.23724407319123866,0.20385792223587182,0.2278429823156945,0.9,0.0,0.8700027318605354,0.06914280482700885,-0.7727781431234776,0.0,0.010000000000000009,-0.050000000000000044,0.0064102564102563875,-0.030864197530864224
2021-04-23,147.17999267578125,151.1300048828125,146.69000244140625,150.19000244140625,131.76927185058594,14041900.0,17.329999923706055,1.58,0.01913533128270206,0.018954553354389274,-0.07375730776554967,0.010000000000000009,-0.07958783699634897,0.288307775391166,0.21042577242739532,0.22127815779692975,0.9,0.0,0.8887680175254054,-0.07375730776554967,-0.7805809903516526,0.010000000000000009,-0.010000000000000009,-0.04999999999999982,-0.0062893081761006275,-0.030674846625766805
2021-04-26,150.77999877929688,152.4600067138672,150.3800048828125,150.55999755859375,132.09388732910156,10799100.0,17.639999389648438,1.58,0.002463514246961118,0.002460484770158056,0.017888024657076285,0.0,-0.2309374087552254,0.2919991992670832,0.20107356940217963,0.21915758269701002,0.9,0.0,0.8845526319659428,0.017888024657076285,-0.763611177051095,0.0,-0.030000000000000027,-0.08999999999999986,-0.018633540372670843,-0.053892215568862145
2021-04-27,150.5,151.57000732421875,150.11000061035156,151.25,132.6992645263672,12821200.0,17.559999465942383,1.63,0.004582931197697038,0.004572461544130213,-0.004535143224154603,0.04999999999999982,0.18724708540526525,0.2349517149758073,0.19447683576999747,0.21733214641137427,0.9,0.0,0.8856404742372946,-0.004535143224154603,-0.7420007164055351,0.04999999999999982,0.04999999999999982,-0.10000000000000009,0.03164556962025311,-0.05780346820809257
2021-04-28,152.42999267578125,152.88999938964844,151.39999389648438,152.22999572753906,133.55909729003906,8943700.0,17.280000686645508,1.63,0.006479559376163957,0.00645865727366614,-0.015945261264952326,0.0,-0.30242878981686583,0.23221945293628735,0.19107469000770697,0.21725942594488964,0.9,0.0,0.8894479092189231,-0.015945261264952326,-0.7272180508843944,0.0,0.05999999999999983,-0.10000000000000009,0.03821656050955413,-0.05780346820809257
2021-04-29,153.5399932861328,155.27999877929688,153.1999969482422,155.19000244140625,136.15606689453125,12976900.0,17.610000610351562,1.65,0.0194443482861566,0.019257722280204077,0.019097217048208215,0.020000000000000018,0.4509543030289478,0.12900232498829547,0.19546300360212632,0.21239914096079002,0.9,0.0,0.8849605566075712,0.019097217048208215,-0.674038388881754,0.020000000000000018,0.07999999999999985,-0.09000000000000008,0.05095541401273884,-0.051724137931034475
2021-04-30,154.10000610351562,154.49000549316406,153.00999450683594,153.80999755859375,134.94528198242188,11705100.0,18.61000061035156,1.65,-0.008892625497527562,-0.00893240087223207,0.05678591512439657,0.0,-0.0980049164284228,0.15990643867433454,0.1959924869076435,0.2128876854021719,0.9,0.0,0.871362515247571,0.05678591512439657,-0.7080108715231948,0.0,0.06999999999999984,-0.040000000000000036,0.04430379746835422,-0.023668639053254448
2021-05-03,154.85000610351562,155.47999572753906,153.1300048828125,153.36000061035156,134.55050659179688,11801100.0,18.309999465942383,1.63,-0.0029254478913640636,-0.002929735377967409,-0.016120426360561435,-0.020000000000000018,0.008201553169131515,0.16911082201321856,0.19540356117600471,0.20879283356217232,0.9,0.0,0.8754419432172944,-0.016120426360561435,-0.7251476756252779,-0.020000000000000018,0.04999999999999982,-0.10000000000000009,0.03164556962025311,-0.05780346820809257
2021-05-04,152.8699951171875,155.63999938964844,152.13999938964844,155.47999572753906,136.41049194335938,12977700.0,19.479999542236328,1.61,0.013823696384922313,0.013729020609070147,0.06389951449590203,-0.019999999999999796,0.09970257009939743,0.18397725487495076,0.19945558325310728,0.2100498623722819,0.9,0.0,0.859532233788646,0.06389951449590203,-0.5938705585560026,-0.019999999999999796,-0.019999999999999796,-0.05999999999999983,-0.012269938650306678,-0.0359281437125748
2021-05-05,156.0,158.27999877929688,154.6300048828125,157.52000427246094,138.2002410888672,10506700.0,19.149999618530277,1.59,0.013120318825995847,0.013034992967575057,-0.016940448226939075,-0.020000000000000018,-0.19040353837737045,0.19185385402263663,0.19720525952900553,0.20942829578577038,0.9,0.0,0.8640195863999978,-0.016940448226939075,-0.567241832456433,-0.020000000000000018,-0.039999999999999813,-0.08999999999999986,-0.024539877300613355,-0.05357142857142849
2021-05-06,158.07000732421875,160.82000732421875,157.16000366210938,160.69000244140625,140.98146057128906,13542400.0,18.38999938964844,1.58,0.020124563173760768,0.019924740598635887,-0.03968669681572368,-0.010000000000000009,0.28892992090761127,0.1946140871126434,0.2085482015472838,0.21219875497316795,0.9,0.0,0.8743541009459426,-0.03968669681572368,-0.6009307711152077,-0.010000000000000009,-0.06999999999999984,-0.05999999999999983,-0.042424242424242364,-0.03658536585365846
2021-05-07,157.22000122070312,161.5,157.02000427246094,161.24000549316406,141.46401977539062,14257800.0,16.690000534057617,1.6,0.00342285575809842,0.003417011120431912,-0.0924414851556622,0.020000000000000018,0.052826677693761814,0.1443044480912535,0.20757881002136083,0.21217161581952046,0.9,0.0,0.8974707556962197,-0.0924414851556622,-0.5468031045710375,0.020000000000000018,-0.04999999999999982,-0.06999999999999984,-0.030303030303030165,-0.041916167664670545
2021-05-10,161.5,163.72999572753906,161.1199951171875,161.22000122070312,141.44647216796875,14014300.0,19.65999984741211,1.63,-0.0001240429011541977,-0.00012405059511112147,0.1779508219483823,0.029999999999999805,-0.01707837113720212,0.12980488332730622,0.20723138462182936,0.2119576741487504,0.9,0.0,0.857084582194053,0.1779508219483823,-0.44408471267170835,0.029999999999999805,0.0,-0.06000000000000005,0.0,-0.03550295857988173
2021-05-11,161.0800018310547,162.38999938964844,158.0399932861328,158.5399932861328,139.0951385498047,15451700.0,21.84000015258789,1.64,-0.01662348719006468,-0.01676320794831794,0.11088506216152072,0.010000000000000009,0.10256666405029158,0.22219134325886009,0.2120314018699056,0.21418790841697466,0.9,0.0,0.8274408478794597,0.11088506216152072,-0.5394309144115818,0.010000000000000009,0.029999999999999805,0.0,0.01863354037267073,0.0
2021-05-12,159.61000061035156,160.77999877929688,157.02999877929688,157.4499969482422,138.1388702392578,14381700.0,27.59000015258789,1.69,-0.0068749225926718616,-0.006898663747972111,0.26327838643896095,0.050000000000000044,-0.06924804390455419,0.2155141870745502,0.2007991512443864,0.2100628792644665,0.9,0.0,0.7492521100594585,0.26327838643896095,-0.539576093164773,0.050000000000000044,0.09999999999999987,0.050000000000000044,0.06289308176100628,0.030487804878048808
2021-05-13,158.17999267578125,162.4499969482422,157.67999267578125,161.5,141.69210815429688,15395000.0,23.1299991607666,1.66,0.025722216410810628,0.025396965851763577,-0.1616528077982975,-0.030000000000000027,0.07045759541639729,0.24850547840820553,0.21697942399841774,0.2156780932293443,0.9,0.0,0.8098993880118863,-0.1616528077982975,-0.6154811064316265,-0.030000000000000027,0.07999999999999985,0.09999999999999987,0.05063291139240489,0.0641025641025641
2021-05-14,162.38999938964844,164.4499969482422,161.99000549316406,164.00999450683594,143.89427185058594,10584000.0,18.809999465942383,1.63,0.015541893793343808,0.015422355538269776,-0.18677042159827906,-0.030000000000000027,-0.3125040597596622,0.26956761629263615,0.2209812030818952,0.21744023912517393,0.9,0.0,0.8686429225372944,-0.18677042159827906,-0.6282829285601648,-0.030000000000000027,0.029999999999999805,0.039999999999999813,0.018749999999999822,0.025157232704402288
2021-05-17,163.3699951171875,164.85000610351562,163.02999877929688,164.6699981689453,144.4733123779297,9886800.0,19.71999931335449,1.64,0.004024069338528058,0.004015994426928081,0.04837851532424353,0.010000000000000009,-0.06587301587301586,0.2677475754127222,0.21913806173560754,0.21538508041801754,0.9,0.0,0.8562687069745907,0.04837851532424353,-0.6205341655311017,0.010000000000000009,0.010000000000000009,0.029999999999999805,0.006134969325153339,0.01863354037267073
2021-05-18,164.67999267578125,165.5,162.24000549316406,162.35000610351562,142.43789672851562,11098100.0,21.34000015258789,1.64,-0.01408852345054279,-0.014188708785804862,0.08215014683780075,0.0,0.12251689120847997,0.25536517994843877,0.2077809296638519,0.21728988664470972,0.9,0.0,0.8342398685594599,0.08215014683780075,-0.6335489057863248,0.0,0.0,0.05999999999999983,0.0,0.03797468354430378
2021-05-19,161.0,161.17999267578125,158.63999938964844,161.11000061035156,141.34994506835938,13278900.0,22.18000030517578,1.68,-0.007638077261347576,-0.007667396765314274,0.0393627060253805,0.040000000000000036,0.19650210396374157,0.2576226173229253,0.21124861618088892,0.21765469056059686,0.9,0.0,0.8228175117421632,0.0393627060253805,-0.6283420652163701,0.040000000000000036,-0.010000000000000009,0.10999999999999988,-0.00591715976331364,0.07006369426751591
2021-05-20,160.8300018310547,161.86000061035156,159.52000427246094,160.8300018310547,141.10430908203125,10426000.0,20.670000076293945,1.63,-0.0017377862171034097,-0.0017392979191687865,-0.06807936014903804,-0.050000000000000044,-0.2148446030921236,0.17988952638975678,0.1914326864312375,0.21508372493100503,0.9,0.0,0.8433505573081082,-0.06807936014903804,-0.609780618098306,-0.050000000000000044,-0.030000000000000027,0.05999999999999983,-0.01807228915662651,0.03821656050955413
2021-05-21,161.33999633789062,163.22000122070312,160.94000244140625,162.66000366210938,142.70982360839844,10249000.0,20.149999618530277,1.63,0.011378210465803784,0.01131396549831578,-0.025157254757828817,0.0,-0.01697678879723763,0.1574708178068425,0.18554274547844407,0.21394739488396866,0.9,0.0,0.8504215450399976,-0.025157254757828817,-0.594960209098385,0.0,0.0,0.04999999999999982,0.0,0.03164556962025311
2021-05-24,163.36000061035156,164.22999572753906,162.1199951171875,163.5399932861328,143.48191833496094,9440300.0,18.399999618530277,1.61,0.005410242315771807,0.0053956595287760175,-0.08684863687990696,-0.019999999999999796,-0.07890525904966339,0.16086794148357814,0.18551476393751634,0.2058484390483914,0.9,0.0,0.8742181174199979,-0.08684863687990696,-0.5867214337262476,-0.019999999999999796,-0.029999999999999805,0.030000000000000027,-0.018292682926829174,0.018987341772152
2021-05-25,163.85000610351562,165.6999969482422,161.55999755859375,161.85000610351562,141.99920654296875,12609100.0,18.84000015258789,1.56,-0.010333788460583415,-0.010387552765929245,0.02391307299889811,-0.050000000000000044,0.33566729870872747,0.14307576919865073,0.19251481988530575,0.20282776086966006,0.9,0.0,0.8682349719594603,0.02391307299889811,-0.5740815947281713,-0.050000000000000044,-0.07999999999999985,-0.06999999999999984,-0.04878048780487798,-0.04294478527607348
2021-05-26,163.57000732421875,163.74000549316406,161.30999755859375,161.8300018310547,141.98165893554688,13058300.0,17.360000610351562,1.58,-0.00012357539065943612,-0.00012358302672711762,-0.07855623833596592,0.020000000000000018,0.035625064437588616,0.12898556900583105,0.1925396282725036,0.20262757837937362,0.9,0.0,0.8883600669475713,-0.07855623833596592,-0.5503605930899448,0.020000000000000018,-0.09999999999999987,-0.04999999999999982,-0.05952380952380942,-0.030674846625766805
2021-05-27,163.9499969482422,164.75,162.57000732421875,164.35000610351562,144.19256591796875,15707500.0,16.739999771118164,1.61,0.01557177877056315,0.015451782721617692,-0.035714332801561,0.030000000000000027,0.20287479993567303,0.1607262008296376,0.1887286575561197,0.20137969516015952,0.9,0.0,0.8967908640027019,-0.035714332801561,-0.5901732175355171,0.030000000000000027,-0.019999999999999796,-0.039999999999999813,-0.012269938650306678,-0.024242424242424176
2021-05-28,164.67999267578125,164.94000244140625,163.25999450683594,164.24000549316406,144.09605407714844,10291300.0,16.760000228881836,1.58,-0.0006693260516302812,-0.0006695501503142812,0.0011947704920629576,-0.030000000000000027,-0.34481617061913095,0.150084702897988,0.1840990304559105,0.19837054539867735,0.9,0.0,0.8965188969508125,0.0011947704920629576,-0.581135719605916,-0.030000000000000027,-0.04999999999999982,-0.06999999999999984,-0.030674846625766805,-0.042424242424242364
2021-06-01,165.8699951171875,166.91000366210938,165.47999572753906,166.0500030517578,145.68408203125,9445400.0,17.899999618530273,1.62,0.011020620684389693,0.010960336155148867,0.06801905573270361,0.040000000000000036,-0.08219564097830201,0.1628302197200809,0.1844864021287595,0.1993023948805812,0.9,0.0,0.8810171380999982,0.06801905573270361,-0.5599320931114764,0.040000000000000036,0.010000000000000009,-0.009999999999999787,0.006211180124223503,-0.006134969325153228
2021-06-02,167.25999450683594,167.44000244140625,165.52999877929688,166.05999755859375,145.69284057617188,10498600.0,17.479999542236328,1.59,6.0120122938212006e-05,6.0118315796050994e-05,-0.023463691913108042,-0.030000000000000027,0.11150401253520226,0.11971064839008122,0.18125327508858532,0.19788430411753807,0.9,0.0,0.8867283165086464,-0.023463691913108042,-0.5964908690137382,-0.030000000000000027,0.030000000000000027,-0.020000000000000018,0.019230769230769162,-0.012422360248447228
2021-06-03,165.41000366210938,167.25,164.66000366210938,166.1699981689453,145.78933715820312,13354400.0,18.040000915527344,1.63,0.000662328921926747,0.0006621096789283145,0.03203669267484277,0.039999999999999813,0.27201722134379813,0.11764814166061534,0.17771834525005958,0.19708805312997574,0.9,0.0,0.8791133946729783,0.03203669267484277,-0.6026861034787666,0.039999999999999813,0.04999999999999982,0.039999999999999813,0.03164556962025311,0.025157232704402288
2021-06-04,166.2100067138672,166.6699981689453,165.02999877929688,166.44000244140625,146.02621459960938,8510800.0,16.420000076293945,1.56,0.0016247926358921028,0.001623474088388245,-0.089800485422317,-0.06999999999999984,-0.3626969388366381,0.07601501559050246,0.16561662192257356,0.192676302936373,0.9,0.0,0.901142233088109,-0.089800485422317,-0.6015335835804372,-0.06999999999999984,-0.050000000000000044,-0.020000000000000018,-0.03105590062111807,-0.012658227848101222
2021-06-07,167.0,167.10000610351562,165.13999938964844,165.66000366210938,145.34190368652344,7267200.0,16.420000076293945,1.57,-0.004686219628182942,-0.004697234380555993,0.0,0.010000000000000009,-0.1461202237157494,0.0906545424413722,0.16703697325824826,0.19260186570609059,0.9,0.0,0.901142233088109,0.0,-0.5997767990285512,0.010000000000000009,-0.010000000000000009,-0.030000000000000027,-0.006329113924050667,-0.018750000000000044
2021-06-08,164.49000549316406,165.75999450683594,163.16000366210938,165.0,144.76284790039062,10370700.0,17.06999969482422,1.53,-0.0039840938603757925,-0.0039920515053552055,0.039585847473210256,-0.040000000000000036,0.4270558124174373,0.045616736293558814,0.1680515722118126,0.19163707595638407,0.9,0.0,0.89230351139135,0.039585847473210256,-0.6387509004861167,-0.040000000000000036,-0.09000000000000008,-0.09999999999999987,-0.05555555555555558,-0.06134969325153361
2021-06-09,164.13999938964844,164.22000122070312,162.27999877929688,162.94000244140625,142.9555206298828,12377400.0,17.889999389648438,1.5,-0.012484745200311398,-0.012563334427758834,0.048037475658119,-0.030000000000000027,0.19349706384332777,0.08943500364285227,0.16268664367412336,0.19327025169780052,0.9,0.0,0.8811531216259427,0.048037475658119,-0.6075953711182993,-0.030000000000000027,-0.09000000000000008,-0.1399999999999999,-0.05660377358490576,-0.08536585365853655
2021-06-10,164.36000061035156,165.24000549316406,160.30999755859375,160.39999389648438,140.72705078125,12119400.0,16.100000381469727,1.45,-0.015588553969891117,-0.015711333115007168,-0.10005584512285925,-0.050000000000000044,-0.02084444228998017,0.11098813430496605,0.17140057770733008,0.19446107257124678,0.9,0.0,0.9054936021735163,-0.10005584512285925,-0.5035015753258032,-0.050000000000000044,-0.17999999999999994,-0.24,-0.11042944785276065,-0.14201183431952658
2021-06-11,160.42999267578125,161.1999969482422,159.05999755859375,160.2899932861328,140.6304931640625,13683800.0,15.649999618530272,1.47,-0.0006861340207974242,-0.0006863695184728116,-0.02795035728430062,0.020000000000000018,0.12908229780352154,0.10028794495061455,0.14498479550678703,0.19348958323739415,0.9,0.0,0.9116127311599986,-0.02795035728430062,-0.3582159626405095,0.020000000000000018,-0.09000000000000008,-0.18999999999999995,-0.05769230769230771,-0.11445783132530118
2021-06-14,160.14999389648438,160.3300018310547,156.66000366210938,157.57000732421875,138.24412536621094,19917900.0,16.389999389648438,1.51,-0.01696906370844886,-0.017114688026467307,0.04728433157544454,0.040000000000000036,0.45558251362925506,0.11574438713549103,0.1439593724327051,0.19403564367161846,0.9,0.0,0.9015501836659431,0.04728433157544454,-0.22987830718874333,0.040000000000000036,-0.06000000000000005,-0.11999999999999988,-0.03821656050955413,-0.0736196319018404
2021-06-15,156.6999969482422,156.9199981689453,154.1300048828125,155.17999267578125,136.14727783203125,24485500.0,17.020000457763672,1.51,-0.015167715290795192,-0.015283921638272881,0.0384381385952417,0.0,0.22932136420004112,0.10609351214216034,0.14945312199555041,0.19376972922875318,0.9,0.0,0.8929834030848678,0.0384381385952417,-0.3129481735280389,0.0,-0.020000000000000018,-0.1299999999999999,-0.013071895424836666,-0.07926829268292679
2021-06-16,154.72999572753906,157.6199951171875,153.11000061035156,156.27000427246094,137.1035614013672,25321200.0,18.149999618530277,1.57,0.007023890485094553,0.006999337869200965,0.06639242834163128,0.06000000000000005,0.034130403708317214,0.17270071371714987,0.1472624564279086,0.18566578118902585,0.9,0.0,0.877617627759998,0.06639242834163128,-0.14863573339129352,0.06000000000000005,0.07000000000000006,-0.06999999999999984,0.046666666666666634,-0.04268292682926822
2021-06-17,157.10000610351562,157.4600067138672,151.25,151.75999450683594,133.14669799804688,29722400.0,17.75,1.52,-0.028860398394296216,-0.02928505006121703,-0.022038546938695114,-0.050000000000000044,0.17381482710140128,0.227344361303686,0.1757181728799488,0.1943899848397384,0.9,0.0,0.883056839116757,-0.022038546938695114,-0.07315382520996372,-0.050000000000000044,0.07000000000000006,-0.15999999999999992,0.048275862068965614,-0.09523809523809523
2021-06-18,149.3000030517578,149.6999969482422,147.55999755859375,147.9199981689453,129.77767944335938,43595700.0,20.700000762939453,1.45,-0.025303057494801107,-0.025628684501183246,0.166197226081096,-0.07000000000000006,0.4667624417947407,0.22448672576580653,0.19306882423876912,0.20089507064171458,0.9,0.0,0.8429426067302741,0.166197226081096,-0.29461744999383904,-0.07000000000000006,-0.020000000000000018,-0.17999999999999994,-0.013605442176870763,-0.11042944785276065
2021-06-21,149.0800018310547,151.1999969482422,149.02000427246094,150.42999267578125,131.97982788085938,18664800.0,17.889999389648438,1.5,0.016968622392890875,0.016826263486120662,-0.13574885360979994,0.050000000000000044,-0.5718660326591842,0.3224208162984248,0.19981123483535368,0.20219208329965982,0.9,0.0,0.8811531216259427,-0.13574885360979994,-0.40069385545213554,0.050000000000000044,-0.010000000000000009,-0.1299999999999999,-0.0066225165562914245,-0.07975460122699385
2021-06-22,150.60000610351562,150.97000122070312,148.66000366210938,150.2100067138672,131.78683471679688,14251200.0,16.65999984741211,1.48,-0.0014622928909766575,-0.001463363084644452,-0.06875347032979973,-0.020000000000000018,-0.23646650379323642,0.32111847315340086,0.19703939227684053,0.19920421282959203,0.9,0.0,0.8978787062740536,-0.06875347032979973,-0.3747312119493814,-0.020000000000000018,-0.030000000000000027,-0.13000000000000012,-0.019867549668874163,-0.08074534161490687
2021-06-23,150.1999969482422,152.0399932861328,150.08999633789062,151.1199951171875,132.58518981933594,12733300.0,16.31999969482422,1.5,0.006057927593865475,0.006039652121019838,-0.020408172611160347,0.020000000000000018,-0.10651032895475465,0.31863757037238044,0.1988736276675687,0.19707265303870586,0.9,0.0,0.9025020424113502,-0.020408172611160347,-0.37126516174395646,0.020000000000000018,-0.07000000000000006,-0.06000000000000005,-0.04458598726114649,-0.03846153846153855
2021-06-24,151.9199981689453,153.1199951171875,151.22000122070312,152.50999450683594,133.80471801757812,13733200.0,15.970000267028809,1.49,0.00919807257434968,0.00915602792795739,-0.021446043770847023,-0.010000000000000009,0.07852638357692032,0.2581186575663438,0.20359164990112838,0.19648639582818508,0.9,0.0,0.9072613491064886,-0.021446043770847023,-0.3730004162429679,-0.010000000000000009,-0.030000000000000027,-0.09000000000000008,-0.019736842105263164,-0.05696202531645578
2021-06-25,152.58999633789062,154.5,151.6699981689453,154.0500030517578,135.15586853027344,15484900.0,15.619999885559082,1.54,0.010097928777951015,0.010047285339020131,-0.021916116193956947,0.050000000000000044,0.12755220924474986,0.10552533431692254,0.19793234758255598,0.1951913040785349,0.9,0.0,0.9120206687697299,-0.021916116193956947,-0.36279166662214274,0.050000000000000044,0.09000000000000008,-0.07000000000000006,0.0620689655172415,-0.0434782608695653
2021-06-28,153.6999969482422,154.47999572753906,152.1199951171875,154.3300018310547,135.4015350341797,14125800.0,15.760000228881836,1.49,0.0018176532515954413,0.0018160033189583236,0.008962890163154658,-0.050000000000000044,-0.08776937532693141,0.07763530359853897,0.1985554647541877,0.194240521415049,0.9,0.0,0.9101169383108128,0.008962890163154658,-0.3587788850627276,-0.050000000000000044,-0.010000000000000009,-0.09000000000000008,-0.00666666666666671,-0.05696202531645578
2021-06-29,155.0,156.30999755859375,153.61000061035156,154.13999938964844,135.23483276367188,14528700.0,16.020000457763672,1.49,-0.0012311697239306696,-0.0012319282360105529,0.01649747621230091,0.0,0.028522278384233157,0.07640673693021656,0.19169281806372956,0.1939656138797736,0.9,0.0,0.9065814444448681,0.01649747621230091,-0.4450784753008484,0.0,0.010000000000000009,-0.13000000000000012,0.006756756756756799,-0.08024691358024694
2021-06-30,153.75,156.0800018310547,153.7100067138672,155.5399932861328,136.4630584716797,12531000.0,15.829999923706056,1.45,0.009082169755437075,0.009041174879694656,-0.011860207779553211,-0.040000000000000036,-0.13750025810981026,0.08137986254997605,0.19662992763336956,0.19424988119359682,0.9,0.0,0.9091650795654056,-0.011860207779553211,-0.4371089767520126,-0.040000000000000036,-0.050000000000000044,-0.14000000000000012,-0.033333333333333326,-0.0880503144654089
2021-07-01,156.25999450683594,157.13999938964844,155.4199981689453,157.0800018310547,137.81423950195312,10479400.0,15.479999542236328,1.48,0.009901441792423693,0.009852743707958597,-0.02210994208190664,0.030000000000000027,-0.16372196951560136,0.08333528480413942,0.20170972697006628,0.1926884098922825,0.9,0.0,0.9139243992286469,-0.02210994208190664,-0.4511964739556955,0.030000000000000027,-0.010000000000000009,-0.1499999999999999,-0.006711409395973145,-0.09202453987730053
2021-07-02,155.9499969482422,156.32000732421875,155.1199951171875,156.02999877929688,137.681884765625,11424000.0,15.06999969482422,1.44,-0.0009603850574979589,-0.000960846522707144,-0.02648577903981497,-0.040000000000000036,0.09013874840162606,0.08547991171788444,0.20116373443779023,0.1926922373730037,0.9,0.0,0.9194995941113504,-0.02648577903981497,-0.44993341847117363,-0.040000000000000036,-0.10000000000000009,-0.1200000000000001,-0.06493506493506496,-0.07692307692307698
2021-07-06,155.77999877929688,155.77999877929688,152.35000610351562,153.41000366210938,135.36997985839844,15083400.0,16.440000534057617,1.37,-0.01679164191543503,-0.01693421986676484,0.09090914843906206,-0.06999999999999984,0.3203256302521009,0.17171221387610194,0.2071795545184658,0.19523317408530927,0.9,0.0,0.9008702660362198,0.09090914843906206,-0.49018726638325505,-0.06999999999999984,-0.11999999999999988,-0.19999999999999996,-0.08053691275167774,-0.1273885350318471
2021-07-07,152.00999450683594,154.27999877929688,151.5500030517578,153.58999633789062,135.52880859375,12271800.0,16.200000762939453,1.33,0.0011732936321457998,0.001172605861091215,-0.014598525749495717,-0.040000000000000036,-0.18640359600620549,0.1715149279055796,0.2078447136795094,0.19521270419790288,0.9,0.0,0.9041337928502751,-0.014598525749495717,-0.49504047098294934,-0.040000000000000036,-0.15999999999999992,-0.19999999999999996,-0.10738255033557043,-0.130718954248366
2021-07-08,151.61000061035156,152.52999877929688,150.0399932861328,150.94000244140625,133.1904296875,17834600.0,19.0,1.3,-0.017253740592225952,-0.017404320937450264,0.17283945093793274,-0.030000000000000027,0.45329943447579013,0.1896999035767941,0.21138781024023368,0.19691995245848626,0.9,0.0,0.8660592874167568,0.17283945093793274,-0.5253648115427738,-0.030000000000000027,-0.1499999999999999,-0.19999999999999996,-0.10344827586206895,-0.1333333333333333
2021-07-09,153.0500030517578,156.14999389648438,152.5800018310547,155.77000427246094,137.45242309570312,13694500.0,16.18000030517578,1.37,0.031999246629077494,0.03149793704852071,-0.14842103656969574,0.07000000000000006,-0.23213865183407534,0.3157704871032002,0.23983681916874147,0.20352126473074517,0.9,0.0,0.9044057599021644,-0.14842103656969574,-0.7242150520265748,0.07000000000000006,-0.10999999999999988,-0.07999999999999985,-0.07432432432432423,-0.055172413793103336
2021-07-12,154.35000610351562,159.16000366210938,153.94000244140625,158.0,139.42019653320312,19940400.0,16.170000076293945,1.38,0.014316033091172908,0.014214526325235706,-0.000618061105884915,0.009999999999999787,0.45608821059549465,0.33239404885762364,0.24599467042684475,0.20510633591399036,0.9,0.0,0.9045417434281091,-0.000618061105884915,-0.7118353002827884,0.009999999999999787,-0.06000000000000005,-0.09000000000000008,-0.04166666666666674,-0.061224489795918435
2021-07-13,156.0500030517578,157.38999938964844,153.5,155.64999389648438,137.3465576171875,22671700.0,17.1200008392334,1.42,-0.014873303635903223,-0.014985020331278655,0.058750819941689736,0.040000000000000036,0.1369731800766283,0.325425842898176,0.24418864099497736,0.20711434235773032,0.9,0.0,0.8916235937616267,0.058750819941689736,-0.717166207969066,0.040000000000000036,0.04999999999999982,-0.09000000000000008,0.03649635036496335,-0.0596026490066226
2021-07-14,155.9499969482422,157.27999877929688,152.9499969482422,155.1199951171875,136.87889099121094,14622800.0,16.329999923706055,1.37,-0.0034050116296328037,-0.0034108218747825967,-0.04614491102809537,-0.04999999999999982,-0.35501969415615064,0.3285694296072363,0.23810340536363064,0.20704192857015702,0.9,0.0,0.9023660588854056,-0.04614491102809537,-0.7011690217207834,-0.04999999999999982,0.040000000000000036,-0.1399999999999999,0.03007518796992481,-0.09271523178807939
2021-07-15,153.89999389648438,156.52999877929688,153.6999969482422,155.4600067138672,137.1788787841797,11539300.0,17.010000228881836,1.31,0.00219162933595074,0.002189231219593231,0.041641170137951544,-0.06000000000000005,-0.21086932735180675,0.2818598115098839,0.23690899922291186,0.2015593349344851,0.9,0.0,0.8931193866108125,0.041641170137951544,-0.7284550187498068,-0.06000000000000005,0.010000000000000009,-0.26,0.007692307692307665,-0.16560509554140124
2021-07-16,155.9600067138672,156.27999877929688,151.02000427246094,151.91000366210938,134.04635620117188,14002700.0,18.450000762939453,1.31,-0.022835312628091464,-0.023100076792723728,0.08465611491366087,0.0,0.21347915384815375,0.23150675325613815,0.22759334156303798,0.2067275126313585,0.9,0.0,0.8735381997902747,0.08465611491366087,-0.8556767632837845,0.0,-0.06000000000000005,-0.20999999999999996,-0.04379562043795626,-0.13815789473684204
2021-07-19,148.5500030517578,149.82000732421875,145.7100067138672,146.97000122070312,129.68724060058594,22172900.0,22.5,1.19,-0.03251946359544411,-0.033059971691869756,0.21951214469301195,-0.1200000000000001,0.5834731873138752,0.2273113498007978,0.24002702229166767,0.2132718037612719,0.9,0.0,0.818466142656756,0.21951214469301195,-0.8710370602975774,-0.1200000000000001,-0.18999999999999995,-0.26,-0.1376811594202898,-0.17931034482758623
2021-07-20,146.52000427246094,151.1199951171875,146.3300018310547,149.7100067138672,132.1050262451172,15385200.0,19.729999542236328,1.23,0.018643203705579703,0.018471549359362235,-0.12311113145616315,0.040000000000000036,-0.3061259465383418,0.32546620795714226,0.2416256511910597,0.21309116319218505,0.9,0.0,0.856132723448646,-0.12311113145616315,-0.875737189107724,0.040000000000000036,-0.18999999999999995,-0.27,-0.13380281690140838,-0.18000000000000005
2021-07-21,152.0500030517578,153.64999389648438,151.36000061035156,152.86000061035156,134.88461303710938,12356700.0,17.90999984741211,1.3,0.02104073456550193,0.020822435120761096,-0.09224529838067741,0.07000000000000006,-0.1968450198892442,0.3858401976472614,0.2524831146190239,0.21726298955840292,0.9,0.0,0.8808811545740535,-0.09224529838067741,-0.9082633129361211,0.07000000000000006,-0.07000000000000006,-0.17999999999999994,-0.051094890510948954,-0.1216216216216216
2021-07-22,152.8800048828125,153.44000244140625,149.97000122070312,150.92999267578125,133.18161010742188,9913300.0,17.690000534057617,1.27,-0.01262562787068211,-0.012706008396661866,-0.012283602190330645,-0.030000000000000027,-0.1977388785031602,0.3878620469417795,0.25641720264573137,0.21870902311429471,0.9,0.0,0.8838727143362195,-0.012283602190330645,-0.8800878939254607,-0.030000000000000027,-0.040000000000000036,-0.22999999999999998,-0.03053435114503822,-0.15333333333333332
2021-07-23,151.47999572753906,152.83999633789062,150.25,150.63999938964844,132.92572021484375,9666100.0,17.200000762939453,1.3,-0.0019213605569997627,-0.0019232087379221438,-0.027699251346815612,0.030000000000000027,-0.024936196826485624,0.35662737833506625,0.2543059216733827,0.2183359658334193,0.9,0.0,0.8905357514902749,-0.027699251346815612,-0.8736232033065986,0.030000000000000027,-0.010000000000000009,-0.18999999999999995,-0.007633587786259555,-0.12751677852348986
2021-07-26,150.19000244140625,151.9600067138672,150.1699981689453,151.64999389648438,133.81692504882812,8208000.0,17.579999923706055,1.29,0.00670453267090787,0.006682157247234525,0.02209297348319761,-0.010000000000000009,-0.15084677377639377,0.22281479408288304,0.2527605647614504,0.21507563176840683,0.9,0.0,0.8853685071854053,0.02209297348319761,-0.8657385269922063,-0.010000000000000009,0.10000000000000009,-0.25,0.0840336134453783,-0.16233766233766234
2021-07-27,150.39999389648438,152.49000549316406,149.8000030517578,151.4499969482422,133.6404571533203,11218700.0,19.36000061035156,1.25,-0.0013187262780356424,-0.0013195965627295035,0.10125146156828091,-0.040000000000000036,0.36680068226120865,0.19738093663460005,0.25262488630487223,0.21433346252278115,0.9,0.0,0.8611639842275709,0.10125146156828091,-0.8462451764113536,-0.040000000000000036,0.020000000000000018,-0.24,0.016260162601626105,-0.1610738255033557
2021-07-28,152.2899932861328,152.77000427246094,150.8800048828125,151.6999969482422,133.86106872558594,9217300.0,18.309999465942383,1.26,0.0016507843280761936,0.001649423281284552,-0.05423559459227256,0.010000000000000009,-0.17839856667884868,0.1129909541312526,0.25274456133570516,0.2142863367334506,0.9,0.0,0.8754419432172944,-0.05423559459227256,-0.8391260249313318,0.010000000000000009,-0.040000000000000036,-0.22999999999999998,-0.03076923076923077,-0.15436241610738255
2021-07-29,153.13999938964844,153.8699951171875,151.91000366210938,153.0,135.00820922851562,9063500.0,17.700000762939453,1.28,0.008569635024215483,0.008533124143654005,-0.0333150584814359,0.020000000000000018,-0.016686014342594868,0.07467554305078031,0.2524962180713356,0.21311700117965449,0.9,0.0,0.8837367308102748,-0.0333150584814359,-0.8428149349107144,0.020000000000000018,0.010000000000000009,-0.16999999999999993,0.007874015748031482,-0.11724137931034473
2021-07-30,152.5800018310547,153.6699981689453,151.1999969482422,151.77999877929688,133.931640625,9805200.0,18.239999771118164,1.24,-0.007974097350579745,-0.008006060496410342,0.03050841722613762,-0.040000000000000036,0.08183372869200634,0.10489702618669135,0.2507020983562754,0.21190666361253185,0.9,0.0,0.8763938019627016,0.03050841722613762,-0.842669929830131,-0.040000000000000036,-0.06000000000000005,-0.24,-0.04615384615384621,-0.16216216216216217
2021-08-02,152.02999877929688,154.4499969482422,151.07000732421875,151.1699981689453,133.3933563232422,10203200.0,19.459999084472656,1.2,-0.004019097348810785,-0.0040271956263539166,0.0668859281065497,-0.040000000000000036,0.040590706971810775,0.09900313516281602,0.2508624045368359,0.2076782033723609,0.9,0.0,0.8598042008405353,0.0668859281065497,-0.8436417768745641,-0.040000000000000036,-0.09000000000000008,-0.24,-0.06976744186046513,-0.16666666666666663
2021-08-03,151.9499969482422,153.32000732421875,149.52000427246094,152.88999938964844,134.91110229492188,10394800.0,18.040000915527344,1.19,0.01137797273802632,0.011313730444996513,-0.07297010461209863,-0.010000000000000009,0.01877842245570016,0.12943830127661196,0.2479567944378239,0.2090091930490149,0.9,0.0,0.8791133946729783,-0.07297010461209863,-0.8425996658696172,-0.010000000000000009,-0.06000000000000005,-0.18000000000000016,-0.04800000000000004,-0.13138686131386867
2021-08-04,151.25,153.3699951171875,150.91000366210938,151.24000549316406,133.45513916015625,10155000.0,17.969999313354492,1.19,-0.010792018670063408,-0.010850674898019658,-0.003880354690702914,0.0,-0.023069226921152874,0.15815312432706974,0.2507506487427295,0.2100167384673758,0.9,0.0,0.880065279354591,-0.003880354690702914,-0.827963865654282,0.0,-0.07000000000000006,-0.14000000000000012,-0.05555555555555558,-0.10526315789473695
2021-08-05,152.27999877929688,153.69000244140625,152.00999450683594,153.14999389648438,135.14053344726562,9151500.0,17.280000686645508,1.23,0.012628920082925932,0.012549840369938553,-0.03839725392733928,0.040000000000000036,-0.09881831610044312,0.174504008217594,0.2469105456137842,0.2091914204280696,0.9,0.0,0.8894479092189231,-0.03839725392733928,-0.8237097602583094,0.040000000000000036,-0.050000000000000044,-0.07000000000000006,-0.0390625,-0.05384615384615388
2021-08-06,155.19000244140625,157.82000732421875,155.11000061035156,157.5,138.97901916503906,13328800.0,16.149999618530273,1.31,0.02840365965605196,0.02800775499530367,-0.06539357773223542,0.08000000000000007,0.45646068950445273,0.24207786949586718,0.24139067164925304,0.2167137444631095,0.9,0.0,0.9048137104799985,-0.06539357773223542,-0.7804315232420072,0.08000000000000007,0.07000000000000006,-0.06000000000000005,0.056451612903225756,-0.04379562043795626
2021-08-09,157.52000427246094,158.5500030517578,155.89999389648438,157.3300018310547,138.82896423339844,9516900.0,16.719999313354492,1.33,-0.0010796948528067896,-0.001080278143182587,0.035294099584386895,0.020000000000000018,-0.2859897365104136,0.2340872069605028,0.23595339031953794,0.2102090471804467,0.9,0.0,0.8970628310545913,0.035294099584386895,-0.7943727282758057,0.020000000000000018,0.13000000000000012,-0.04999999999999982,0.10833333333333339,-0.03623188405797084
2021-08-10,156.74000549316406,159.97999572753906,156.30999755859375,159.25999450683594,140.53199768066406,8667000.0,16.790000915527344,1.36,0.012267133567333222,0.012192502008011034,0.004186698866484928,0.030000000000000027,-0.08930429026258546,0.23495526234023906,0.23308962896393834,0.20927675060886342,0.9,0.0,0.8961109463729785,0.004186698866484928,-0.7748876617989876,0.030000000000000027,0.17000000000000015,-0.05999999999999983,0.14285714285714302,-0.042253521126760396
2021-08-11,160.0,161.5,159.0800018310547,161.16000366210938,142.2085723876953,9156500.0,16.170000076293945,1.35,0.011930199062856861,0.011859595228462678,-0.03692679007897037,-0.010000000000000009,0.056478596977039386,0.16367103345349193,0.23542075692184164,0.21059591109381673,0.9,0.0,0.9045417434281091,-0.03692679007897037,-0.7993841725082015,-0.010000000000000009,0.16000000000000014,-0.020000000000000018,0.13445378151260523,-0.014598540145985384
2021-08-12,161.8800048828125,162.3699951171875,160.5500030517578,161.7899932861328,142.7645263671875,8844200.0,15.59000015258789,1.36,0.003909426627084933,0.0039018046773193022,-0.0358688881242718,0.010000000000000009,-0.03410691858242776,0.17529284295383019,0.23552616912571508,0.20874191535970937,0.9,0.0,0.912428606379461,-0.0358688881242718,-0.8037352045483545,0.010000000000000009,0.13000000000000012,0.050000000000000044,0.10569105691056913,0.03816793893129766
2021-08-13,161.7899932861328,162.16000366210938,159.57000732421875,159.97999572753906,141.16737365722656,8980900.0,15.449999809265137,1.29,-0.011187321883120216,-0.011250370640762865,-0.0089801373927193,-0.07000000000000006,0.015456457339273255,0.15542671730213597,0.22215654403885435,0.20943483659250353,0.9,0.0,0.9143323368383781,-0.0089801373927193,-0.7663329051203006,-0.07000000000000006,-0.020000000000000018,-0.020000000000000018,-0.01526717557251911,-0.01526717557251911
2021-08-16,158.94000244140625,159.02999877929688,156.77999877929688,158.92999267578125,140.24082946777344,8755800.0,16.1200008392334,1.26,-0.006563444267957408,-0.006585078383117682,0.04336576299285588,-0.030000000000000027,-0.02506430313220276,0.16911914667102257,0.18207195174756993,0.2098396508632187,0.9,0.0,0.9052216351216269,0.04336576299285588,-0.6304286667872575,-0.030000000000000027,-0.07000000000000006,0.07000000000000006,-0.052631578947368474,0.05882352941176472
2021-08-17,157.57000732421875,158.86000061035156,155.27000427246094,157.00999450683594,138.546630859375,9347200.0,17.90999984741211,1.26,-0.01208063739232057,-0.012154201358947722,0.1110421163144204,0.0,0.06754379953859146,0.16517197803484207,0.18204396111983184,0.20989803754472441,0.9,0.0,0.8808811545740535,0.1110421163144204,-0.6296221541854147,0.0,-0.10000000000000009,0.030000000000000027,-0.07352941176470595,0.024390243902439046
2021-08-18,156.30999755859375,158.00999450683594,155.33999633789062,155.5800018310547,137.2847900390625,8065500.0,21.56999969482422,1.27,-0.009107697621267064,-0.009149426260371475,0.20435510209906327,0.010000000000000009,-0.13712127695994525,0.102958673391032,0.17261690612607303,0.21027129663228364,0.9,0.0,0.831112325271349,0.20435510209906327,-0.5590190345194745,0.010000000000000009,-0.08000000000000007,-0.030000000000000027,-0.059259259259259345,-0.023076923076923106
2021-08-19,153.16000366210938,155.55999755859375,153.00999450683594,154.27999877929688,136.1376495361328,9517700.0,21.670000076293945,1.24,-0.00835591839855887,-0.00839102478555719,0.004636086364605774,-0.030000000000000027,0.1800508337982767,0.03545909632641014,0.16874808828201382,0.20991938791716044,0.9,0.0,0.829752515948108,0.004636086364605774,-0.5921555454226564,-0.030000000000000027,-0.1200000000000001,-0.030000000000000027,-0.08823529411764708,-0.023622047244094557
2021-08-20,154.35000610351562,154.89999389648438,153.16000366210938,154.72000122070312,136.5259246826172,6974100.0,18.559999465942383,1.26,0.002852077642058415,0.002848018185378957,-0.1435164097555205,0.020000000000000018,-0.2672494405160911,0.09042357541115384,0.16846490239193823,0.21004269755335128,0.9,0.0,0.8720424328772944,-0.1435164097555205,-0.5544265374099283,0.020000000000000018,-0.030000000000000027,-0.040000000000000036,-0.023255813953488413,-0.03076923076923077
2021-08-23,155.3300018310547,157.08999633789062,155.24000549316406,156.6999969482422,138.27304077148438,7934600.0,17.149999618530273,1.25,0.01279695481227261,0.012715765701312024,-0.07596982155088206,-0.010000000000000009,0.1377238640111269,0.1649176341114299,0.17232160656078133,0.20921991197612064,0.9,0.0,0.8912156691199983,-0.07596982155088206,-0.588843843122803,-0.010000000000000009,-0.010000000000000009,-0.040000000000000036,-0.007936507936507908,-0.03100775193798455
2021-08-24,157.0,158.5500030517578,156.8699951171875,157.6699981689453,139.12899780273438,7670900.0,17.219999313354492,1.29,0.006190339248159038,0.0061712578047384585,0.004081614949343004,0.040000000000000036,-0.033234189499155575,0.15028236282433638,0.17266758064529472,0.20969315292804172,0.9,0.0,0.8902638103745911,0.004081614949343004,-0.5933668820233219,0.040000000000000036,0.030000000000000027,0.040000000000000036,0.023809523809523725,0.03200000000000003
2021-08-25,158.50999450683594,161.77999877929688,157.8000030517578,160.9199981689453,141.996826171875,11335000.0,16.790000915527344,1.35,0.020612729297502685,0.020403161936702392,-0.024970871949668183,0.06000000000000005,0.4776623342762909,0.17149065347250456,0.18456696846874684,0.21278389367309186,0.9,0.0,0.8961109463729785,-0.024970871949668183,-0.5880446900287081,0.06000000000000005,0.08000000000000007,0.09000000000000008,0.06299212598425208,0.0714285714285714
2021-08-26,162.25999450683594,163.8300018310547,161.14999389648438,161.75,142.72923278808594,11027500.0,18.84000015258789,1.34,0.005157908355813756,0.005144651910657111,0.12209643390577263,-0.010000000000000009,-0.02712836347595937,0.11323017911115137,0.18359687945346223,0.21308856074283214,0.9,0.0,0.8682349719594603,0.12209643390577263,-0.5302769093908529,-0.010000000000000009,0.10000000000000009,0.06000000000000005,0.08064516129032273,0.046875
2021-08-27,161.75,163.16000366210938,161.25999450683594,163.0500030517578,143.87635803222656,8780200.0,16.389999389648438,1.31,0.00803707286680222,0.008004947610559976,-0.13004250228750225,-0.030000000000000027,-0.2037905236907731,0.09933452126961387,0.17987935106875239,0.21376670209001947,0.9,0.0,0.9015501836659431,-0.13004250228750225,-0.523805091250295,-0.030000000000000027,0.050000000000000044,0.07000000000000006,0.039682539682539764,0.056451612903225756
2021-08-30,163.2100067138672,163.49000549316406,159.8800048828125,160.44000244140625,141.57327270507812,7937600.0,16.190000534057617,1.29,-0.016007392448956548,-0.016136894609482342,-0.012202493168921968,-0.020000000000000018,-0.09596592332748688,0.20910543673761808,0.19143753625233756,0.21619737906933706,0.9,0.0,0.9042697763762197,-0.012202493168921968,-0.4662470681912113,-0.020000000000000018,0.040000000000000036,0.09000000000000008,0.03200000000000003,0.07500000000000018
2021-08-31,160.44000244140625,161.3699951171875,159.35000610351562,159.9499969482422,141.1409149169922,12340800.0,16.479999542236328,1.3,-0.0030539506491922275,-0.003058623472615983,0.01791222968576589,0.010000000000000009,0.5547268695827454,0.21523925889188836,0.18992689888238828,0.2160880806439303,0.9,0.0,0.9003263578686467,0.01791222968576589,-0.4521270299614468,0.010000000000000009,0.010000000000000009,0.1100000000000001,0.007751937984496138,0.09243697478991608
2021-09-01,160.22000122070312,160.75999450683594,158.97000122070312,159.72000122070312,140.93795776367188,8729900.0,16.110000610351562,1.31,-0.001437975327279628,-0.0014390102060062519,-0.022451392121492608,0.010000000000000009,-0.29259853494100874,0.14873979589058942,0.18416262834327668,0.2159746108601413,0.9,0.0,0.9053576186475716,-0.022451392121492608,-0.4622447853070256,0.010000000000000009,-0.040000000000000036,0.1200000000000001,-0.029629629629629672,0.10084033613445387
2021-09-02,160.02000427246094,161.61000061035156,159.42999267578125,160.4600067138672,141.5909423828125,8813300.0,16.40999984741211,1.29,0.004633135242640307,0.0046224353083184145,0.018621925865588196,-0.020000000000000018,0.009553374036357809,0.1473100689678731,0.1806716960502766,0.21472455527629633,0.9,0.0,0.9012782166140537,0.018621925865588196,-0.4494265688153512,-0.020000000000000018,-0.050000000000000044,0.06000000000000005,-0.03731343283582089,0.04878048780487809
2021-09-03,160.38999938964844,160.88999938964844,159.14999389648438,159.49000549316406,140.73497009277344,7959700.0,16.40999984741211,1.33,-0.006045388748983749,-0.00606373609347276,0.0,0.040000000000000036,-0.0968536189622502,0.12102494436082108,0.1551227643348186,0.21264031760878205,0.9,0.0,0.9012782166140537,0.0,-0.4111204584990082,0.040000000000000036,0.020000000000000018,0.020000000000000018,0.01526717557251911,0.01526717557251911
2021-09-07,159.99000549316406,161.3800048828125,158.9600067138672,159.2100067138672,140.4879150390625,9285600.0,18.13999938964844,1.38,-0.0017554631485555694,-0.0017570057796075305,0.10542349532740292,0.04999999999999982,0.1665766297724789,0.061891905764867534,0.15524014857229462,0.21266641702772007,0.9,0.0,0.8777536112859426,0.10542349532740292,-0.40839560057560503,0.04999999999999982,0.08999999999999986,0.04999999999999982,0.06976744186046502,0.037593984962405846
2021-09-08,158.88999938964844,159.5800018310547,158.0399932861328,158.5,139.86143493652344,7852700.0,17.959999084472656,1.35,-0.0044593166776293325,-0.004469289088045715,-0.0099228396489639,-0.029999999999999805,-0.15431420694408549,0.06481491489511484,0.1499038703392074,0.2098849182660589,0.9,0.0,0.8802012628805357,-0.0099228396489639,-0.41498844252230366,-0.029999999999999805,0.050000000000000044,-0.010000000000000009,0.03846153846153855,-0.007352941176470562
2021-09-09,158.27000427246094,160.8300018310547,158.0800018310547,159.19000244140625,140.47027587890625,7904300.0,18.799999237060547,1.3,0.004353172428547936,0.004343724781685522,0.04677061221646239,-0.050000000000000044,0.006570988322487814,0.07851695088998313,0.14412083784049493,0.2075442103123616,0.9,0.0,0.868778906063239,0.04677061221646239,-0.3805611391409254,-0.050000000000000044,-0.010000000000000009,-0.050000000000000044,-0.007633587786259555,-0.03703703703703709
2021-09-10,160.55999755859375,160.72000122070312,157.22000122070312,157.36000061035156,138.85543823242188,8311600.0,20.950000762939453,1.35,-0.011495938456591803,-0.011562527585361054,0.11436178793244811,0.050000000000000044,0.05152891464139775,0.09265586613945549,0.14809195258426838,0.20855324277346166,0.9,0.0,0.8395430963902741,0.11436178793244811,-0.4138896615559724,0.050000000000000044,0.06000000000000005,-0.010000000000000009,0.04651162790697683,-0.007352941176470562
2021-09-13,158.52999877929688,160.0500030517578,158.07000732421875,159.86000061035156,141.06150817871094,10052800.0,19.3700008392334,1.33,0.015887530041109654,0.015762644250292782,-0.07541765470963968,-0.020000000000000018,0.2094903508349777,0.1632468260712503,0.15510854556784467,0.20166000589352007,0.9,0.0,0.8610280007016262,-0.07541765470963968,-0.4947222547541278,-0.020000000000000018,0.0,0.040000000000000036,0.0,0.03100775193798455
2021-09-14,160.4499969482422,161.33999633789062,156.25999450683594,157.07000732421875,138.599609375,11685600.0,19.459999084472656,1.28,-0.01745266186004446,-0.017606755086471082,0.004646269558077121,-0.050000000000000044,0.16242240967690602,0.20915367616889666,0.1658419484542292,0.19777473071553825,0.9,0.0,0.8598042008405353,0.004646269558077121,-0.444482395225984,-0.050000000000000044,-0.09999999999999987,0.020000000000000018,-0.0724637681159419,0.015873015873015817
2021-09-15,156.72000122070312,158.69000244140625,156.47000122070312,158.16000366210938,139.56138610839844,11691500.0,18.18000030517578,1.31,0.006939245628003299,0.006915279868710989,-0.06577589103373593,0.030000000000000027,0.0005048949133976688,0.21851497892789648,0.16197252242325313,0.19543703028457524,0.9,0.0,0.877209677182164,-0.06577589103373593,-0.4201751647089026,0.030000000000000027,-0.040000000000000036,0.050000000000000044,-0.029629629629629672,0.039682539682539764
2021-09-16,159.41000366210938,160.85000610351562,157.22000122070312,158.08999633789062,139.49961853027344,10880900.0,18.690000534057617,1.34,-0.00044258358165794043,-0.00044268155067870343,0.0280528173993837,0.030000000000000027,-0.06933242098960779,0.21453381382769124,0.15809132663793526,0.19539481168939732,0.9,0.0,0.8702746729762192,0.0280528173993837,-0.3685336634286526,0.030000000000000027,0.040000000000000036,0.07000000000000006,0.030769230769230882,0.0551181102362206
2021-09-17,157.3800048828125,159.00999450683594,157.0,157.67999267578125,139.13783264160156,25581600.0,20.809999465942383,1.37,-0.0025934543225533124,-0.0025968231510773935,0.11342958112931156,0.030000000000000027,1.3510555193044693,0.19641998210751738,0.15492966617668494,0.19523513659424394,0.9,0.0,0.841446839817294,0.11342958112931156,-0.3775845501867587,0.030000000000000027,0.020000000000000018,0.13000000000000012,0.014814814814814836,0.10483870967741948
2021-09-20,153.88999938964844,154.55999755859375,150.49000549316406,152.9600067138672,134.97288513183594,15819900.0,25.709999084472656,1.31,-0.029933968574125447,-0.030391136166691066,0.2354637070774368,-0.06000000000000005,-0.38159067454733087,0.23798890837675646,0.1907198790803998,0.20460676349658302,0.9,0.0,0.774816442340534,0.2354637070774368,-0.6083243435484915,-0.06000000000000005,-0.020000000000000018,0.050000000000000044,-0.015037593984962405,0.039682539682539764
2021-09-21,153.52999877929688,154.5500030517578,152.5800018310547,152.97999572753906,134.99053955078125,8999900.0,24.36000061035156,1.33,0.00013079974491225776,0.00013079119137148238,-0.05250869397877256,0.020000000000000018,-0.4311025986257815,0.22992975419633513,0.18421122438883802,0.2035635169031727,0.9,0.0,0.7931737774275699,-0.05250869397877256,-0.5718699001567894,0.020000000000000018,0.050000000000000044,0.08000000000000007,0.0390625,0.06400000000000006
2021-09-22,155.1999969482422,157.25,155.10000610351562,155.91000366210938,137.57598876953125,11236200.0,20.8700008392334,1.32,0.01915281787415468,0.01897171146960501,-0.1432676389028955,-0.010000000000000009,0.24848053867265185,0.28056193657177875,0.19621835350458888,0.20722781690703485,0.9,0.0,0.8406309386616259,-0.1432676389028955,-0.6363783782064021,-0.010000000000000009,0.010000000000000009,0.030000000000000027,0.007633587786259444,0.023255813953488413
2021-09-23,158.0,161.7100067138672,157.6699981689453,161.17999267578125,142.22625732421875,12336100.0,18.6299991607666,1.41,0.03380145471807361,0.033242740935006086,-0.10733117337761822,0.08999999999999986,0.09788896602054065,0.38234556494609695,0.21844682494549594,0.21793137834920037,0.9,0.0,0.8710905741318873,-0.10733117337761822,-0.6792262507838446,0.08999999999999986,0.06999999999999984,0.05999999999999983,0.05223880597014907,0.04444444444444429
2021-09-24,161.44000244140625,163.58999633789062,160.82000732421875,163.0399932861328,143.8675079345703,10102400.0,17.75,1.47,0.011539715951395468,0.01147364126550904,-0.04723559851896364,0.06000000000000005,-0.18107019236225386,0.38039288374505026,0.2215262488716009,0.21837890673651456,0.9,0.0,0.883056839116757,-0.04723559851896364,-0.7393209207302208,0.06000000000000005,0.09999999999999987,0.1299999999999999,0.07299270072992692,0.09701492537313428
2021-09-27,165.0,167.39999389648438,164.61000061035156,166.97999572753906,147.34423828125,13220900.0,18.76000022888184,1.48,0.024166195665673795,0.023878813902781702,0.05690142134545573,0.010000000000000009,0.3086890243902438,0.1990158901325543,0.23548305242699027,0.22268950490983208,0.9,0.0,0.869322814230812,0.05690142134545573,-0.6439757255310007,0.010000000000000009,0.16999999999999993,0.16999999999999993,0.1297709923664121,0.1297709923664121
2021-09-28,167.6999969482422,169.3000030517578,165.66000366210938,166.0800018310547,146.5500946044922,13387900.0,23.25,1.54,-0.005389716530631805,-0.005404293453352274,0.23933900406917963,0.06000000000000005,0.0126315152523655,0.23085202726841555,0.2279703834432791,0.22305226571738093,0.9,0.0,0.8082676116367559,0.23933900406917963,-0.6494873167816714,0.06000000000000005,0.20999999999999996,0.25,0.1578947368421053,0.193798449612403
2021-09-29,166.2100067138672,166.89999389648438,165.0399932861328,165.9499969482422,146.4353485107422,7777100.0,22.559999465942383,1.55,-0.0007829820516982444,-0.0007832887422441303,-0.029677442325058756,0.010000000000000009,-0.4190948543087415,0.2581499437814305,0.2274793521140626,0.2199272391837799,0.9,0.0,0.8176502674372935,-0.029677442325058756,-0.6422946890716162,0.010000000000000009,0.22999999999999998,0.25,0.1742424242424243,0.1923076923076923
2021-09-30,166.9199981689453,166.99000549316406,162.7899932861328,163.69000244140625,144.4411163330078,13161200.0,23.13999938964844,1.52,-0.013618516280500925,-0.013712098882096756,0.025709217084940672,-0.030000000000000027,0.6923017577246018,0.23437437275958853,0.23390746485282304,0.22207190376090313,0.9,0.0,0.8097634044859416,0.025709217084940672,-0.6347982359112925,-0.030000000000000027,0.1100000000000001,0.20999999999999996,0.07801418439716312,0.16030534351145032
2021-10-01,164.0,168.3000030517578,163.60000610351562,167.1300048828125,147.47659301757812,11285000.0,21.100000381469727,1.48,0.021015322794736946,0.02079754670432933,-0.08815899144281303,-0.040000000000000036,-0.14255539008601037,0.26298561290219263,0.24385630814574497,0.22230455238171357,0.9,0.0,0.8375033953735151,-0.08815899144281303,-0.6594551238164592,-0.040000000000000036,0.010000000000000009,0.18999999999999995,0.006802721088435382,0.1472868217054264
2021-10-04,166.97000122070312,170.44000244140625,165.72999572753906,166.9499969482422,147.31776428222656,14120000.0,22.959999084472656,1.49,-0.0010769758922531958,-0.0010775562475126101,0.08815159570501252,0.010000000000000009,0.2512184315463004,0.2025997404065078,0.24229692660760624,0.21350352124356844,0.9,0.0,0.8122110560805346,0.08815159570501252,-0.6697963709653617,0.010000000000000009,0.010000000000000009,0.15999999999999992,0.006756756756756799,0.12030075187969924
2021-10-05,167.2100067138672,170.13999938964844,166.6699981689453,168.66000366210938,149.72348022460938,12292900.0,21.299999237060547,1.54,0.01633011438983023,0.016198212120624646,-0.07229964780507026,0.050000000000000044,-0.12939801699716713,0.22350508674115915,0.24666666342272742,0.21405974711140874,1.0,0.11111111111111116,0.8347838026632385,-0.07229964780507026,-0.6833409682636391,0.050000000000000044,0.0,0.16000000000000014,0.0,0.11594202898550732
2021-10-06,167.99000549316406,169.10000610351562,166.0,169.02000427246094,150.04307556152344,8692600.0,21.0,1.53,0.0021345705859536768,0.002132295626958958,-0.014084471727988102,-0.010000000000000009,-0.2928763757941576,0.22027530785640892,0.2450580554294668,0.21139366874434276,1.0,0.0,0.8388632046967563,-0.014084471727988102,-0.6922598544785725,-0.010000000000000009,-0.020000000000000018,0.17999999999999994,-0.012903225806451646,0.1333333333333333
2021-10-07,171.1999969482422,171.50999450683594,169.5399932861328,170.08999633789062,150.992919921875,10195400.0,19.540000915527344,1.58,0.00633047780976792,0.006310524500165987,-0.06952376592726939,0.050000000000000044,0.17288268182131938,0.14782706391962305,0.24524580514652683,0.21137309396346646,1.0,0.0,0.858716332632978,-0.06952376592726939,-0.6912696856782563,0.050000000000000044,0.06000000000000005,0.28,0.03947368421052633,0.2153846153846155
2021-10-08,170.02000427246094,171.33999633789062,169.3000030517578,170.22000122070312,151.10833740234375,8190100.0,18.770000457763672,1.61,0.000764390015958849,0.0007640980187009847,-0.039406367537669684,0.030000000000000027,-0.19668674107931028,0.10944499873963426,0.2389525112851023,0.21137732905718995,1.0,0.0,0.8691868307048675,-0.039406367537669684,-0.6648366542869768,0.030000000000000027,0.13000000000000012,0.26,0.08783783783783794,0.19259259259259265
2021-10-11,170.8000030517578,171.2899932861328,166.4600067138672,166.63999938964844,147.93026733398438,12154700.0,20.0,1.61,-0.02103173208700848,-0.02125604973179191,0.06553007523916032,0.0,0.48407223355026185,0.21819682888331748,0.25107498427464525,0.21048844543161288,1.0,0.0,0.8524612460567565,0.06553007523916032,-0.6545195787883625,0.0,0.1200000000000001,0.28,0.08053691275167796,0.21052631578947367
2021-10-12,165.75,166.69000244140625,164.77000427246094,165.36000061035156,146.7939910888672,13032600.0,19.850000381469727,1.59,-0.007681161303871642,-0.007710813362449712,-0.007499980926513716,-0.020000000000000018,0.0722272042913441,0.17355898953806786,0.2429541171574435,0.19872005542722376,1.0,0.0,0.8545009470735154,-0.007499980926513716,-0.6720372353820472,-0.020000000000000018,0.050000000000000044,0.31000000000000005,0.032467532467532534,0.2421875
2021-10-13,164.07000732421875,165.41000366210938,160.60000610351562,161.0,142.92349243164062,22753500.0,18.63999938964844,1.56,-0.026366873933439172,-0.02672071357933334,-0.06095722763566491,-0.030000000000000027,0.7458910731550112,0.22352010735329964,0.2639593919652759,0.20428848530524252,1.0,0.0,0.8709545906059426,-0.06095722763566491,-0.5516294884083739,-0.030000000000000027,0.030000000000000027,0.25,0.019607843137254832,0.19083969465648853
2021-10-14,161.75,164.00999450683594,160.05999755859375,163.47000122070312,145.11618041992188,15176800.0,16.860000610351562,1.52,0.01534169051550438,0.015225196744890607,-0.09549349987025135,-0.040000000000000036,-0.3329905289296152,0.26828300729517235,0.26849390340046436,0.20231780718972456,1.0,0.0,0.8951590876275715,-0.09549349987025135,-0.5685557251034418,-0.040000000000000036,-0.06000000000000005,0.17999999999999994,-0.03797468354430378,0.13432835820895517
2021-10-15,165.35000610351562,167.1699981689453,164.13999938964844,166.61000061035156,147.90365600585938,14267400.0,16.299999237060547,1.59,0.019208578794393638,0.019026422984789706,-0.033214789621489715,0.07000000000000006,-0.05992040482842231,0.32986755276863916,0.2745154694603296,0.2034382726124077,1.0,0.0,0.9027740094632396,-0.033214789621489715,-0.569986003656259,0.07000000000000006,-0.020000000000000018,0.21999999999999997,-0.012422360248447228,0.16058394160583944
2021-10-18,166.47999572753906,168.61000061035156,165.91000366210938,166.5500030517578,147.85037231445312,12672900.0,16.309999465942383,1.59,-0.0003602594610923049,-0.0003603243701218209,0.0006135110030618396,0.0,-0.11175827410740569,0.2934998633155083,0.24510974432324087,0.20334301957871997,1.0,0.0,0.9026380259372949,0.0006135110030618396,-0.432043535317703,0.0,-0.020000000000000018,0.28,-0.012422360248447228,0.2137404580152671
2021-10-19,167.39999389648438,168.64999389648438,166.5800018310547,168.57000732421875,149.6436004638672,8053900.0,15.699999809265137,1.65,0.012128668473016413,0.01205570554321578,-0.037400348047283094,0.05999999999999983,-0.364478532932478,0.2947862094792675,0.24590779471315613,0.20419348631760192,1.0,0.0,0.910932826498378,-0.037400348047283094,-0.443808717071562,0.05999999999999983,0.05999999999999983,0.31999999999999984,0.037735849056603765,0.24060150375939826
2021-10-20,168.3000030517578,170.8699951171875,167.4600067138672,170.83999633789062,151.65867614746094,8185600.0,15.489999771118164,1.65,0.013465832667400424,0.013375974123986943,-0.013375798770586256,0.0,0.016352326202212497,0.11620824702247622,0.24251586836035083,0.20543241122074196,1.0,0.0,0.9137884157027022,-0.013375798770586256,-0.40162358210607463,0.0,0.08999999999999986,0.32999999999999985,0.05769230769230771,0.24999999999999978
2021-10-21,170.75999450683594,171.3300018310547,168.67999267578125,169.5,150.46914672851562,8415200.0,15.010000228881836,1.68,-0.007843464344820639,-0.00787438610656999,-0.03098770492762115,0.030000000000000027,0.028049257232212632,0.17497467981199227,0.2217499545124508,0.20644789919099174,1.0,0.0,0.9203154693308129,-0.03098770492762115,-0.30281657882853114,0.030000000000000027,0.15999999999999992,0.27,0.10526315789473673,0.1914893617021276
2021-10-22,170.02999877929688,172.08999633789062,169.6999969482422,171.77999877929688,152.49319458007812,8817900.0,15.43000030517578,1.66,0.013451580576943067,0.013361911300939033,0.02798135042568428,-0.020000000000000018,0.04785388344899699,0.1543513568008421,0.22282632777239147,0.20734089575326795,1.0,0.0,0.9146042909221647,0.02798135042568428,-0.26710839151972965,-0.020000000000000018,0.06999999999999984,0.18999999999999995,0.04402515723270439,0.12925170068027203
2021-10-25,172.7100067138672,172.9600067138672,170.47999572753906,170.94000244140625,151.74746704101562,10159200.0,15.239999771118164,1.64,-0.004890234879766364,-0.004902231204231975,-0.012313709027852893,-0.020000000000000018,0.152111046847889,0.16902039564424762,0.20995488530939044,0.20679608058867774,1.0,0.0,0.9171879260427023,-0.012313709027852893,-0.35992534639944535,-0.020000000000000018,0.04999999999999982,0.15999999999999992,0.03144654088050314,0.10810810810810811
2021-10-26,171.0,172.49000549316406,170.5399932861328,171.39999389648438,152.1558380126953,8015100.0,15.979999542236328,1.63,0.0026911221626473303,0.0026875075768093433,0.04855641615694517,-0.010000000000000009,-0.21105008268367587,0.1578060097816154,0.20839873971984724,0.206406383965165,1.0,0.0,0.9071253785486467,0.04855641615694517,-0.39667193678378687,-0.010000000000000009,-0.020000000000000018,0.08999999999999986,-0.012121212121212088,0.058441558441558294
2021-10-27,170.32000732421875,170.6999969482422,167.33999633789062,167.8300018310547,148.9866485595703,9847000.0,16.979999542236328,1.54,-0.02082857611326472,-0.02104855077211763,0.0625782245710913,-0.08999999999999986,0.2285561003605694,0.2026173137738039,0.22368421919053738,0.2109051950179708,1.0,0.0,0.8935273371886465,0.0625782245710913,-0.4740510622678026,-0.08999999999999986,-0.10999999999999988,-0.010000000000000009,-0.06666666666666654,-0.006451612903225823
2021-10-28,168.3000030517578,170.50999450683594,167.9600067138672,170.36000061035156,151.23263549804688,7212900.0,16.530000686645508,1.57,0.015075088675335468,0.014962588747918386,-0.026501700101433157,0.030000000000000027,-0.2675027927287499,0.23432953995607284,0.2220541151202227,0.21100284311112089,1.0,0.0,0.8996464402389233,-0.026501700101433157,-0.45205316866821704,0.030000000000000027,-0.10999999999999988,0.050000000000000044,-0.06547619047619035,0.03289473684210531
2021-10-29,171.17999267578125,172.24000549316406,169.38999938964844,169.88999938964844,150.81536865234375,8140100.0,16.260000228881836,1.55,-0.0027591058261264845,-0.002762919174509335,-0.01633396530841069,-0.020000000000000018,0.1285474635722108,0.2071802953931871,0.21151863664956963,0.2100905526229271,1.0,0.0,0.9033179176308127,-0.01633396530841069,-0.3863281702119395,-0.020000000000000018,-0.10999999999999988,0.07000000000000006,-0.06626506024096379,0.04729729729729737
2021-11-01,172.0399932861328,172.3300018310547,169.00999450683594,169.8000030517578,150.73545837402344,7435500.0,16.40999984741211,1.58,-0.0005298550077116326,-0.0005299954304808937,0.009225068660444258,0.030000000000000027,-0.08655913318018205,0.20592592813327082,0.21145212681692854,0.20292037531117632,1.0,0.0,0.9012782166140537,0.009225068660444258,-0.4186086528094179,0.030000000000000027,-0.05999999999999983,0.09000000000000008,-0.03658536585365846,0.06040268456375841
2021-11-02,169.8000030517578,171.69000244140625,168.9199981689453,170.47000122070312,151.33026123046875,7173800.0,16.030000686645508,1.56,0.003946004894013866,0.003938239837300186,-0.023156560895795986,-0.020000000000000018,-0.03519601909757242,0.20765057711428486,0.20423257748851956,0.202923942501577,1.0,0.0,0.9064454609189234,-0.023156560895795986,-0.369254735291196,-0.020000000000000018,-0.06999999999999984,0.020000000000000018,-0.04294478527607348,0.012987012987013102
2021-11-03,170.1300048828125,171.1300048828125,169.14999389648438,170.52999877929688,151.38352966308594,8402700.0,15.100000381469728,1.6,0.0003520011938396017,0.0003519392559537497,-0.05801623614093521,0.040000000000000036,0.17130391145557455,0.1112586406415337,0.20414550918855295,0.2016905643252939,1.0,0.0,0.9190916435335165,-0.05801623614093521,-0.35822680397915935,0.040000000000000036,0.06000000000000005,0.07000000000000006,0.038961038961039085,0.045751633986928164
2021-11-04,170.0,170.1999969482422,166.49000549316406,168.2899932861328,149.3949737548828,9574200.0,15.4399995803833,1.53,-0.013135880188741678,-0.013222918923433618,0.022516502670477445,-0.07000000000000006,0.1394194723124711,0.10303169267575725,0.2084313116844069,0.20259806200343275,1.0,0.0,0.9144683203643227,0.022516502670477445,-0.37204690165096277,-0.07000000000000006,-0.040000000000000036,-0.050000000000000044,-0.02547770700636942,-0.03164556962025322
2021-11-05,168.89999389648438,170.08999633789062,167.41000366210938,168.0500030517578,149.18194580078125,7975600.0,16.479999542236328,1.45,-0.001425937893004936,-0.001426955509929684,0.06735751231330078,-0.08000000000000007,-0.16696956403668195,0.10320847739700781,0.20839571185908903,0.20254635776749644,1.0,0.0,0.9003263578686467,0.06735751231330078,-0.3504564595719439,-0.08000000000000007,-0.10000000000000009,-0.16000000000000014,-0.06451612903225812,-0.09937888198757772
2021-11-08,169.0500030517578,170.9199981689453,168.74000549316406,169.05999755859375,150.0785369873047,6413700.0,17.219999313354492,1.51,0.006010051562946872,0.005992063240898897,0.044902899980162614,0.06000000000000005,-0.195834796128191,0.11895424558392129,0.19463747132161846,0.20126766157891102,1.0,0.0,0.8902638103745911,0.044902899980162614,-0.20621444998286084,0.06000000000000005,-0.07000000000000006,-0.10000000000000009,-0.044303797468354444,-0.06211180124223603
2021-11-09,167.35000610351562,168.47000122070312,166.60000610351562,167.77999877929688,148.9422607421875,7990300.0,17.780000686645508,1.46,-0.007571210833520525,-0.007600017945521062,0.03252040624976815,-0.050000000000000044,0.2458175468138517,0.11774757067550307,0.1945741997197907,0.2014421400902047,1.0,0.0,0.882648888538923,0.03252040624976815,-0.23510079477526727,-0.050000000000000044,-0.10000000000000009,-0.13000000000000012,-0.06410256410256421,-0.08176100628930827
2021-11-10,167.4499969482422,168.9499969482422,167.08999633789062,167.6199951171875,148.8002471923828,6999200.0,18.729999542236328,1.56,-0.000953480557479347,-0.0009539354092172698,0.05343075471894454,0.10000000000000009,-0.12403789594883796,0.11562481615925158,0.1657242903542283,0.19961698640507053,1.0,0.0,0.8697307648086461,0.05343075471894454,-0.4831205615259823,0.10000000000000009,-0.040000000000000036,0.0,-0.025000000000000022,0.0
2021-11-11,167.52000427246094,168.67999267578125,166.89999389648438,167.61000061035156,148.7913818359375,5815300.0,17.65999984741211,1.56,-5.957890939423116e-05,-5.95806842879513e-05,-0.057127587879079234,0.0,-0.16914790261744195,0.07668261834362981,0.15827840749896474,0.19847197720737442,1.0,0.0,0.8842806649140534,-0.057127587879079234,-0.3635231477835901,0.0,0.030000000000000027,0.040000000000000036,0.019607843137254832,0.026315789473684292
2021-11-12,167.64999389648438,167.74000549316406,165.72000122070312,166.86000061035156,148.1255645751953,8113400.0,16.290000915527344,1.58,-0.00447483753781075,-0.004484879592211705,-0.07757638412921752,0.020000000000000018,0.395181675923856,0.08117476554213568,0.1446749372874112,0.19781420086183865,1.0,0.0,0.9029099670529787,-0.07757638412921752,-0.22489136345011326,0.020000000000000018,0.13000000000000012,-0.010000000000000009,0.08965517241379328,-0.0062893081761006275
2021-11-15,167.2100067138672,167.7899932861328,166.0,166.55999755859375,147.85922241210938,6492500.0,16.489999771118164,1.63,-0.001798083699122266,-0.00179970219203159,0.012277399898743102,0.04999999999999982,-0.1997806098553011,0.04869368943558129,0.14482251929463055,0.19789884817117478,1.0,0.0,0.900190374342702,0.012277399898743102,-0.22709761404505283,0.04999999999999982,0.11999999999999988,0.039999999999999813,0.07947019867549665,0.025157232704402288
2021-11-16,167.05999755859375,167.07000732421875,165.1199951171875,165.36000061035156,146.7939910888672,9706100.0,16.3700008392334,1.63,-0.007204361729112874,-0.007230438462704775,-0.007277072986680122,0.0,0.4949711205236811,0.046505929555798714,0.1396214455030985,0.1972175921038784,1.0,0.0,0.9018221247816268,-0.007277072986680122,-0.16075635239368172,0.0,0.16999999999999993,-0.020000000000000018,0.11643835616438358,-0.012121212121212088
2021-11-17,165.2100067138672,165.55999755859375,163.38999938964844,164.47000122070312,146.00393676757812,9909600.0,17.110000610351562,1.6,-0.005382061727654652,-0.005396597199203529,0.04520462633970257,-0.029999999999999805,0.020966196515593394,0.045442323065481544,0.12959555606791906,0.19734605488984008,1.0,0.0,0.8917595772875714,0.04520462633970257,-0.15466101708814275,-0.029999999999999805,0.040000000000000036,-0.04999999999999982,0.025641025641025772,-0.030303030303030165
2021-11-18,164.38999938964844,164.85000610351562,162.55999755859375,163.0500030517578,144.74334716796875,8122500.0,17.59000015258789,1.59,-0.0086339425327695,-0.008671430952479667,0.028053741970408108,-0.010000000000000009,-0.18034027609590697,0.041837970659311004,0.130112752361196,0.19397953734129025,1.0,0.0,0.8852325236594606,0.028053741970408108,-0.21245579692171485,-0.010000000000000009,0.030000000000000027,-0.08999999999999986,0.019230769230769162,-0.05357142857142849
2021-11-19,161.3000030517578,162.11000061035156,159.4499969482422,160.9199981689453,142.8524932861328,12193600.0,17.90999984741211,1.54,-0.013063494238817586,-0.013149572153735894,0.01819213712611245,-0.050000000000000044,0.5012126808248691,0.06639200841356589,0.12257403163040093,0.19565178924483045,1.0,0.0,0.8808811545740535,0.01819213712611245,-0.29380087725634735,-0.050000000000000044,-0.040000000000000036,-0.11999999999999988,-0.025316455696202556,-0.07228915662650592
2021-11-22,164.16000366210938,165.97999572753906,162.99000549316406,164.35000610351562,145.89736938476562,14549900.0,19.170000076293945,1.63,0.021314826424022826,0.02109084270404559,0.07035177217290145,0.08999999999999986,0.19324071644141183,0.21571934288192746,0.14969582095729692,0.19972995504810087,1.0,0.0,0.8637476193481085,0.07035177217290145,-0.0542013956405553,0.08999999999999986,0.0,-0.010000000000000009,0.0,-0.0060975609756097615
2021-11-23,165.5,168.55999755859375,165.3699951171875,168.27999877929688,149.3861541748047,12354400.0,19.3799991607666,1.67,0.023912595578322815,0.023631167093751442,0.010954568786483598,0.040000000000000036,-0.15089450786603342,0.277145796719289,0.17470203033005804,0.20241899228421567,1.0,0.0,0.8608920431118872,0.010954568786483598,-0.06551901994755191,0.040000000000000036,0.040000000000000036,0.040000000000000036,0.024539877300613577,0.024539877300613577
2021-11-24,168.4600067138672,169.44000244140625,166.44000244140625,166.9600067138672,148.21434020996094,9629800.0,18.57999992370605,1.64,-0.007844193936959787,-0.007875121466748736,-0.04127963218285846,-0.030000000000000027,-0.22053681279544135,0.2826624026117345,0.16022830290259057,0.2030604927548473,1.0,0.0,0.8717704658254051,-0.04127963218285846,0.10617083404198592,-0.030000000000000027,0.039999999999999813,0.09999999999999987,0.02499999999999991,0.06493506493506485
2021-11-26,162.13999938964844,162.64999389648438,158.82000732421875,161.92999267578125,143.74908447265625,13619300.0,28.6200008392334,1.48,-0.030127015584181627,-0.030590159959827827,0.5403660364237894,-0.15999999999999992,0.414286901077904,0.3692691801338001,0.18282445177734782,0.212988206686703,1.0,0.0,0.7352461181216243,0.5403660364237894,-0.4832645969276455,-0.15999999999999992,-0.1100000000000001,-0.09000000000000008,-0.06918238993710701,-0.05732484076433131
2021-11-29,163.30999755859375,164.77999877929688,159.82000732421875,161.22999572753906,143.12771606445312,12104400.0,22.959999084472656,1.52,-0.004322590369758683,-0.004331959773321792,-0.19776385705068866,0.040000000000000036,-0.11123185479429931,0.35665183528272304,0.1829349123574586,0.21300783278546329,1.0,0.0,0.8122110560805346,-0.19776385705068866,-0.4344871430493288,0.040000000000000036,-0.020000000000000018,-0.030000000000000027,-0.012987012987012991,-0.01935483870967747
2021-11-30,159.16000366210938,160.6300048828125,158.2899932861328,158.8300018310547,140.99716186523438,18922600.0,27.190000534057617,1.43,-0.014885685720432473,-0.014997589437761083,0.1842335199588756,-0.09000000000000008,0.5632827732064374,0.31414582846743944,0.18788819306417437,0.21490473985200398,1.0,0.0,0.7546913214162174,0.1842335199588756,-0.46680967340051943,-0.09000000000000008,-0.19999999999999996,-0.15000000000000013,-0.12269938650306744,-0.09493670886075956
2021-12-01,161.0,163.27000427246094,157.8000030517578,157.88999938964844,140.1626739501953,12253400.0,31.1200008392334,1.43,-0.005918473138038505,-0.005936056713118914,0.14453844163236207,0.0,-0.35244628116643595,0.1710437813406046,0.18607603379703794,0.21522367150017885,1.0,0.0,0.7012510147216238,0.14453844163236207,-0.46029503950690476,0.0,-0.24,-0.13000000000000012,-0.14371257485029942,-0.08333333333333337
2021-12-02,159.8300018310547,163.25,158.8000030517578,161.2100067138672,143.1099090576172,12969900.0,27.950000762939453,1.44,0.021027246586841963,0.020809225003581205,-0.10186375291794603,0.010000000000000009,0.05847356652031266,0.29720327011592973,0.20534947249159952,0.2191992074772949,1.0,0.0,0.7443568068702726,-0.10186375291794603,-0.498480498153584,0.010000000000000009,-0.19999999999999996,-0.16000000000000014,-0.12195121951219512,-0.10000000000000009
2021-12-03,161.5,161.8300018310547,157.19000244140625,158.2899932861328,140.5177459716797,12681800.0,30.670000076293945,1.35,-0.01811309295776209,-0.018279143204545694,0.09731660962818656,-0.08999999999999986,-0.02221297003060929,0.24370089856291494,0.2094925240266824,0.22233385743368414,1.0,0.0,0.7073701437081061,0.09731660962818656,-0.5159656071579157,-0.08999999999999986,-0.1299999999999999,-0.17999999999999994,-0.08783783783783772,-0.11764705882352933
2021-12-06,161.00999450683594,162.61000061035156,159.4600067138672,160.16000366210938,142.17784118652344,11186500.0,27.18000030517578,1.43,0.011814132110960163,0.011744890075014131,-0.11379197138690988,0.07999999999999985,-0.11790912961882383,0.26991217968864734,0.2159741151099584,0.22228519111241002,1.0,0.0,0.7548273049421621,-0.11379197138690988,-0.5452274021138098,0.07999999999999985,-0.09000000000000008,-0.020000000000000018,-0.05921052631578949,-0.01379310344827589
2021-12-07,161.8800048828125,163.38999938964844,161.16000366210938,162.57000732421875,144.3172607421875,9851600.0,21.88999938964844,1.48,0.015047489382381096,0.014935398968094865,-0.19462843473625668,0.050000000000000044,-0.11933133687927411,0.25781509807293135,0.2228105289342457,0.22204723906742718,1.0,0.0,0.8267609561859419,-0.19462843473625668,-0.5940704728752989,0.050000000000000044,0.050000000000000044,-0.030000000000000027,0.034965034965035,-0.019867549668874163
2021-12-08,162.66000366210938,163.27000427246094,160.1699981689453,160.7100067138672,142.66610717773438,11705700.0,19.899999618530277,1.52,-0.011441137088950115,-0.011507090434648369,-0.0909090829878787,0.040000000000000036,0.18820293150351208,0.27471286610555556,0.22454775236049423,0.22028167121583783,1.0,0.0,0.8538210553799976,-0.0909090829878787,-0.5560002769877683,0.040000000000000036,0.09000000000000008,0.06000000000000005,0.06293706293706292,0.041095890410958846
2021-12-09,159.64999389648438,160.92999267578125,158.64999389648438,160.4600067138672,142.4441680908203,11189600.0,21.57999992370605,1.49,-0.0015556539062047126,-0.0015568651921334384,0.08442212750654576,-0.030000000000000027,-0.044089631547024055,0.2280665001803003,0.22451526197653512,0.21990881195532702,1.0,0.0,0.8309763417454045,0.08442212750654576,-0.5543620242006598,-0.030000000000000027,0.050000000000000044,-0.07000000000000006,0.03472222222222232,-0.044871794871794934
2021-12-10,161.32000732421875,161.6999969482422,159.1300048828125,159.82000732421875,141.8759765625,10405400.0,18.690000534057617,1.48,-0.003988871822102502,-0.003996848590579861,-0.1339202687611557,-0.010000000000000009,-0.07008293415314215,0.17629165345866737,0.22445641989238113,0.22008345344457875,1.0,0.0,0.8702746729762192,-0.1339202687611557,-0.5352099169538513,-0.010000000000000009,0.1299999999999999,-0.08000000000000007,0.0962962962962961,-0.05128205128205132
2021-12-13,159.5,159.7899932861328,157.27999877929688,157.9199981689453,140.1892852783203,12069000.0,20.309999465942383,1.42,-0.011888491096564535,-0.011959724340261574,0.08667730795045947,-0.06000000000000005,0.15987852461222052,0.17339489062676955,0.22694079353982644,0.22143877055939082,1.0,0.0,0.848245860497294,0.08667730795045947,-0.5507589355550878,-0.06000000000000005,-0.010000000000000009,-0.16000000000000014,-0.006993006993006978,-0.10126582278481022
2021-12-14,157.4499969482422,160.88999938964844,157.3000030517578,159.1300048828125,141.26345825195312,12563600.0,21.88999938964844,1.44,0.007662304372978657,0.007633098015949203,0.07779418834331064,0.020000000000000018,0.040981025768497714,0.12813848095827057,0.22991707103287348,0.21259197377103287,1.0,0.0,0.8267609561859419,0.07779418834331064,-0.5298435206564094,0.020000000000000018,-0.040000000000000036,-0.18999999999999995,-0.027027027027027084,-0.1165644171779141
2021-12-15,159.85000610351562,159.85000610351562,157.35000610351562,157.94000244140625,140.2071075439453,14014200.0,19.290000915527344,1.47,-0.007477876593702915,-0.007505976083533228,-0.11877563027025984,0.030000000000000027,0.1154605367888184,0.11654005317813818,0.2299977966952991,0.2132634238752671,1.0,0.0,0.862115842972978,-0.11877563027025984,-0.5067070009331506,0.030000000000000027,-0.050000000000000044,-0.15999999999999992,-0.03289473684210531,-0.09815950920245398
2021-12-16,160.38999938964844,161.82000732421875,158.6999969482422,160.41000366210938,142.39974975585938,19542800.0,20.56999969482422,1.44,0.015638595291803004,0.015517572579839342,0.0663555582450257,-0.030000000000000027,0.3944998644232278,0.18001812175423146,0.23809626322105865,0.2121090639850985,1.0,0.0,0.8447103666313494,0.0663555582450257,-0.46993066811544654,-0.030000000000000027,-0.050000000000000044,-0.16000000000000014,-0.033557046979865834,-0.10000000000000009
2021-12-17,159.32000732421875,159.3800048828125,155.17999267578125,156.75999450683594,139.15957641601562,28082000.0,21.56999969482422,1.41,-0.02275406624940668,-0.023016935227841193,0.04861448783840361,-0.030000000000000027,0.4369486460486727,0.24508876021405857,0.24921279931145304,0.20635832327955153,1.0,0.0,0.831112325271349,0.04861448783840361,-0.4598009168435584,-0.030000000000000027,-0.07000000000000006,-0.18000000000000016,-0.04729729729729737,-0.1132075471698114
2021-12-20,154.50999450683594,154.6999969482422,151.83999633789062,153.94000244140625,136.65615844726562,15148000.0,22.8700008392334,1.43,-0.017989548640663156,-0.01815332775219185,0.06026894588789067,0.020000000000000018,-0.4605797307884054,0.26137687021811984,0.25279787049900804,0.20802545789084775,1.0,0.0,0.8134348559416255,0.06026894588789067,-0.4657491390937102,0.020000000000000018,0.010000000000000009,-0.1100000000000001,0.007042253521126751,-0.07142857142857151
2021-12-21,155.41000366210938,157.17999267578125,155.08999633789062,156.08999633789062,138.56483459472656,11291300.0,21.01000022888184,1.48,0.0139669969443601,0.013870357247163756,-0.08132927599900808,0.050000000000000044,-0.25460126749405865,0.2833540054107827,0.24515180446152432,0.20391292886773377,1.0,0.0,0.8387272211708117,-0.08132927599900808,-0.534905029622123,0.050000000000000044,0.040000000000000036,-0.1499999999999999,0.0277777777777779,-0.09202453987730053
2021-12-22,155.75,157.05999755859375,155.24000549316406,156.6999969482422,139.10626220703125,7273000.0,18.6299991607666,1.46,0.003907395508306655,0.0038997814660822142,-0.11327944037066306,-0.020000000000000018,-0.3558757627553958,0.285662403766125,0.2264661081947534,0.20395075200029497,1.0,0.0,0.8710905741318873,-0.11327944037066306,-0.58905265045635,-0.020000000000000018,-0.010000000000000009,-0.20999999999999996,-0.006802721088435382,-0.12574850299401197
2021-12-23,157.61000061035156,159.1199951171875,157.2100067138672,157.25999450683594,139.6033935546875,8055200.0,17.959999084472656,1.5,0.0035737524664156695,0.003567381786713278,-0.035963505446898525,0.040000000000000036,0.10754846693248998,0.25112051521122,0.2272186910445139,0.2041533419150219,1.0,0.0,0.8802012628805357,-0.035963505446898525,-0.5995444060473932,0.040000000000000036,0.06000000000000005,-0.1399999999999999,0.04166666666666674,-0.08536585365853655
2021-12-27,157.60000610351562,158.1999969482422,156.33999633789062,158.16000366210938,140.4023895263672,6188100.0,17.68000030517578,1.48,0.005723327716719906,0.00570701170164264,-0.015590133272275541,-0.020000000000000018,-0.23178816168437777,0.18893730730022607,0.20410039222505974,0.20278036221428125,1.0,0.0,0.8840086978621642,-0.015590133272275541,-0.44051202255785216,-0.020000000000000018,0.07000000000000006,0.0,0.049645390070921946,0.0
2021-12-28,158.1999969482422,160.14999389648438,158.0800018310547,158.63999938964844,140.82847595214844,6342300.0,17.540000915527344,1.49,0.003034751952716741,0.003030156388260759,-0.007918517377369816,0.010000000000000009,0.024918795753139156,0.07151275068296536,0.20426436824271796,0.19803391753484104,1.0,0.0,0.8859124153529784,-0.007918517377369816,-0.49722362773183254,0.010000000000000009,0.06000000000000005,-0.030000000000000027,0.04195804195804209,-0.019736842105263164
2021-12-29,158.85000610351562,159.6300048828125,158.14999389648438,158.55999755859375,140.75746154785156,6398900.0,16.950000762939453,1.55,-0.0005042616829923352,-0.0005043888656721676,-0.03363740717171748,0.06000000000000005,0.008924207306497678,0.03606266493075451,0.19727153878184803,0.19803358414402697,1.0,0.0,0.8939352618302749,-0.03363740717171748,-0.4421828272617484,0.06000000000000005,0.07000000000000006,0.1200000000000001,0.04729729729729737,0.08391608391608396
2021-12-30,159.11000061035156,160.24000549316406,158.3699951171875,158.47999572753906,140.6864471435547,6948200.0,17.329999923706055,1.52,-0.000504516091125562,-0.0005046434021907857,0.02241882853465449,-0.030000000000000027,0.08584287924487022,0.043087938838911065,0.19607340617255717,0.19485768485328311,1.0,0.0,0.8887680175254054,0.02241882853465449,-0.4344606155230996,-0.030000000000000027,0.06000000000000005,0.09000000000000008,0.041095890410958846,0.06293706293706292
2021-12-31,158.4499969482422,159.2899932861328,157.9600067138672,158.35000610351562,140.571044921875,5805900.0,17.219999313354492,1.52,-0.000820279593541362,-0.0008206162069378074,-0.006347409742402221,0.0,-0.1644022912408969,0.045865756081536965,0.1802975161401526,0.19474644955023032,1.0,0.0,0.8902638103745911,-0.006347409742402221,-0.39374570146190246,0.0,0.020000000000000018,0.08000000000000007,0.01333333333333342,0.05555555555555558
2022-01-03,159.86000061035156,162.63999938964844,159.50999450683594,161.6999969482422,143.54493713378906,13120900.0,16.600000381469727,1.63,0.021155795018574786,0.020935118157410892,-0.03600458516882421,0.10999999999999988,1.2599252484541585,0.14862946508608205,0.18384718296723837,0.19937053848348402,1.0,0.0,0.8986945814935161,-0.03600458516882421,-0.29988664979238355,0.10999999999999988,0.1499999999999999,0.2799999999999998,0.10135135135135132,0.20740740740740726
2022-01-04,164.30999755859375,168.5800018310547,164.22999572753906,167.8300018310547,148.9866485595703,20195800.0,16.90999984741211,1.66,0.03790946260061667,0.037208558011441135,0.018674666193889244,0.030000000000000027,0.5392084384455336,0.2737702022912162,0.22177225111221846,0.21407334304866085,1.0,0.0,0.8944791959340537,0.018674666193889244,-0.14133922147912462,0.030000000000000027,0.16999999999999993,0.22999999999999998,0.11409395973154357,0.16083916083916083
2022-01-05,167.82000732421875,168.36000061035156,163.72999572753906,163.77999877929688,146.26284790039062,17539400.0,19.729999542236328,1.71,-0.01828217954772382,-0.01845136380272627,0.16676521113368237,0.050000000000000044,-0.13153229879479889,0.3432098995090835,0.22819298639889266,0.21297139283191677,1.0,0.0,0.856132723448646,0.16676521113368237,-0.18692616990767785,0.050000000000000044,0.15999999999999992,0.22999999999999998,0.10322580645161294,0.15540540540540548
2022-01-06,166.91000366210938,167.3699951171875,163.8699951171875,165.52000427246094,147.8167724609375,14047500.0,19.61000061035156,1.73,0.010624191876840383,0.010568151721793087,-0.0060820544687740785,0.020000000000000018,-0.1990889084005154,0.3355035380172607,0.22601301470767607,0.2135078691134419,1.0,0.0,0.8577644738875709,-0.0060820544687740785,-0.25288904294998754,0.020000000000000018,0.20999999999999996,0.20999999999999996,0.13815789473684204,0.13815789473684204
2022-01-07,165.6699981689453,167.52999877929688,165.05999755859375,167.16000366210938,149.2813720703125,13913300.0,18.76000022888184,1.76,0.009908209907384169,0.009859445443396692,-0.04334525012819368,0.030000000000000027,-0.009553301299163541,0.32233681522790125,0.22741059246899023,0.20692940384279143,1.0,0.0,0.869322814230812,-0.04334525012819368,-0.258141295668081,0.030000000000000027,0.24,0.27,0.1578947368421053,0.18120805369127524
2022-01-10,169.07000732421875,169.30999755859375,165.52999877929688,167.32000732421875,149.4242706298828,12922500.0,19.399999618530277,1.78,0.0009572430745277138,0.0009567852095446079,0.03411510564179698,0.020000000000000018,-0.07121243702069247,0.31872500657601893,0.22625548848066498,0.20471326606762516,1.0,0.0,0.8606200760599978,0.03411510564179698,-0.3309261318213976,0.020000000000000018,0.15000000000000013,0.30000000000000004,0.09202453987730075,0.20270270270270263
2022-01-11,168.25999450683594,168.52000427246094,166.30999755859375,167.49000549316406,149.57608032226562,11854100.0,18.40999984741211,1.75,0.0010159640849700668,0.0010154483427465845,-0.0510309170404597,-0.030000000000000027,-0.08267750048365252,0.18583615482756471,0.21978266039998084,0.20104144108045482,1.0,0.0,0.8740821338940533,-0.0510309170404597,-0.27271603175306425,-0.030000000000000027,0.09000000000000008,0.33000000000000007,0.054216867469879526,0.23239436619718323
2022-01-12,168.4600067138672,169.58999633789062,167.17999267578125,168.44000244140625,150.42449951171875,12568000.0,17.6200008392334,1.74,0.005672158192842058,0.005656132076777869,-0.04291140764402346,-0.010000000000000009,0.06022388878109686,0.07335220380938832,0.21937026427171458,0.20134930175983667,1.0,0.0,0.8848245730816265,-0.04291140764402346,-0.3084029640920532,-0.010000000000000009,0.030000000000000027,0.30000000000000004,0.01754385964912286,0.20833333333333348
2022-01-13,168.33999633789062,169.80999755859375,167.88999938964844,168.22999572753906,150.2369384765625,13623400.0,20.309999465942383,1.7,-0.0012468782396821698,-0.0012476562391354345,0.15266733817170586,-0.040000000000000036,0.08397517504774021,0.07097307129682723,0.21644672256285008,0.19986872995781685,1.0,0.0,0.848245860497294,0.15266733817170586,-0.403959003385425,-0.040000000000000036,-0.030000000000000027,0.22999999999999998,-0.017341040462427793,0.15646258503401356
2022-01-14,160.75999450683594,161.02999877929688,156.89999389648438,157.88999938964844,141.00282287597656,40158400.0,19.190000534057617,1.78,-0.061463683260734814,-0.06343372712540142,-0.05514519750543956,0.08000000000000007,1.94775166258056,0.46338361586739346,0.3164263492779872,0.23662877501412727,1.0,0.0,0.8634756522962191,-0.05514519750543956,-0.17949793018512372,0.08000000000000007,0.020000000000000018,0.3400000000000001,0.011363636363636465,0.23611111111111116
2022-01-18,155.77999877929688,155.77999877929688,150.5399932861328,151.27000427246094,135.09088134765625,32324800.0,22.790000915527344,1.87,-0.04192782390974081,-0.04283216346272904,0.18759772179685963,0.09000000000000008,-0.19506753257101872,0.4930811714819734,0.34192415397445375,0.2512262906112782,1.0,0.0,0.8145226982129773,0.18759772179685963,-0.3457859094591586,0.09000000000000008,0.09000000000000008,0.4600000000000002,0.050561797752809,0.3262411347517733
2022-01-19,151.57000732421875,152.22999572753906,148.5500030517578,148.92999267578125,133.00119018554688,22380000.0,23.850000381469727,1.83,-0.015468780285262662,-0.015589670166806607,0.04651160260463971,-0.040000000000000036,-0.3076523288620502,0.46119848916393935,0.3403840906698531,0.25077096099185264,1.0,0.0,0.8001087816335146,0.04651160260463971,-0.3388737467944611,-0.040000000000000036,0.08000000000000007,0.40000000000000013,0.04571428571428582,0.2797202797202798
2022-01-20,148.99000549316406,150.61000061035156,147.36000061035156,147.66000366210938,131.8670196533203,14860800.0,25.59000015258789,1.83,-0.008527521675891103,-0.008564089023160032,0.07295596407914773,0.0,-0.33597855227882034,0.4131273309437857,0.3363658883117883,0.2510466874737367,1.0,0.0,0.7764481927794589,0.07295596407914773,-0.31758568273456544,0.0,0.09000000000000008,0.3500000000000001,0.051724137931034475,0.23648648648648662
2022-01-21,147.5,147.50999450683594,144.27000427246094,145.0800018310547,129.56292724609375,20705400.0,28.850000381469727,1.75,-0.0174728481259685,-0.01762730012537656,0.12739352127562054,-0.08000000000000007,0.3932897286821706,0.3638999585284004,0.3396167820484981,0.2527552524568142,1.0,0.0,0.7321185748335135,0.12739352127562054,-0.3450038132103934,-0.08000000000000007,0.050000000000000044,0.29000000000000004,0.02941176470588247,0.1986301369863015
2022-01-24,142.27999877929688,145.47999572753906,139.57000732421875,144.9499969482422,129.44683837890625,28471400.0,29.899999618530277,1.75,-0.0008960037385308262,-0.0008964053898191834,0.03639512038741466,0.0,0.3750712374549634,0.2510132699390104,0.33874391806598,0.24985717024192985,1.0,0.0,0.7178406417799954,0.03639512038741466,-0.3365641062324142,0.0,-0.030000000000000027,0.25,-0.016853932584269704,0.16666666666666674
2022-01-25,143.64999389648438,146.85000610351562,140.7899932861328,146.52999877929688,130.85789489746094,18915900.0,31.15999984741211,1.78,0.010900664212627253,0.010841680228432819,0.04214047641997154,0.030000000000000027,-0.33561749685649456,0.18491336600584382,0.3411324742620011,0.24877847277101464,1.0,0.0,0.7007071065540507,0.04214047641997154,-0.31756667884984296,0.030000000000000027,-0.09000000000000008,0.30000000000000004,-0.048128342245989386,0.20270270270270263
2022-01-26,148.72000122070312,150.57000732421875,145.9600067138672,147.9199981689453,132.09921264648438,20709100.0,31.959999084472656,1.85,0.00948599815086526,0.009441288591221658,0.025673916591080648,0.07000000000000006,0.09479855571239004,0.19153100345949026,0.3435159480516313,0.24995935955849274,1.0,0.0,0.6898286838405328,0.025673916591080648,-0.3121710176395119,0.07000000000000006,0.020000000000000018,0.3600000000000001,0.010928961748633892,0.24161073825503365
2022-01-27,149.4199981689453,150.3800048828125,144.1300048828125,145.30999755859375,129.76832580566406,17536800.0,30.489999771118164,1.81,-0.017644971488649852,-0.017802499803850784,-0.04599497357522364,-0.040000000000000036,-0.15318386602990952,0.22219450678949548,0.34718407915773897,0.2519624249654935,1.0,0.0,0.709817795302699,-0.04599497357522364,-0.2636574838968691,-0.040000000000000036,-0.020000000000000018,0.26,-0.010928961748633892,0.16774193548387095
2022-01-28,144.19000244140625,146.75999450683594,142.1699981689453,146.61000061035156,130.9292755126953,14117000.0,27.65999984741211,1.78,0.008946325690984525,0.008906544407464695,-0.09281731534766324,-0.030000000000000027,-0.1950070708453081,0.1914390065956035,0.3500591936162795,0.25270897082435495,1.0,0.0,0.7483002513140513,-0.09281731534766324,-0.2905979963416958,-0.030000000000000027,0.030000000000000027,0.26,0.017142857142857126,0.17105263157894735
2022-01-31,145.63999938964844,148.7899932861328,144.6699981689453,148.60000610351562,132.7064666748047,13985700.0,24.82999992370605,1.79,0.01357367292494538,0.013482375856512805,-0.10231380836290338,0.010000000000000009,-0.009300842955302091,0.2040681179578476,0.35520593955674684,0.2547471683399092,1.0,0.0,0.7867827073254038,-0.10231380836290338,-0.3270372159874213,0.010000000000000009,0.040000000000000036,0.27,0.02285714285714291,0.17763157894736836
2022-02-01,148.69000244140625,151.47000122070312,148.3000030517578,151.14999389648438,134.9837188720703,14584900.0,21.959999084472656,1.81,0.017160069545412604,0.01701449853127367,-0.1155860188502581,0.020000000000000018,0.04284376184245331,0.2193810683362152,0.35197771707671843,0.25668576604323945,1.0,0.0,0.8258090974405348,-0.1155860188502581,-0.3498166645226887,0.020000000000000018,0.030000000000000027,0.18000000000000016,0.016853932584269593,0.11042944785276076
2022-02-02,150.5,150.94000244140625,148.07000732421875,149.94000244140625,133.90313720703125,12441100.0,22.09000015258789,1.78,-0.008005274073558222,-0.008037488317806958,0.0059199031664420865,-0.030000000000000027,-0.14698763789947134,0.2374991694727762,0.3183310992649356,0.2570140613469803,1.0,0.0,0.8240413375394596,0.0059199031664420865,-0.3889663485434153,-0.030000000000000027,-0.07000000000000006,0.1200000000000001,-0.037837837837837895,0.07228915662650603
2022-02-03,150.0,151.64999389648438,148.2899932861328,148.6999969482422,132.79576110839844,12474900.0,24.350000381469727,1.82,-0.008269978745312545,-0.008304364731686008,0.10230874663969036,0.040000000000000036,0.0027168015689931213,0.19078997072484905,0.3148048760767159,0.2568325251442569,1.0,0.0,0.7933097609535145,0.10230874663969036,-0.359745858771396,0.040000000000000036,0.010000000000000009,0.1100000000000001,0.005524861878453136,0.06432748538011701
2022-02-04,149.10000610351562,153.5,148.77000427246094,152.55999755859375,136.24290466308594,16654400.0,23.21999931335449,1.93,0.025958234855656848,0.025627039151669164,-0.04640661397998025,0.10999999999999988,0.33503274575347297,0.24400491941935595,0.3288011102139616,0.26271944233439354,1.0,0.0,0.8086755622145899,-0.04640661397998025,-0.38503829746663404,0.10999999999999988,0.1499999999999999,0.19999999999999996,0.08426966292134819,0.11560693641618491
2022-02-07,153.27000427246094,153.6199951171875,150.85000610351562,153.07000732421875,136.6984100341797,12572300.0,22.86000061035156,1.92,0.0033433327938814372,0.0033377562827609725,-0.015503820570566651,-0.010000000000000009,-0.2451063983091556,0.2401287623848875,0.32593737864270517,0.2629036798655386,1.0,0.0,0.8135708394675703,-0.015503820570566651,-0.37428007810786856,-0.010000000000000009,0.1299999999999999,0.15999999999999992,0.07262569832402233,0.09090909090909083
2022-02-08,155.0,158.47999572753906,154.8000030517578,155.9499969482422,139.27035522460938,20411400.0,21.440000534057617,1.96,0.01881474107699277,0.01863993307717848,-0.062117237024522765,0.040000000000000036,0.6235215513470089,0.24508295254071902,0.33569200964545515,0.26608886901868795,1.0,0.0,0.8328800592362187,-0.062117237024522765,-0.40808141484535465,0.040000000000000036,0.1499999999999999,0.17999999999999994,0.08287292817679548,0.101123595505618
2022-02-09,156.58999633789062,157.42999267578125,155.82000732421875,156.60000610351562,139.850830078125,9131100.0,19.959999084472656,1.94,0.004167971371793033,0.004159309439231763,-0.06902991663801339,-0.020000000000000018,-0.5526470501778418,0.21354702636775988,0.3364398638562819,0.26620918553377404,1.0,0.0,0.8530051801605352,-0.06902991663801339,-0.4129388477867599,-0.020000000000000018,0.15999999999999992,0.18999999999999995,0.0898876404494382,0.10857142857142854
2022-02-10,156.66000366210938,159.02999877929688,155.22000122070312,155.9499969482422,139.27035522460938,16455600.0,23.90999984741211,2.03,-0.00415067149184134,-0.004159309439231782,0.19789583888369267,0.08999999999999986,0.802148700594671,0.19388528450409126,0.3347503840712757,0.266284959313159,1.0,0.0,0.7992929064140522,0.19789583888369267,-0.3673079195868498,0.08999999999999986,0.20999999999999974,0.2899999999999998,0.1153846153846152,0.16666666666666652
2022-02-11,155.61000061035156,158.19000244140625,152.97000122070312,153.9199981689453,137.4574432373047,16830000.0,27.36000061035156,1.92,-0.013017213780929127,-0.013102680208269865,0.14429112442310865,-0.10999999999999988,0.02275213301246981,0.1859951980773792,0.3361689882282156,0.2671426147217693,1.0,0.0,0.7523796533475692,0.14429112442310865,-0.40722544505411684,-0.10999999999999988,-0.010000000000000009,0.21999999999999997,-0.005181347150259086,0.12941176470588234
2022-02-14,152.72999572753906,153.67999267578125,150.32000732421875,152.49000549316406,136.180419921875,17026500.0,28.32999992370605,1.98,-0.009290317681997395,-0.009333741842065124,0.03545319048668061,0.06000000000000005,0.011675579322638185,0.20047861790178007,0.25540981858142486,0.26753494370489994,1.0,0.0,0.739189562565403,0.03545319048668061,-0.6988904053712025,0.06000000000000005,0.06000000000000005,0.19999999999999996,0.03125,0.1123595505617978
2022-02-15,154.50999450683594,155.94000244140625,153.85000610351562,154.72000122070312,138.17190551757812,9500000.0,25.700000762939453,2.05,0.014623876155218207,0.014517978453122436,-0.09283442173841516,0.06999999999999984,-0.4420462220656036,0.17599060063572236,0.2101499361068739,0.2689715724438875,1.0,0.0,0.7749523999302731,-0.09283442173841516,-0.6449707539062677,0.06999999999999984,0.08999999999999986,0.17999999999999972,0.04591836734693877,0.09625668449197855
2022-02-16,153.74000549316406,156.10000610351562,153.74000549316406,155.0,138.4219512939453,9076500.0,24.290000915527344,2.03,0.001809671621959108,0.00180803613909679,-0.05486380566359328,-0.020000000000000018,-0.04457894736842105,0.17190085536665128,0.2006534861485848,0.267776312182487,1.0,0.0,0.7941256361729769,-0.05486380566359328,-0.6395490036766299,-0.020000000000000018,0.08999999999999986,0.19999999999999973,0.04639175257731942,0.1092896174863387
2022-02-17,153.0,153.72999572753906,150.6699981689453,151.42999267578125,135.23374938964844,11367500.0,28.11000061035156,1.97,-0.023032487799038326,-0.023301880101280967,0.15726634626770575,-0.05999999999999983,0.252410069960888,0.23042666251458985,0.21708865682998868,0.2679253096008539,1.0,0.0,0.742181122327569,0.15726634626770575,-0.6829858085910957,-0.05999999999999983,-0.05999999999999983,0.1399999999999999,-0.029556650246305383,0.07650273224043702
2022-02-18,152.1300048828125,154.13999938964844,151.1300048828125,152.13999938964844,135.8678436279297,11733300.0,27.75,1.92,0.0046888756774334794,0.004677917141996181,-0.012806851744392667,-0.050000000000000044,0.032179458983945475,0.22990111965922377,0.20547701760068554,0.26317653946681396,1.0,0.0,0.7470764255167549,-0.012806851744392667,-0.6506505088518176,-0.050000000000000044,0.0,0.16999999999999993,0.0,0.0971428571428572
2022-02-22,150.60000610351562,153.24000549316406,150.41000366210938,151.8699951171875,135.62669372558594,11333500.0,28.809999465942383,1.94,-0.0017748857706473276,-0.0017764627466411705,0.03819817895287869,0.020000000000000018,-0.03407396043738764,0.22149587577640464,0.20568653831754205,0.262850132652651,1.0,0.0,0.7326625089372922,0.03819817895287869,-0.6514009653294659,0.020000000000000018,-0.040000000000000036,0.18999999999999995,-0.02020202020202022,0.10857142857142854
2022-02-23,153.1199951171875,153.3000030517578,147.97000122070312,148.69000244140625,132.78688049316406,11799000.0,31.020000457763672,1.99,-0.020938453592090678,-0.02116077182100002,0.07670951172469942,0.050000000000000044,0.04107292539815588,0.21044964396089225,0.2190598738313882,0.25907288771824816,1.0,0.0,0.7026108240448649,0.07670951172469942,-0.6887563415497894,0.050000000000000044,-0.05999999999999983,0.20999999999999996,-0.029268292682926744,0.1179775280898876
2022-02-24,142.94000244140625,144.99000549316406,139.77999877929688,144.5500030517578,129.0896453857422,25655100.0,30.31999969482422,1.96,-0.02784337649691382,-0.028238352211353655,-0.02256611065794678,-0.030000000000000027,1.1743452834986017,0.22987960783834768,0.23910430308029762,0.26482786750914544,1.0,0.0,0.7121294633713473,-0.02256611065794678,-0.6141074622268903,-0.030000000000000027,-0.06999999999999984,0.10999999999999988,-0.03448275862068961,0.059459459459459296
2022-02-25,145.25,150.1300048828125,144.91000366210938,147.97000122070312,132.14385986328125,18367700.0,27.59000015258789,1.97,0.02365963953508854,0.023384088099239544,-0.09003956364492816,0.010000000000000009,-0.2840526834820367,0.32824067874019675,0.24567026919235954,0.268268292689186,1.0,0.0,0.7492521100594585,-0.09003956364492816,-0.6930502739313356,0.010000000000000009,0.0,0.15999999999999992,0.0,0.08839779005524862
2022-02-28,143.5500030517578,145.05999755859375,140.8800048828125,141.8000030517578,126.6337661743164,31315300.0,30.149999618530277,1.83,-0.04169768988635336,-0.04259198699810747,0.09278722188416744,-0.1399999999999999,0.7049113389264852,0.4061567013895264,0.28782363732982497,0.2813033131912845,1.0,0.0,0.7144411314399954,0.09278722188416744,-0.6844018582509316,-0.1399999999999999,-0.08999999999999986,0.050000000000000044,-0.04687499999999989,0.028089887640449396
2022-03-01,140.0399932861328,140.47999572753906,133.5800018310547,136.4499969482422,121.85596466064452,36840400.0,33.31999969482422,1.72,-0.03772928546636645,-0.03845945986512597,0.10514096571814391,-0.1100000000000001,0.17643452242194702,0.4194415866137011,0.3097777042890853,0.2872160959034328,1.0,0.0,0.6713353392913466,0.10514096571814391,-0.685379325624863,-0.1100000000000001,-0.21999999999999997,-0.07000000000000006,-0.11340206185567014,-0.03910614525139666
2022-03-02,137.2899932861328,140.0399932861328,136.61000061035156,139.27999877929688,124.38330078125,19405600.0,30.739999771118164,1.86,0.0207403562693369,0.020528203481845052,-0.07743097080840666,0.14000000000000012,-0.4732521905299617,0.5146371834899924,0.31321104127758814,0.28921783811068463,1.0,0.0,0.706418284962699,-0.07743097080840666,-0.6832807766764687,0.14000000000000012,-0.1299999999999999,0.050000000000000044,-0.0653266331658291,0.027624309392265234
2022-03-03,139.83999633789062,140.97999572753906,137.05999755859375,138.2899932861328,123.49917602539062,16640800.0,30.479999542236328,1.86,-0.007108066358636589,-0.007133449014904548,-0.008458042642086161,0.0,-0.1424743373046955,0.49696994053674126,0.3130763064150067,0.28796169599360716,1.0,0.0,0.7099537788286436,-0.008458042642086161,-0.6811994465758232,0.0,-0.09999999999999987,0.08000000000000007,-0.05102040816326525,0.04494382022471921
2022-03-04,134.94000244140625,135.4199981689453,132.39999389648438,134.39999389648438,120.02523803710938,21016000.0,31.979999542236328,1.74,-0.028129240211019924,-0.028532446542146893,0.04921259916429599,-0.1200000000000001,0.26292005192058077,0.4146507647110973,0.3247434909491856,0.29058599157344334,1.0,0.0,0.6895567167886434,0.04921259916429599,-0.6820945384655713,-0.1200000000000001,-0.22999999999999998,-0.08000000000000007,-0.11675126903553301,-0.04395604395604402
2022-03-07,132.1699981689453,132.69000244140625,128.9499969482422,129.2100067138672,115.39032745361328,27560100.0,36.45000076293945,1.78,-0.03861613323410429,-0.03938150464300852,0.1397748994586303,0.040000000000000036,0.3113865626189569,0.40374186899296516,0.3252648086396966,0.29951976336599306,1.0,0.0,0.6287734553102708,0.1397748994586303,-0.7074383372236105,0.040000000000000036,-0.050000000000000044,-0.1499999999999999,-0.02732240437158473,-0.07772020725388595
2022-03-08,129.63999938964844,131.7899932861328,127.2699966430664,128.3000030517578,114.57765197753906,19207800.0,35.130001068115234,1.86,-0.007042838806406104,-0.007067756659504942,-0.036213982639098585,0.08000000000000007,-0.303057681213058,0.3662042240779811,0.3224090018744656,0.2995771213700569,1.0,0.0,0.6467228657556782,-0.036213982639098585,-0.6971473867095366,0.08000000000000007,0.14000000000000012,-0.05999999999999983,0.08139534883720945,-0.03124999999999989
2022-03-09,132.89999389648438,135.24000549316406,132.44000244140625,133.44000244140625,119.16790008544922,17536200.0,32.45000076293945,1.94,0.04006233352390565,0.039280647437864684,-0.07628807923971881,0.07999999999999985,-0.08702714522225341,0.4789955466692071,0.3526385986829947,0.3122123523088206,1.0,0.0,0.6831656207502717,-0.07628807923971881,-0.6948087313976441,0.07999999999999985,0.07999999999999985,-0.020000000000000018,0.043010752688172005,-0.010204081632653073
2022-03-10,131.86000061035156,133.4499969482422,130.32000732421875,131.86000061035156,117.75688934326172,15604200.0,30.229999542236328,1.98,-0.011840527030985148,-0.011911184371776726,-0.0684129789987108,0.040000000000000036,-0.11017210113935749,0.4792955990017625,0.35001771618241195,0.3122063566750951,1.0,0.0,0.7133532891686437,-0.0684129789987108,-0.6609245237832863,0.040000000000000036,0.11999999999999988,0.040000000000000036,0.06451612903225801,0.020618556701030855
2022-03-11,132.49000549316406,134.0800018310547,128.4199981689453,128.88999938964844,115.1045379638672,20061800.0,30.75,2.0,-0.022523959270551952,-0.022781498185722865,0.01720147091094537,0.020000000000000018,0.2856666794837288,0.4664934684686168,0.35311391043171075,0.3140378441680099,1.0,0.0,0.7062823014367543,0.01720147091094537,-0.7529224872046036,0.020000000000000018,0.26,-0.029999999999999805,0.14942528735632177,-0.01477832512315258
2022-03-14,129.4600067138672,132.9199981689453,129.22999572753906,130.1699981689453,116.24763488769533,15786900.0,31.770000457763672,2.14,0.009930945765031174,0.009881957986124776,0.03317074659394059,0.14000000000000012,-0.21308656252180758,0.3839933285223704,0.3593980460375809,0.3150899304084527,1.0,0.0,0.6924122930248646,0.03317074659394059,-0.7647548920249778,0.14000000000000012,0.3600000000000001,0.2200000000000002,0.202247191011236,0.11458333333333348
2022-03-15,131.8000030517578,133.5500030517578,131.1300048828125,132.47999572753906,118.31057739257812,15096600.0,29.82999992370605,2.15,0.017746103022876714,0.017590479381462985,-0.06106391268822098,0.009999999999999787,-0.04372612735875947,0.38927731015616956,0.370970898552483,0.31564187847113856,1.0,0.0,0.7187925005254027,-0.06106391268822098,-0.7767907925709481,0.009999999999999787,0.2899999999999998,0.16999999999999993,0.15591397849462352,0.08585858585858586
2022-03-16,134.8699951171875,138.49000549316406,134.42999267578125,138.39999389648438,123.59739685058594,20354900.0,26.670000076293945,2.19,0.044685940805318625,0.043716305132518875,-0.10593361902427756,0.040000000000000036,0.348310215545222,0.4133986634068883,0.4062677434877505,0.32706803097194354,1.0,0.0,0.7617623091481069,-0.10593361902427756,-0.792170278366372,0.040000000000000036,0.25,0.14000000000000012,0.12886597938144329,0.06829268292682933
2022-03-17,136.86000061035156,140.19000244140625,135.9199981689453,140.14999389648438,125.1602020263672,17050500.0,25.670000076293945,2.2,0.012644321123287838,0.012565049221809852,-0.03749531297860276,0.010000000000000231,-0.16233928931117325,0.3766263707125648,0.4106308942172276,0.32663707238192835,1.0,0.0,0.7753603505081071,-0.03749531297860276,-0.7987324893708238,0.010000000000000231,0.2200000000000002,0.17000000000000037,0.11111111111111116,0.08374384236453225
2022-03-18,140.19000244140625,140.85000610351562,138.4600067138672,140.10000610351562,125.11556243896484,23656500.0,23.8700008392334,2.14,-0.00035665959849562334,-0.0003567232166573579,-0.07012073360774285,-0.06000000000000005,0.3874373185537081,0.2614704087569808,0.4051340583244715,0.3250818353936373,1.0,0.0,0.7998368145816253,-0.07012073360774285,-0.8102150258049708,-0.06000000000000005,0.14000000000000012,0.17000000000000015,0.07000000000000006,0.08629441624365497
2022-03-21,140.35000610351562,140.75999450683594,138.72999572753906,139.64999389648438,124.71371459960938,12676100.0,23.530000686645508,2.32,-0.0032118133949283756,-0.0032169823383254473,-0.014243826587096553,0.17999999999999972,-0.46415995603745275,0.29704122987310305,0.4038873441467545,0.3248851911441793,1.0,0.0,0.8044601507189217,-0.014243826587096553,-0.8108873432767317,0.17999999999999972,0.17999999999999972,0.3999999999999999,0.08411214953271018,0.20833333333333326
2022-03-22,142.27000427246094,143.92999267578125,141.72000122070312,142.6199951171875,127.36603546142578,13548600.0,22.940000534057617,2.38,0.021267274977187833,0.0210442825713479,-0.025074378893781613,0.06000000000000005,0.06883031847334742,0.300618122683637,0.4137683948967101,0.32808168491171985,1.0,0.0,0.8124829971962183,-0.025074378893781613,-0.8133545805215008,0.06000000000000005,0.22999999999999998,0.43999999999999995,0.10697674418604652,0.2268041237113403
2022-03-23,140.97999572753906,141.58999633789062,139.1999969482422,139.77999877929688,124.82979583740234,12093200.0,23.56999969482422,2.32,-0.019912998114725577,-0.02011393382404913,0.02746290959458708,-0.06000000000000005,-0.10742069291292089,0.25050819127798324,0.41318002763968087,0.32991174134851675,1.0,0.0,0.8039162425513486,0.02746290959458708,-0.8144069774881278,-0.06000000000000005,0.1299999999999999,0.32999999999999985,0.05936073059360725,0.16582914572864316
2022-03-24,140.3000030517578,140.7100067138672,139.11000061035156,140.69000244140625,125.64248657226562,10017600.0,21.670000076293945,2.34,0.0065103906436077,0.006489289585015584,-0.08061093097712246,0.020000000000000018,-0.17163364535441406,0.2377285107803349,0.40341865901538954,0.33021121835125494,1.0,0.0,0.829752515948108,-0.08061093097712246,-0.8382498606150314,0.020000000000000018,0.13999999999999968,0.3799999999999999,0.06363636363636349,0.19387755102040805
2022-03-25,141.08999633789062,143.17999267578125,140.8000030517578,141.9199981689453,126.74092864990234,8383500.0,20.809999465942383,2.48,0.008742600593191208,0.008704605351516344,-0.03968623014876527,0.14000000000000012,-0.16312290368950644,0.24365465241346085,0.39475205568137006,0.33091623442418466,1.0,0.0,0.841446839817294,-0.03968623014876527,-0.830195781048824,0.14000000000000012,0.33999999999999986,0.51,0.1588785046728971,0.25888324873096447
2022-03-28,140.0,140.97000122070312,137.89999389648438,140.8699951171875,125.80322265625,10818100.0,19.6299991607666,2.46,-0.007398604410123744,-0.007426109835551447,-0.056703524048953846,-0.020000000000000018,0.29040376930876133,0.2516658781554524,0.36555055945466486,0.3311090982329663,1.0,0.0,0.8574925327718871,-0.056703524048953846,-0.7836676143780599,-0.020000000000000018,0.14000000000000012,0.6299999999999999,0.06034482758620685,0.34426229508196715
2022-03-29,143.35000610351562,143.60000610351562,140.24000549316406,141.17999267578125,126.08003997802734,11316500.0,18.899999618530277,2.41,0.0022003992897203783,0.0021979819566191688,-0.03718795585561385,-0.04999999999999982,0.046070936670949525,0.188136785691192,0.33664813973456587,0.33120748611698586,1.0,0.0,0.8674190967399978,-0.03718795585561385,-0.739940100610362,-0.04999999999999982,0.03000000000000025,0.6900000000000002,0.0126050420168069,0.40116279069767447
2022-03-30,141.89999389648438,142.1199951171875,139.91000366210938,140.5399932861328,125.5084991455078,8771000.0,19.32999992370605,2.35,-0.004533158719010166,-0.004543464640375083,0.022751339357392597,-0.06000000000000005,-0.22493703883709626,0.11015983851985243,0.3297467016994758,0.32783186638299117,1.0,0.0,0.861571934805405,0.022751339357392597,-0.725410398727876,-0.06000000000000005,0.03000000000000025,0.49,0.012931034482758674,0.26344086021505375
2022-03-31,139.8300018310547,140.35000610351562,136.25999450683594,136.32000732421875,121.73986053466795,17353900.0,20.559999465942383,2.32,-0.030026959421056265,-0.030487001088530953,0.06363163720077814,-0.03000000000000025,0.9785543267586365,0.2363540247822627,0.34684690548885483,0.32235057503577147,1.0,0.0,0.844846350157294,0.06363163720077814,-0.7523815298364835,-0.03000000000000025,-0.020000000000000018,0.45999999999999974,-0.008547008547008517,0.24731182795698903
2022-04-01,137.39999389648438,137.41000366210938,133.8000030517578,135.30999755859375,120.83788299560548,15721300.0,19.6299991607666,2.39,-0.0074090567797686635,-0.007436640170008894,-0.04523347905316466,0.07000000000000028,-0.09407683575449899,0.19610239847421013,0.3321822672326656,0.3209362248732184,1.0,0.0,0.8574925327718871,-0.04523347905316466,-0.7178752952697356,0.07000000000000028,-0.08999999999999986,0.6500000000000001,-0.03629032258064513,0.37356321839080464
2022-04-04,134.1199951171875,136.94000244140625,132.88999938964844,135.91000366210938,121.3737335205078,17416400.0,18.56999969482422,2.42,0.004434458065785574,0.004424654827299155,-0.05399895625369899,0.029999999999999805,0.10782187223702877,0.22065671932392703,0.29727127321992564,0.32005771290182405,1.0,0.0,0.8719064493513498,-0.05399895625369899,-0.6318345286125605,0.029999999999999805,-0.040000000000000036,0.6399999999999999,-0.016260162601625994,0.3595505617977528
2022-04-05,134.07000732421875,135.39999389648438,133.00999450683594,133.33999633789062,119.96123504638672,12110300.0,21.030000686645508,2.54,-0.011637595986799032,-0.011705842809649413,0.13247178418139316,0.1200000000000001,-0.30466112399807077,0.20499480760803696,0.29970285404748237,0.31932545867044987,1.0,0.0,0.8384552541189223,0.13247178418139316,-0.5962554593725241,0.1200000000000001,0.1299999999999999,0.6799999999999999,0.053941908713692976,0.36559139784946226
2022-04-06,131.5800018310547,132.55999755859375,130.9600067138672,131.49000549316406,118.29688262939452,12914700.0,22.100000381469727,2.61,-0.013874085377235668,-0.01397123007560166,0.05087967950013872,0.06999999999999984,0.06642279712311017,0.20020128046362412,0.27075539969718143,0.3198717765251416,1.0,0.0,0.823905354013515,0.05087967950013872,-0.593899326302714,0.06999999999999984,0.2599999999999998,0.6699999999999999,0.11063829787234036,0.3453608247422679
2022-04-07,130.9499969482422,131.9199981689453,128.72999572753906,131.08999633789062,117.93700408935548,12994200.0,21.549999237060547,2.66,-0.0030421641892836027,-0.0030468009770619336,-0.02488692918169999,0.050000000000000266,0.006155775976213196,0.116370336486873,0.2675519022770809,0.3197138171453047,1.0,0.0,0.8313842923232384,-0.02488692918169999,-0.6455092436383931,0.050000000000000266,0.3400000000000003,0.6800000000000002,0.14655172413793127,0.3434343434343434
2022-04-08,131.6699981689453,133.89999389648438,131.49000549316406,133.49000549316406,120.09620666503906,13126900.0,21.15999984741211,2.72,0.018308100942157735,0.018142525522925446,-0.018097420113952323,0.06000000000000005,0.010212248541657143,0.20738160363062713,0.26052345801503274,0.32233140328740784,1.0,0.0,0.8366875201540527,-0.018097420113952323,-0.6257551943881995,0.06000000000000005,0.33000000000000007,0.7200000000000002,0.13807531380753146,0.3600000000000001
2022-04-11,133.0,134.89999389648438,132.57000732421875,133.0,119.65535736083984,10466400.0,24.3700008392334,2.79,-0.0036708012387834943,-0.003677555162925462,0.15170137121782057,0.06999999999999984,-0.20267542222459223,0.20134943810690106,0.2596116408383937,0.3222892062789384,1.0,0.0,0.7930377939016251,0.15170137121782057,-0.5903075829361074,0.06999999999999984,0.3700000000000001,0.6499999999999999,0.15289256198347112,0.3037383177570092
2022-04-12,132.13999938964844,134.5800018310547,130.6999969482422,131.5399932861328,118.34185028076172,12989900.0,24.26000022888184,2.72,-0.010977419724860549,-0.01103811619928996,-0.004513771299279878,-0.06999999999999984,0.24110486891385774,0.1995473472835817,0.25585893073581345,0.2978364667633098,1.0,0.0,0.7945335867508109,-0.004513771299279878,-0.5686828903305383,-0.06999999999999984,0.18000000000000016,0.5700000000000003,0.07086614173228356,0.26511627906976765
2022-04-13,126.94000244140624,129.25,126.01000213623048,127.3000030517578,114.52729034423828,30838000.0,21.81999969482422,2.7,-0.03223339780030088,-0.03276433420813928,-0.10057710268084696,-0.020000000000000018,1.3739982601867604,0.2902856706840763,0.22472693836426788,0.292745127311686,1.0,0.0,0.8277128149313491,-0.10057710268084696,-0.24292904997661027,-0.020000000000000018,0.0900000000000003,0.5100000000000002,0.034482758620689724,0.23287671232876717
2022-04-14,126.5,128.3000030517578,125.0199966430664,126.12000274658205,113.46569061279295,18835200.0,22.700000762939453,2.83,-0.009269404071767018,-0.009312632338578432,0.04033002201755176,0.1299999999999999,-0.3892210908619236,0.2890268091271214,0.21686284870529748,0.29185071793912776,1.0,0.0,0.8157465240102737,0.04033002201755176,-0.2326321712805081,0.1299999999999999,0.16999999999999993,0.6299999999999999,0.06390977443609014,0.2863636363636364
2022-04-18,125.66999816894533,129.24000549316406,125.54000091552734,128.4600067138672,115.57089233398438,11834400.0,22.170000076293945,2.85,0.01855364127977266,0.01838362223922634,-0.023348047085126056,0.020000000000000018,-0.3716870540265036,0.29038833845145684,0.23176599841428658,0.29472841669734257,1.0,0.0,0.8229534952681079,-0.023348047085126056,-0.2340784076552008,0.020000000000000018,0.1299999999999999,0.71,0.047794117647058876,0.3317757009345794
2022-04-19,128.4499969482422,131.32000732421875,128.22999572753906,131.1199951171875,117.96398162841795,15015400.0,21.3700008392334,2.93,0.020706678352174324,0.02049520931976837,-0.03608476474097866,0.08000000000000007,0.26879267220982905,0.3549242946000232,0.2475323099043239,0.2965540674248265,1.0,0.0,0.8338319179816258,-0.03608476474097866,-0.25953345892008184,0.08000000000000007,0.14000000000000012,0.6100000000000003,0.05017921146953408,0.2629310344827587
2022-04-20,132.52000427246094,133.50999450683594,131.33999633789062,131.5800018310547,118.37783813476562,13430200.0,20.31999969482422,2.85,0.0035083294123734454,0.003502189580917535,-0.04913435204370564,-0.08000000000000007,-0.105571613143839,0.3487413626834163,0.2325135053774054,0.29673325817277146,1.0,0.0,0.8481098769713493,-0.04913435204370564,-0.2616278893151227,-0.08000000000000007,0.1299999999999999,0.4700000000000002,0.047794117647058876,0.19747899159663884
2022-04-21,132.22000122070312,132.80999755859375,129.9600067138672,130.55999755859375,117.46017456054688,12174200.0,22.68000030517578,2.9,-0.007751987945362249,-0.007782190793241607,0.1161417640647251,0.04999999999999982,-0.09352057303688699,0.22304753449114967,0.22493560676762306,0.29588096935441427,1.0,0.0,0.8160184910621631,0.1161417640647251,-0.25356970105317345,0.04999999999999982,0.19999999999999973,0.5800000000000001,0.07407407407407396,0.25
2022-04-22,130.27999877929688,130.52000427246094,126.69000244140624,126.80999755859376,114.0864486694336,14318800.0,28.209999084472656,2.9,-0.028722295907829043,-0.029142853545262644,0.2438271033900683,0.0,0.1761594190994069,0.32476769623399865,0.23996703575990536,0.30015502626607204,1.0,0.0,0.7408213389405335,0.2438271033900683,-0.3937544017818174,0.0,0.06999999999999984,0.56,0.02473498233215543,0.23931623931623935
2022-04-25,126.01000213623048,127.12000274658205,123.11000061035156,126.7699966430664,114.05044555664062,17149000.0,27.020000457763672,2.81,-0.0003155774696544933,-0.00031562727470267973,-0.042183575516809735,-0.08999999999999986,0.1976562281755454,0.28697427914456963,0.2353131684267148,0.29846777025560106,1.0,0.0,0.7570029894848658,-0.042183575516809735,-0.3807203318514825,-0.08999999999999986,-0.040000000000000036,0.33000000000000007,-0.01403508771929829,0.13306451612903225
2022-04-26,124.63999938964844,126.41000366210938,122.87000274658205,123.0199966430664,110.67670440673828,17209500.0,33.52000045776367,2.77,-0.02958113081835223,-0.030027476795209986,0.2405625421864992,-0.040000000000000036,0.003527902501603508,0.2523326829495356,0.2511934959807173,0.3029384757690445,1.0,0.0,0.6686157206448644,0.2405625421864992,-0.49594179832885577,-0.040000000000000036,-0.16000000000000014,0.31000000000000005,-0.05460750853242324,0.1260162601626016
2022-04-27,122.33000183105467,123.55999755859376,121.22000122070312,121.41999816894533,109.23725128173828,17215200.0,31.600000381469727,2.82,-0.013005926881505148,-0.013091244512485783,-0.05727923777069188,0.04999999999999982,0.000331212411749382,0.20871682964898247,0.2501086894691437,0.301730486361726,1.0,0.0,0.694723961093513,-0.05727923777069188,-0.4543741651416686,0.04999999999999982,-0.03000000000000025,0.4099999999999997,-0.010526315789473717,0.17012448132780067
2022-04-28,122.80999755859376,123.6500015258789,121.13999938964844,123.33999633789062,110.96461486816406,13015600.0,29.989999771118164,2.85,0.015812953604724678,0.01568923142490954,-0.050949385788478296,0.03000000000000025,-0.243947209442818,0.30958743050575516,0.2629103210689084,0.3013624433768127,1.0,0.0,0.7166168159826991,-0.050949385788478296,-0.4807880275121718,0.03000000000000025,-0.04999999999999982,0.5,-0.01724137931034475,0.2127659574468086
2022-04-29,123.0500030517578,123.61000061035156,118.9000015258789,119.36000061035156,107.38394165039062,14874800.0,33.400001525878906,2.89,-0.032268604023251934,-0.03280071370632332,0.11370462756871169,0.040000000000000036,0.14284397184916564,0.32358393550126335,0.26586172404480624,0.30725273084490873,1.0,0.0,0.6702474710837892,0.11370462756871169,-0.5112823171063209,0.040000000000000036,-0.009999999999999787,0.5700000000000003,-0.0034482758620688614,0.24568965517241392
2022-05-02,119.87999725341795,120.70999908447266,118.22000122070312,120.4499969482422,108.36457061767578,18545000.0,32.34000015258789,2.99,0.009131988938139157,0.009090544449814459,-0.031736566612720285,0.10000000000000009,0.24673945195901803,0.35091764793627256,0.27131958987845656,0.308200752746991,1.0,0.0,0.6846614135994575,-0.031736566612720285,-0.5348410388177135,0.10000000000000009,0.18000000000000016,0.6000000000000001,0.06405693950177938,0.2510460251046025
2022-05-03,121.52999877929688,124.16999816894533,120.77999877929688,123.02999877929688,110.68571472167967,15720900.0,29.25,2.97,0.02141976930996381,0.021193590154695782,-0.09554731410044925,-0.020000000000000018,-0.152283634402804,0.35719621859016426,0.2855673075520873,0.3065475080617517,1.0,0.0,0.7266793634767545,-0.09554731410044925,-0.5674078002624862,-0.020000000000000018,0.20000000000000018,0.5500000000000003,0.07220216606498209,0.2272727272727273
2022-05-04,122.8000030517578,127.4000015258789,122.73999786376952,127.0999984741211,114.34734344482422,17128500.0,25.420000076293945,2.93,0.03308131254653546,0.032545901992725834,-0.13094016833183098,-0.040000000000000036,0.08953685857679905,0.3964690961818046,0.31287645355092586,0.31504150369317346,1.0,0.0,0.7787598608481072,-0.13094016833183098,-0.619202118223519,-0.040000000000000036,0.11000000000000032,0.3900000000000001,0.03900709219858167,0.15354330708661412
2022-05-05,125.25,126.0999984741211,122.16000366210938,123.91999816894533,111.48640441894533,15055400.0,31.200000762939453,3.05,-0.025019724461367798,-0.025338038405710955,0.2273800420652159,0.11999999999999966,-0.12103219779899,0.4562742956172346,0.32095122351942945,0.3150456549367367,1.0,0.0,0.7001631724502719,0.2273800420652159,-0.649106495132797,0.11999999999999966,0.19999999999999973,0.43999999999999995,0.07017543859649122,0.1685823754789273
2022-05-06,123.8000030517578,124.29000091552734,121.18000030517578,123.72000122070312,111.30648040771484,14417900.0,30.190000534057617,3.12,-0.0016138650463096704,-0.0016151687293379704,-0.032371801416157364,0.07000000000000028,-0.04234361093029748,0.3530282815356449,0.32098659796259726,0.31465172348087067,1.0,0.0,0.7138971973362168,-0.032371801416157364,-0.6498091015080444,0.07000000000000028,0.22999999999999998,0.45999999999999996,0.07958477508650508,0.1729323308270676
2022-05-09,122.11000061035156,123.33000183105467,120.5,121.86000061035156,109.63311004638672,14312300.0,34.75,3.05,-0.015033898791863565,-0.01514805341937883,0.15104337148978209,-0.07000000000000028,-0.007324228909896702,0.3852147143379962,0.3137202424890514,0.3155093405607505,1.0,0.0,0.6518901359967534,0.15104337148978209,-0.6581375615882271,-0.07000000000000028,0.05999999999999961,0.3299999999999996,0.020066889632106788,0.1213235294117645
2022-05-10,123.11000061035156,123.77999877929688,117.55999755859376,118.88999938964844,106.96109008789062,16382400.0,32.9900016784668,2.99,-0.024372381275743593,-0.0246743035656199,-0.0506474337131857,-0.05999999999999961,0.1446378290002306,0.3813031941531537,0.32169094914778895,0.3178199433633727,1.0,0.0,0.6758226659664929,-0.0506474337131857,-0.6237469206426638,-0.05999999999999961,0.020000000000000018,0.20000000000000018,0.006734006734006703,0.07168458781362008
2022-05-11,119.3000030517578,122.88999938964844,117.94000244140624,118.13999938964844,106.28634643554688,14630300.0,32.560001373291016,2.91,-0.006308309421578562,-0.00632829088260832,-0.01303426139127628,-0.08000000000000007,-0.10695014161539218,0.16914403248676896,0.32107023886276664,0.317671464606704,1.0,0.0,0.6816698279010858,-0.01303426139127628,-0.6268708196229794,-0.08000000000000007,-0.020000000000000018,0.18999999999999995,-0.0068259385665528916,0.06985294117647056
2022-05-12,117.0,118.31999969482422,115.37000274658205,118.04000091552734,106.19638061523438,16318800.0,31.770000457763672,2.84,-0.0008464475760963097,-0.0008468060151266888,-0.02426292635771765,-0.07000000000000028,0.11541116723512168,0.1605250453942327,0.30451644390348037,0.3153712195936969,1.0,0.0,0.6924122930248646,-0.02426292635771765,-0.7634750163121614,-0.07000000000000028,-0.20999999999999996,0.13999999999999968,-0.06885245901639347,0.051851851851851816
2022-05-13,119.41000366210938,120.25,117.95999908447266,119.08999633789062,107.14102172851562,10443200.0,28.8700008392334,2.93,0.008895228893947227,0.008855899403220315,-0.09128106946002879,0.0900000000000003,-0.3600509841409908,0.20491653894499942,0.30695471252971257,0.3162919438824934,1.0,0.0,0.7318466077816241,-0.09128106946002879,-0.7684487966725113,0.0900000000000003,-0.18999999999999995,0.10000000000000009,-0.0608974358974359,0.035335689045936425
2022-05-16,118.54000091552734,119.45999908447266,117.2300033569336,118.26000213623048,106.39431762695312,10269000.0,27.46999931335449,2.88,-0.006969357670067455,-0.006993757074772538,-0.04849329702742344,-0.050000000000000266,-0.01668071089321277,0.1939482355323551,0.2966985024203596,0.31385694275639264,1.0,0.0,0.750883886434589,-0.04849329702742344,-0.7639535520808524,-0.050000000000000266,-0.16999999999999993,0.029999999999999805,-0.05573770491803276,0.010526315789473717
2022-05-17,121.04000091552734,122.97000122070312,120.80999755859376,122.18000030517578,109.9209976196289,11160200.0,26.100000381469727,2.98,0.03314725890757875,0.0326097345831534,-0.04987255064177376,0.10000000000000009,0.08678547083455057,0.26114360214319854,0.31272147670936684,0.3222622581492852,1.0,0.0,0.7695131885735141,-0.04987255064177376,-0.7473618896743042,0.10000000000000009,-0.010000000000000231,0.04999999999999982,-0.0033444816053512794,0.017064846416382284
2022-05-18,121.3000030517578,121.97000122070312,119.52999877929688,120.08999633789062,108.04068756103516,12664900.0,30.959999084472656,2.89,-0.017106013403375253,-0.017254011449812208,0.18620684413680677,-0.08999999999999986,0.13482733284349746,0.300731863163441,0.3151995410172333,0.32346094345740484,1.0,0.0,0.7034267252005328,0.18620684413680677,-0.7482067736246425,-0.08999999999999986,-0.020000000000000018,0.040000000000000036,-0.0068728522336769515,0.01403508771929829
2022-05-19,118.19000244140624,119.6500015258789,117.62999725341795,118.30999755859376,106.43929290771484,12765800.0,29.350000381469727,2.84,-0.014822144226133704,-0.014933089872380305,-0.05200254362444057,-0.050000000000000266,0.007966900646669162,0.32825976124121,0.3171823089085575,0.32228211632941156,1.0,0.0,0.7253195541535135,-0.05200254362444057,-0.7240313021504997,-0.050000000000000266,0.0,-0.06000000000000005,0.0,-0.020689655172413834
2022-05-20,119.45999908447266,119.66999816894533,115.0199966430664,117.33999633789062,105.56661224365234,13150100.0,29.43000030517578,2.78,-0.008198858149303323,-0.008232653636481076,0.002725721385562929,-0.06000000000000005,0.030103871281079053,0.323091255128611,0.3044364405642399,0.3183564796814203,1.0,0.0,0.7242317118821617,0.002725721385562929,-0.6939744025708786,-0.06000000000000005,-0.15000000000000036,-0.1200000000000001,-0.05119453924914685,-0.04137931034482767
2022-05-23,120.45999908447266,126.56999969482422,120.4499969482422,124.5999984741211,112.09818267822266,24376700.0,28.479999542236328,2.86,0.061871554800822404,0.06003296898989439,-0.03228001199756625,0.08000000000000007,0.8537273480810033,0.5447512384967054,0.3798384426990069,0.33965055145811535,1.0,0.0,0.737149861548644,-0.03228001199756625,-0.600857810716495,0.08000000000000007,-0.020000000000000018,0.04999999999999982,-0.00694444444444442,0.017793594306049654
2022-05-24,124.36000061035156,127.48999786376952,123.11000061035156,126.36000061035156,113.68160247802734,19324900.0,29.450000762939453,2.76,0.014125294112482534,0.014026461749056422,0.03405903217324835,-0.10000000000000009,-0.20723887974992516,0.5121127129735539,0.3669465136464566,0.33098717295476976,1.0,0.0,0.7239597448302724,0.03405903217324835,-0.535358747539611,-0.10000000000000009,-0.2200000000000002,-0.010000000000000231,-0.07382550335570481,-0.0036101083032491488
2022-05-25,126.27999877929688,127.86000061035156,125.16999816894533,127.23999786376952,114.47329711914062,12780400.0,28.3700008392334,2.75,0.006964140404919883,0.006940002779542269,-0.03667232243556173,-0.009999999999999787,-0.33865634492287155,0.4676039166958275,0.3633699238879602,0.32247678021176474,1.0,0.0,0.7386456284616243,-0.03667232243556173,-0.5674272204443234,-0.009999999999999787,-0.14000000000000012,-0.06999999999999984,-0.04844290657439454,-0.024822695035460973
2022-05-26,128.3699951171875,130.19000244140625,128.2100067138672,129.44000244140625,116.45256042480467,15990900.0,27.5,2.75,0.017290174699904792,0.017142400557914595,-0.030666225361201227,0.0,0.2512049701104817,0.40423686764356137,0.36411378349776913,0.3215828994197112,1.0,0.0,0.750475935856755,-0.030666225361201227,-0.5636258333090319,0.0,-0.08999999999999986,-0.10000000000000009,-0.03169014084507038,-0.03508771929824561
2022-05-27,130.16000366210938,131.27000427246094,129.13999938964844,131.27000427246094,118.09895324707033,11177800.0,25.71999931335449,2.74,0.014137884270297052,0.014038876467174726,-0.06472729769620045,-0.009999999999999787,-0.30098993802725305,0.33888562939890154,0.3412761364022417,0.3228106461587892,1.0,0.0,0.7746804588145894,-0.06472729769620045,-0.5235112872558678,-0.009999999999999787,-0.03999999999999959,-0.1499999999999999,-0.014388489208632893,-0.05190311418685123
2022-05-31,130.17999267578125,133.14999389648438,129.7100067138672,132.22999572753906,118.9626235961914,17015000.0,26.190000534057617,2.85,0.007313107571023325,0.007286496461030712,0.018273764900883727,0.10999999999999988,0.5222136735314642,0.0720781842298427,0.3410322007235727,0.31795123833624356,1.0,0.0,0.7682893627762177,0.018273764900883727,-0.5194545219657496,0.10999999999999988,-0.009999999999999787,-0.14000000000000012,-0.0034965034965034336,-0.04682274247491647
2022-06-01,132.8699951171875,132.8699951171875,128.6699981689453,129.91000366210938,116.87539672851562,10768000.0,25.690000534057617,2.94,-0.01754523231398042,-0.01770097427710704,-0.019091255815355868,0.08999999999999986,-0.36714663532177494,0.21766024722415228,0.34396433949016797,0.3095174472590476,1.0,0.0,0.7750883834562178,-0.019091255815355868,-0.47793348046887485,0.08999999999999986,0.18000000000000016,-0.03000000000000025,0.0652173913043479,-0.010101010101010166
2022-06-02,129.89999389648438,132.00999450683594,128.6699981689453,132.0,118.75572204589844,8374800.0,24.71999931335449,2.92,0.016088290350368073,0.015960245331857803,-0.03775792917626386,-0.020000000000000018,-0.22225111441307577,0.23036144577951112,0.32962968456137437,0.31079899057164323,1.0,0.0,0.7882785001745896,-0.03775792917626386,-0.42445415249896845,-0.020000000000000018,0.16999999999999993,-0.010000000000000231,0.06181818181818177,-0.0034129692832765013
2022-06-03,131.2100067138672,131.77000427246094,129.99000549316406,130.16000366210938,117.10033416748048,8596000.0,24.790000915527344,2.96,-0.013939436769018654,-0.014037503110672893,0.0028317801018318267,0.040000000000000036,0.026412571046472655,0.2521417531010496,0.3195347197803188,0.3015242219714131,1.0,0.0,0.7873266154929768,0.0028317801018318267,-0.31822150274816086,0.040000000000000036,0.20999999999999996,-0.08999999999999986,0.07636363636363641,-0.02950819672131144
2022-06-06,131.08999633789062,132.38999938964844,129.4600067138672,129.72999572753906,116.71345520019533,11323500.0,25.06999969482422,3.04,-0.0033038246221555045,-0.003309294301285563,0.011294827307630095,0.08000000000000007,0.3172987436016752,0.22468135620613464,0.31987743409846536,0.30062238643341554,1.0,0.0,0.7835191805113484,0.011294827307630095,-0.32653800824710183,0.08000000000000007,0.2999999999999998,-0.08000000000000007,0.10948905109489049,-0.02564102564102566
2022-06-07,128.8300018310547,130.32000732421875,128.6199951171875,130.07000732421875,117.01935577392578,6722200.0,24.020000457763672,2.98,0.0026209537983923337,0.002617525088672173,-0.041882698438058696,-0.06000000000000005,-0.4063496268821477,0.21425530065544296,0.3131166651572634,0.29693873684899785,1.0,0.0,0.7977971135648663,-0.041882698438058696,-0.2603970144825611,-0.06000000000000005,0.1299999999999999,-0.06999999999999984,0.04561403508771922,-0.022950819672131084
2022-06-08,129.0,129.4499969482422,126.9000015258789,128.0,115.15703582763672,8422100.0,23.959999084472656,3.03,-0.015914631677574342,-0.01604262926777531,-0.0024979755265417403,0.04999999999999982,0.2528785219124692,0.20744536845478162,0.304277504428189,0.29810707682710175,1.0,0.0,0.7986130147205344,-0.0024979755265417403,-0.3295612995901198,0.04999999999999982,0.08999999999999986,0.03999999999999959,0.030612244897959107,0.013377926421404451
2022-06-09,127.37000274658205,128.10000610351562,125.2699966430664,125.30999755859376,112.7369384765625,13560100.0,26.09000015258789,3.04,-0.02101562734470297,-0.02123959913745966,0.08889821158196898,0.010000000000000231,0.6100616235855665,0.15519343913939426,0.3151978011535759,0.29885380103194553,1.0,0.0,0.7696491720994588,0.08889821158196898,-0.40143722982272184,0.010000000000000231,0.1200000000000001,0.1299999999999999,0.041095890410958846,0.04467353951890041
2022-06-10,122.58999633789062,123.4000015258789,119.31999969482422,119.5500030517578,107.55489349365234,12945200.0,27.75,3.15,-0.04596581256273413,-0.04705577228782126,0.06362590408982616,0.10999999999999988,-0.0453462732575719,0.3068467578870595,0.3618053364439148,0.2989952153966817,1.0,0.0,0.7470764255167549,0.06362590408982616,-0.4671294922919008,0.10999999999999988,0.18999999999999995,0.31000000000000005,0.06418918918918926,0.10915492957746475
2022-06-13,116.86000061035156,117.9499969482422,115.05999755859376,115.98999786376952,104.3520736694336,16805600.0,34.02000045776367,3.43,-0.029778466792008573,-0.030230848810028913,0.2259459624419342,0.28000000000000025,0.29821091987763815,0.2902114558094264,0.37633759535614325,0.3027371551666871,1.0,0.0,0.6618166999648643,0.2259459624419342,-0.5248616210268466,0.28000000000000025,0.3900000000000001,0.5,0.12828947368421062,0.17064846416382262
2022-06-14,115.5500030517578,117.31999969482422,113.22000122070312,114.05999755859376,102.61572265625,13357900.0,32.689998626708984,3.49,-0.016639353221518216,-0.01677934231724114,-0.03909470350260291,0.06000000000000005,-0.20515185414385684,0.205099821225862,0.3798810601992735,0.30398593730339435,1.0,0.0,0.6799021198724219,-0.03909470350260291,-0.5101562936267967,0.06000000000000005,0.5100000000000002,0.6100000000000003,0.17114093959731558,0.21180555555555558
2022-06-15,115.62000274658205,116.9499969482422,113.16999816894533,115.41000366210938,103.8302764892578,14083500.0,29.6200008392334,3.33,0.011835942890315199,0.011766445955277538,-0.09391244773461938,-0.16000000000000014,0.054319915555588905,0.34187332389982983,0.3615994384739972,0.3055511661185876,1.0,0.0,0.721648076761624,-0.09391244773461938,-0.500885956237615,-0.16000000000000014,0.30000000000000027,0.3500000000000001,0.0990099009900991,0.1174496644295302
2022-06-16,113.86000061035156,114.26000213623048,111.87000274658205,113.43000030517578,102.0489273071289,16724900.0,32.95000076293945,3.28,-0.01715635595281484,-0.01730523145869417,0.11242403205118334,-0.050000000000000266,0.18755281002591695,0.3426279415708637,0.3616265436665834,0.302727218741796,1.0,0.0,0.6763666000702715,0.11242403205118334,-0.5168471195945811,-0.050000000000000266,0.23999999999999977,0.3899999999999997,0.07894736842105265,0.134948096885813
2022-06-17,113.54000091552734,114.62999725341795,112.16000366210938,113.02999877929688,101.68904876708984,30919900.0,31.1299991607666,3.25,-0.003526529376991494,-0.0035327622396114492,-0.05523525220126546,-0.029999999999999805,0.848734521581594,0.2530999689331796,0.35882886621633536,0.3007867539385054,1.0,0.0,0.7011150571318847,-0.05523525220126546,-0.5403825987966475,-0.029999999999999805,0.10000000000000009,0.41000000000000014,0.031746031746031855,0.14436619718309873
2022-06-21,115.87000274658205,117.02999877929688,115.04000091552734,115.83000183105467,104.20812225341795,11680500.0,30.190000534057617,3.31,0.024772318326016007,0.024470459453767225,-0.030195909156774836,0.06000000000000005,-0.6222335777282592,0.28950520789585676,0.37023274087178676,0.30553605318938837,1.0,0.0,0.7138971973362168,-0.030195909156774836,-0.5487853804901455,0.06000000000000005,-0.1200000000000001,0.5300000000000002,-0.03498542274052485,0.19064748201438864
2022-06-22,114.87999725341795,116.1999969482422,114.38999938964844,115.18000030517578,103.62334442138672,9842700.0,28.950000762939453,3.16,-0.0056116339051686115,-0.005627438276005893,-0.041073194739407515,-0.1499999999999999,-0.1573391550019263,0.2586346373921533,0.29275489740238503,0.3045777635448034,1.0,0.0,0.7307587655102724,-0.041073194739407515,-0.6052244132485596,-0.1499999999999999,-0.33000000000000007,0.30000000000000027,-0.09455587392550147,0.104895104895105
2022-06-23,115.01000213623048,115.18000030517578,111.4800033569336,113.91999816894533,102.4897689819336,11851500.0,29.049999237060547,3.09,-0.010939382875381987,-0.010999657908422063,0.003454178635086791,-0.07000000000000028,0.20409034106495172,0.25469104183719604,0.2857902534771098,0.30486961835916254,1.0,0.0,0.729398982123237,0.003454178635086791,-0.6468221522583987,-0.07000000000000028,-0.2400000000000002,0.33000000000000007,-0.07207207207207211,0.11956521739130443
2022-06-24,113.2300033569336,117.81999969482422,112.83000183105467,117.31999969482422,105.5486297607422,14841100.0,27.229999542236328,3.13,0.029845523208739122,0.02940881352655587,-0.06265059354983915,0.040000000000000036,0.25225498881998054,0.29713572686660733,0.3086454242987403,0.31202598345505517,1.0,0.0,0.7541474132486443,-0.06265059354983915,-0.6540696059414423,0.040000000000000036,-0.1499999999999999,0.3799999999999999,-0.0457317073170731,0.13818181818181818
2022-06-27,118.05999755859376,118.5,115.63999938964844,116.37999725341795,104.7029266357422,11280500.0,26.950000762939453,3.2,-0.008012450061332332,-0.00804472224107476,-0.01028273169313021,0.07000000000000028,-0.2399148311109015,0.30847693064818116,0.29848040882979143,0.31218422268860424,1.0,0.0,0.7579548482302728,-0.01028273169313021,-0.6516042904927609,0.07000000000000028,-0.04999999999999982,0.4500000000000002,-0.01538461538461533,0.1636363636363638
2022-06-28,117.66999816894533,119.29000091552734,115.5999984741211,115.81999969482422,104.19912719726562,11590900.0,28.36000061035156,3.2,-0.004811703499265851,-0.00482331701338228,0.052319102318953536,0.0,0.027516510792961357,0.26390853715778306,0.2896349124383353,0.30692641717863156,1.0,0.0,0.738781611987569,0.052319102318953536,-0.624016793895609,0.0,-0.10999999999999988,0.45999999999999996,-0.033232628398791486,0.16788321167883202
2022-06-29,116.0,116.81999969482422,114.7300033569336,115.3000030517578,103.73131561279295,9338400.0,28.15999984741211,3.1,-0.004489592159318434,-0.00449970064486192,-0.007052212927895596,-0.10000000000000009,-0.19433348575175358,0.26251597471110005,0.28531240722970364,0.3067874426038794,1.0,0.0,0.7415012306340513,-0.007052212927895596,-0.640703136908483,-0.10000000000000009,-0.06000000000000005,0.25,-0.01898734177215189,0.08771929824561409
2022-06-30,113.16999816894533,114.08000183105467,110.93000030517578,112.61000061035156,101.31120300292967,15172600.0,28.709999084472656,2.98,-0.023330588217901793,-0.02360705494468969,0.019531223012811516,-0.1200000000000001,0.6247537051315,0.30778192259672577,0.2890374085362002,0.3094350963014442,1.0,0.0,0.7340223182605334,0.019531223012811516,-0.6536016785860942,-0.1200000000000001,-0.10999999999999988,0.040000000000000036,-0.03559870550161803,0.013605442176870763
2022-07-01,112.6500015258789,114.41999816894533,111.16000366210938,114.0500030517578,102.60671997070312,10573600.0,26.700000762939453,2.88,0.012787499598992946,0.012706429913550482,-0.07001039309054802,-0.10000000000000009,-0.30311218907767945,0.2050141468408496,0.2858001412683072,0.310547832297713,1.0,0.0,0.7613543585702729,-0.07001039309054802,-0.6681069679421879,-0.10000000000000009,-0.25,-0.040000000000000036,-0.07987220447284349,-0.013698630136986356
2022-07-05,110.7699966430664,112.70999908447266,109.3000030517578,112.62000274658205,102.21644592285156,12514200.0,27.540000915527344,2.82,-0.00380359149929943,-0.0038108435485086287,0.031460678973232126,-0.06000000000000005,0.18353257168797765,0.20410464757416932,0.2849105242161423,0.3096562092500869,1.0,0.0,0.7499320017529763,0.031460678973232126,-0.6667022315838229,-0.06000000000000005,-0.38000000000000034,-0.14000000000000012,-0.11875000000000013,-0.04729729729729737
2022-07-06,111.7300033569336,112.98999786376952,110.79000091552734,111.88999938964844,101.55389404296876,10656200.0,26.729999542236328,2.93,-0.006481852053268011,-0.0065029504769463006,-0.029411813593453018,0.11000000000000032,-0.148471336561666,0.2044611675480272,0.2846173952745621,0.3097663588231039,1.0,0.0,0.7609464339286445,-0.029411813593453018,-0.6642274606151083,0.11000000000000032,-0.27,-0.10999999999999988,-0.08437499999999998,-0.03618421052631571
2022-07-07,113.5,114.9000015258789,113.4000015258789,114.72000122070312,104.1224594116211,10347400.0,26.07999992370605,3.01,0.02529263296950024,0.024978067424263672,-0.024317232684692214,0.07999999999999963,-0.028978435089431542,0.2966269927590078,0.30493575308722815,0.31201981734090267,1.0,0.0,0.7697851556254035,-0.024317232684692214,-0.6428062781783203,0.07999999999999963,-0.0900000000000003,0.029999999999999805,-0.02903225806451626,0.010067114093959662
2022-07-08,115.16000366210938,115.6500015258789,113.61000061035156,114.36000061035156,103.79572296142578,8807800.0,24.63999938964844,3.09,-0.003138001657295164,-0.003142935508822236,-0.055214744565573626,0.08000000000000007,-0.14879100063784134,0.2151346086685331,0.3026397950235345,0.3120122358877339,1.0,0.0,0.7893663424459413,-0.055214744565573626,-0.6449050141789353,0.08000000000000007,0.10999999999999988,0.06000000000000005,0.03691275167785224,0.01980198019801982
2022-07-11,113.5500030517578,114.2300033569336,112.22000122070312,112.86000061035156,102.43427276611328,7939500.0,26.170000076293945,2.99,-0.013116630979279065,-0.013203413683201886,0.062094185249382594,-0.09999999999999964,-0.09858307409341716,0.2333548669391156,0.2983019018600216,0.312300595826297,1.0,0.0,0.768561329828107,0.062094185249382594,-0.6321590608214965,-0.09999999999999964,0.11000000000000032,-0.04999999999999982,0.03819444444444464,-0.016447368421052544
2022-07-12,112.58000183105467,115.18000030517578,112.26000213623048,112.97000122070312,102.53411102294922,11250900.0,27.290000915527344,2.96,0.0009746567641857329,0.0009741820946832694,0.04279712785511025,-0.03000000000000025,0.4170791611562441,0.23133027727921054,0.25338491184309053,0.30588064162636547,1.0,0.0,0.7533315120929763,0.04279712785511025,-0.622021286140427,-0.03000000000000025,0.14000000000000012,-0.18999999999999995,0.049645390070921946,-0.060317460317460325
2022-07-13,111.75,112.4800033569336,110.37999725341795,111.91000366210938,101.5720443725586,12979900.0,26.81999969482422,2.91,-0.009382893563833594,-0.009427190214568861,-0.01722246994999932,-0.04999999999999982,0.1536765947613079,0.23784317313186487,0.23300952559972432,0.30589267918697083,1.0,0.0,0.759722608131348,-0.01722246994999932,-0.5118066751901971,-0.04999999999999982,-0.020000000000000018,-0.52,-0.0068259385665528916,-0.15160349854227406
2022-07-14,107.98999786376952,108.2300033569336,106.05999755859376,108.0,98.02323150634766,26204800.0,26.399999618530277,2.96,-0.03493887405863527,-0.03556383670481131,-0.01565995828012612,0.04999999999999982,1.0188753380226352,0.22590832569694191,0.2577354687602039,0.310598323888173,1.0,0.0,0.7654337865399963,-0.01565995828012612,-0.4841489891450561,0.04999999999999982,-0.04999999999999982,-0.5300000000000002,-0.01661129568106301,-0.15186246418338112
2022-07-15,109.16000366210938,113.87999725341795,107.66999816894533,112.9499969482422,102.51596069335938,18863900.0,24.229999542236328,2.93,0.0458333103078814,0.04481399377342396,-0.08219697377460633,-0.029999999999999805,-0.2801357003297106,0.4700066558890921,0.30415498367798277,0.32215379245653225,1.0,0.0,0.794941537328645,-0.08219697377460633,-0.5432541370153366,-0.029999999999999805,-0.1599999999999997,-0.3999999999999999,-0.051779935275080846,-0.12012012012012008
2022-07-18,114.7699966430664,115.83999633789062,111.29000091552734,111.79000091552734,101.4631118774414,13977900.0,25.299999237060547,2.96,-0.01027009656639899,-0.010323197891506068,0.04416012030702099,0.029999999999999805,-0.2590132475256972,0.4662973383654323,0.3000623219126136,0.32232896965565544,1.0,0.0,0.7803916372232377,0.04416012030702099,-0.5401214564959262,0.029999999999999805,-0.03000000000000025,-0.31999999999999984,-0.010033444816053616,-0.09756097560975607
2022-07-19,113.12999725341795,114.94000244140624,112.66999816894533,114.55999755859376,103.97722625732422,11862300.0,24.5,3.01,0.02477860508476848,0.024476594220833203,-0.031620524157513485,0.04999999999999982,-0.1513532075633679,0.5037847520500595,0.31226828467043843,0.3268489537305356,1.0,0.0,0.7912700599367556,-0.031620524157513485,-0.5723748487107514,0.04999999999999982,0.04999999999999982,-0.2400000000000002,0.016891891891891886,-0.0738461538461539
2022-07-20,114.0999984741211,114.73999786376952,113.4800033569336,114.54000091552734,103.9590835571289,11667500.0,23.8799991607666,3.04,-0.00017448724925983594,-0.00017450247393094615,-0.02530615670340397,0.03000000000000025,-0.016421773180580468,0.49382639981718407,0.2998240101135533,0.3219409166123224,1.0,0.0,0.7997008569918862,-0.02530615670340397,-0.5661236410864783,0.03000000000000025,0.1299999999999999,-0.27,0.04467353951890041,-0.08157099697885195
2022-07-21,114.44000244140624,115.52999877929688,113.37000274658205,115.31999969482422,104.66703033447266,11595900.0,23.11000061035156,2.91,0.006809859736351953,0.006786777374050931,-0.03224449654420858,-0.1299999999999999,-0.006136704521105596,0.34596945046932265,0.30003752932366823,0.3223859006917443,1.0,0.0,0.8101713291275701,-0.03224449654420858,-0.591146056201169,-0.1299999999999999,-0.04999999999999982,-0.25,-0.016891891891891886,-0.07911392405063289
2022-07-22,115.23999786376952,116.25,113.66999816894533,114.76000213623048,104.15875244140624,7645500.0,23.030000686645508,2.77,-0.004856141341186171,-0.004867970707804598,-0.003461701496892955,-0.14000000000000012,-0.34067213411636876,0.21370422626173016,0.2977005908633441,0.3169309886948547,1.0,0.0,0.8112591713989219,-0.003461701496892955,-0.588744801508244,-0.14000000000000012,-0.16000000000000014,-0.31999999999999984,-0.05460750853242324,-0.1035598705501618
2022-07-25,115.83999633789062,116.45999908447266,114.7699966430664,115.22000122070312,104.5762710571289,9394000.0,23.36000061035156,2.81,0.0040084832617166555,0.004000470697702145,0.01432913216964904,0.040000000000000036,0.22869661892616566,0.1778775861401175,0.2783578917323029,0.31608307873988706,1.0,0.0,0.8067718187875701,0.01432913216964904,-0.5293268103255565,0.040000000000000036,-0.1499999999999999,-0.31999999999999984,-0.05067567567567566,-0.10223642172523961
2022-07-26,114.58000183105467,115.58000183105467,113.02999877929688,113.41999816894533,102.94254302978516,10675100.0,24.690000534057617,2.81,-0.015622358789703417,-0.01574567383746922,0.05693492675324219,0.0,0.13637428145624875,0.14058450890613455,0.28245208883464246,0.3156748207665153,1.0,0.0,0.788686424816218,0.05693492675324219,-0.5594295465191471,0.0,-0.19999999999999973,-0.3900000000000001,-0.06644518272425237,-0.12187500000000007
2022-07-27,114.01000213623048,115.73999786376952,113.3000030517578,115.23999786376952,104.59440612792967,9337400.0,23.239999771118164,2.78,0.016046457077192766,0.015919073580590647,-0.058728259683077266,-0.03000000000000025,-0.12531030154284273,0.19110169072892016,0.28811957229608687,0.3106271220632117,1.0,0.0,0.8084035951627006,-0.058728259683077266,-0.5938338593901188,-0.03000000000000025,-0.26000000000000023,-0.4200000000000004,-0.08552631578947378,-0.1312500000000001
2022-07-28,115.25,115.9800033569336,113.52999877929688,114.80999755859376,104.20413208007812,10384800.0,22.32999992370605,2.68,-0.003731308989643356,-0.0037382876882272897,-0.03915662032591871,-0.09999999999999964,0.11217255338745269,0.18632940458352784,0.28796785665304114,0.3100582943145385,1.0,0.0,0.8207778107254043,-0.03915662032591871,-0.577750304264801,-0.09999999999999964,-0.22999999999999998,-0.41999999999999993,-0.07903780068728516,-0.13548387096774195
2022-07-29,115.58999633789062,116.5,114.79000091552734,115.36000061035156,104.70333099365234,12944500.0,21.32999992370605,2.67,0.004790586549779041,0.004779148206402969,-0.04478280355650055,-0.010000000000000231,0.24648524766967106,0.1859289294577115,0.27410103951066106,0.3069275946810996,1.0,0.0,0.8343758520854045,-0.04478280355650055,-0.5594111855925616,-0.010000000000000231,-0.10000000000000009,-0.31000000000000005,-0.036101083032491044,-0.10402684563758391
2022-08-01,114.5,115.11000061035156,113.06999969482422,114.20999908447266,103.6595687866211,14740400.0,22.84000015258789,2.6,-0.00996875836829425,-0.010018779147676338,0.07079232228236587,-0.06999999999999984,0.13873846034995552,0.198118409595518,0.2738091991579923,0.2994050552825999,1.0,0.0,0.8138428065194595,0.07079232228236587,-0.551706519248946,-0.06999999999999984,-0.20999999999999996,-0.2799999999999998,-0.07473309608540923,-0.09722222222222221
2022-08-02,113.91999816894533,114.4000015258789,112.2699966430664,112.43000030517578,102.04398345947266,14942900.0,23.93000030517578,2.75,-0.015585491489686354,-0.015708222144027024,0.04772329883125637,0.1499999999999999,0.013737754742069397,0.1979519689083967,0.27949730924109384,0.29678790291830853,1.0,0.0,0.7990209393621628,0.04772329883125637,-0.576401603622422,0.1499999999999999,-0.06000000000000005,-0.06999999999999984,-0.02135231316725983,-0.024822695035460973
2022-08-03,113.4499969482422,114.0999984741211,111.70999908447266,113.61000061035156,103.11499786376952,14394500.0,21.950000762939453,2.73,0.010495615400218261,0.010440918812261812,-0.08274130869142016,-0.020000000000000018,-0.03669970353813512,0.168816779532695,0.2808047048182383,0.29779034288669476,1.0,0.0,0.8259450550302738,-0.08274130869142016,-0.5948664498738959,-0.020000000000000018,-0.04999999999999982,-0.20000000000000018,-0.017985611510791255,-0.06825938566552903
2022-08-04,112.8499984741211,113.31999969482422,111.0199966430664,112.36000061035156,101.98046875,18033900.0,21.440000534057617,2.68,-0.011002561579532832,-0.011063537433085377,-0.02323463376561352,-0.04999999999999982,0.2528326791482858,0.17895331245647111,0.2684540557966251,0.2970943850430477,1.0,0.0,0.8328800592362187,-0.02323463376561352,-0.5868691544647513,-0.04999999999999982,0.0,-0.3299999999999996,0.0,-0.10963455149501644
2022-08-05,112.52999877929688,116.19000244140624,112.0500030517578,115.76000213623048,105.0663833618164,14174600.0,21.149999618530277,2.83,0.030259859065576267,0.029811060776613007,-0.013526161767891343,0.1499999999999999,-0.21400251748096644,0.30378452371782844,0.2896754701906219,0.29968392731215815,1.0,0.0,0.8368235036799974,-0.013526161767891343,-0.5776660743478654,0.1499999999999999,0.16000000000000014,-0.2599999999999998,0.05992509363295895,-0.08414239482200636
2022-08-08,116.25,116.6999969482422,114.18000030517578,114.3499984741211,103.78662872314452,10332500.0,21.290000915527344,2.77,-0.012180438668615845,-0.01225522814459325,0.006619446785918859,-0.06000000000000005,-0.2710552678735202,0.3091204004336708,0.28909481783345015,0.300438540709457,1.0,0.0,0.8349197602529775,0.006619446785918859,-0.5632181911710926,-0.06000000000000005,0.16999999999999993,-0.2200000000000002,0.06538461538461537,-0.07357859531772581
2022-08-09,114.75,115.98999786376952,114.37000274658205,115.37999725341795,104.72147369384766,10233800.0,21.770000457763672,2.8,0.00900737389974271,0.008967049471370957,0.02254577367755073,0.029999999999999805,-0.009552383256714259,0.2768438455432579,0.29059986646321534,0.3010483165384711,1.0,0.0,0.8283927066248669,0.02254577367755073,-0.5565755327255236,0.029999999999999805,0.04999999999999982,-0.16000000000000014,0.018181818181818077,-0.05405405405405406
2022-08-10,117.95999908447266,119.37000274658205,117.5,118.38999938964844,107.45342254638672,12847300.0,19.739999771118164,2.78,0.026087761718536218,0.025753280827798875,-0.09324761800459969,-0.020000000000000018,0.25537923352029557,0.3140219989245202,0.300433682159111,0.30519046329606675,1.0,0.0,0.8559967399227013,-0.09324761800459969,-0.6122489626712418,-0.020000000000000018,0.04999999999999982,-0.13000000000000034,0.01831501831501825,-0.04467353951890041
2022-08-11,119.9000015258789,121.1999969482422,119.30999755859376,120.13999938964844,109.04175567626952,11684900.0,20.200000762939453,2.87,0.014781596455870183,0.014673413434547408,0.023302988710988792,0.0900000000000003,-0.090478154943062,0.26341512299670417,0.26630204005968566,0.3062834109247184,1.0,0.0,0.8497416274102743,0.023302988710988792,-0.6582310476623954,0.0900000000000003,0.18999999999999995,-0.08999999999999986,0.07089552238805963,-0.030405405405405372
2022-08-12,120.66999816894533,122.25,119.44000244140624,122.12999725341795,110.8479461669922,9906700.0,19.530000686645508,2.84,0.01656420955000959,0.016428519381024097,-0.033168319355867615,-0.03000000000000025,-0.15217930833811155,0.2252208818181174,0.22657519442773857,0.3007629171862246,1.0,0.0,0.8588523161589227,-0.033168319355867615,-0.6062500353883851,-0.03000000000000025,0.009999999999999787,-0.0900000000000003,0.0035335689045936647,-0.03071672354948818
2022-08-15,121.13999938964844,122.72000122070312,120.5999984741211,122.45999908447266,111.14745330810548,8456200.0,19.950000762939453,2.79,0.002701963829461196,0.002698320087224086,0.021505379494489052,-0.04999999999999982,-0.14641606185712697,0.136813860851039,0.2203575827869377,0.29860626404372004,1.0,0.0,0.8531411377502743,0.021505379494489052,-0.5759729547086024,-0.04999999999999982,0.020000000000000018,-0.16999999999999993,0.0072202166064982976,-0.057432432432432456
2022-08-16,122.29000091552734,124.23999786376952,121.87000274658205,123.62999725341795,112.20938110351562,9555000.0,19.690000534057617,2.82,0.009554225164893682,0.009508872201757505,-0.013032592428007916,0.029999999999999805,0.12994016224781824,0.1356813567118326,0.2084991014388637,0.2974193202670572,1.0,0.0,0.8566766316162191,-0.013032592428007916,-0.5745503727779224,0.029999999999999805,0.020000000000000018,-0.18999999999999995,0.0071428571428571175,-0.06312292358803984
2022-08-17,122.3000030517578,123.16000366210938,121.69000244140624,122.58999633789062,111.26543426513672,8149300.0,19.899999618530277,2.89,-0.008412370062963803,-0.00844795375063146,0.010665265554941294,0.07000000000000028,-0.1471166928309785,0.16095462523426854,0.21262347636551818,0.29744782106849144,1.0,0.0,0.8538210553799976,0.010665265554941294,-0.5893485242895133,0.07000000000000028,0.11000000000000032,-0.1499999999999999,0.039568345323741205,-0.049342105263157854
2022-08-18,122.23999786376952,122.47000122070312,120.5500030517578,121.63999938964844,110.40320587158205,9531800.0,19.559999465942383,2.88,-0.00774929248467271,-0.0077794742778183835,-0.017085435130928195,-0.010000000000000231,0.169646472703177,0.17183575004650242,0.21580551776844834,0.27114715672062323,1.0,0.0,0.8584443915172942,-0.017085435130928195,-0.5677744645262958,-0.010000000000000231,0.009999999999999787,-0.03000000000000025,0.0034843205574912606,-0.010309278350515538
2022-08-19,120.62000274658205,120.98999786376952,118.11000061035156,118.62999725341795,107.6712417602539,13464500.0,20.600000381469727,2.98,-0.024745333160939964,-0.025056645332214002,0.05316978240915504,0.10000000000000009,0.41258733922239244,0.20824217253672173,0.23609992650565526,0.27416883074601056,1.0,0.0,0.8443024160535153,0.05316978240915504,-0.6187833131595368,0.10000000000000009,0.14000000000000012,0.20999999999999996,0.04929577464788748,0.07581227436823101
2022-08-22,116.75,117.16000366210938,115.5,116.66999816894533,105.892333984375,8967600.0,23.799999237060547,3.03,-0.01652166118637244,-0.016659665987710976,0.1553397473948257,0.04999999999999982,-0.33398195254186935,0.203679813667684,0.24461763431062744,0.27554694646921024,1.0,0.0,0.8007886992632379,0.1553397473948257,-0.6364818887627702,0.04999999999999982,0.23999999999999977,0.21999999999999975,0.08602150537634401,0.07829181494661919
2022-08-23,116.69000244140624,117.29000091552734,115.37999725341795,115.5199966430664,104.84854888916016,7607000.0,24.11000061035156,3.05,-0.009857041165688751,-0.009905943415650603,0.013025268202878193,0.020000000000000018,-0.15172398412061194,0.1162963221592902,0.2402738138778274,0.2733824435671683,1.0,0.0,0.79657328776757,0.013025268202878193,-0.6148070813864289,0.020000000000000018,0.22999999999999998,0.23999999999999977,0.08156028368794321,0.08540925266903909
2022-08-24,115.29000091552734,116.41000366210938,114.4499969482422,115.8000030517578,105.10269165039062,9771300.0,22.81999969482422,3.11,0.0024239034676496463,0.0024209705520861218,-0.05350480642350053,0.06000000000000005,0.28451426317865125,0.16276744020787573,0.23378569181500128,0.27154733311209445,1.0,0.0,0.8141147735713489,-0.05350480642350053,-0.5833854890380287,0.06000000000000005,0.21999999999999975,0.33000000000000007,0.07612456747404828,0.11870503597122295
2022-08-25,116.16000366210938,118.73999786376952,115.68000030517578,118.5500030517578,107.5986328125,10758900.0,21.780000686645508,3.03,0.023747642642795164,0.023470053513670628,-0.04557401499065716,-0.08000000000000007,0.10107150532682452,0.2999182459930792,0.24720527664192465,0.27588750955484925,1.0,0.0,0.8282567230989222,-0.04557401499065716,-0.6223736142880737,-0.08000000000000007,0.1499999999999999,0.34999999999999964,0.05208333333333326,0.130597014925373
2022-08-26,119.45999908447266,119.98999786376952,114.5999984741211,114.66999816894533,104.07706451416016,11276200.0,25.559999465942383,3.04,-0.03272874576832663,-0.03327631176682061,0.17355365748976292,0.010000000000000231,0.04808112353493388,0.3376046313360756,0.2759557430251868,0.28154090405569643,1.0,0.0,0.7768561433572929,0.17355365748976292,-0.7123746491094267,0.010000000000000231,0.06000000000000005,0.3700000000000001,0.020134228187919545,0.13857677902621734
2022-08-29,114.0,114.86000061035156,113.45999908447266,114.38999938964844,103.82292938232422,8117300.0,26.209999084472656,3.12,-0.002441797652751432,-0.0024447837025165266,0.02543034554427015,0.08000000000000007,-0.2801386992071797,0.32631865386445824,0.2737184089810156,0.2790605590775496,1.0,0.0,0.7680174216605339,0.02543034554427015,-0.7067651736808356,0.08000000000000007,0.0900000000000003,0.52,0.02970297029702973,0.19999999999999996
2022-08-30,115.0,115.58000183105467,113.36000061035156,114.41000366210938,103.84109497070312,10745400.0,26.209999084472656,3.11,0.00017496701823938032,0.00017495171329585872,0.0,-0.010000000000000231,0.32376529141463295,0.3225476504822064,0.2672995352063999,0.27801226722430833,1.0,0.0,0.7680174216605339,0.0,-0.6994725000555676,-0.010000000000000231,0.06000000000000005,0.3599999999999999,0.01967213114754096,0.13090909090909086
2022-08-31,114.4800033569336,115.02999877929688,113.33999633789062,113.7300033569336,103.22391510009766,10738300.0,25.8700008392334,3.15,-0.005943503107123438,-0.005961236020377455,-0.01297208153817453,0.040000000000000036,-0.0006607478548960044,0.32090772321405675,0.2658493708814033,0.2781185990246682,1.0,0.0,0.7726407318616249,-0.01297208153817453,-0.6870589571059952,0.040000000000000036,0.040000000000000036,0.41999999999999993,0.012861736334405238,0.15384615384615374
2022-09-01,113.29000091552734,114.62999725341795,111.91000366210938,114.51000213623048,103.93184661865234,9979800.0,25.559999465942383,3.26,0.006858212245371531,0.006834801683222487,-0.011983044578061208,0.10999999999999988,-0.07063501671586747,0.24530273202075503,0.26350432707569776,0.27855465663850926,1.0,0.0,0.7768561433572929,-0.011983044578061208,-0.7233608251383233,0.10999999999999988,0.22999999999999998,0.5799999999999996,0.07590759075907583,0.21641791044776104
2022-09-02,115.87000274658205,117.4499969482422,113.19000244140624,113.70999908447266,103.20574951171876,10666600.0,25.46999931335449,3.2,-0.006986281207893685,-0.0070107995317870205,-0.003521132803927296,-0.05999999999999961,0.06881901440910632,0.08812639185620688,0.2415077573807081,0.2772184655066953,1.0,0.0,0.7780799691545894,-0.003521132803927296,-0.7461761058381665,-0.05999999999999961,0.16000000000000014,0.3700000000000001,0.05263157894736836,0.1307420494699647
2022-09-06,114.33000183105467,114.75,112.06999969482422,113.73999786376952,103.23297882080078,9751900.0,26.90999984741211,3.33,0.00026383519533390576,0.0002638003969493152,0.05653712496578667,0.1299999999999999,-0.08575366096038095,0.0887439721355267,0.23775547160428012,0.274273756898815,1.0,0.0,0.7584987823340515,0.05653712496578667,-0.7501470443617331,0.1299999999999999,0.20999999999999996,0.56,0.06730769230769229,0.20216606498194944
2022-09-07,113.12999725341795,116.11000061035156,112.76000213623048,115.9000015258789,105.19346618652344,10647900.0,24.63999938964844,3.27,0.018990901823397133,0.01881282566627981,-0.08435527575753476,-0.06000000000000005,0.09187953116828518,0.1687312681869108,0.2452771716974528,0.2603792458815996,1.0,0.0,0.7893663424459413,-0.08435527575753476,-0.7847650244315585,-0.06000000000000005,0.16000000000000014,0.4700000000000002,0.05144694533762073,0.16785714285714293
2022-09-08,115.27999877929688,118.79000091552734,114.62999725341795,118.5999984741211,107.64403533935548,11435000.0,23.61000061035156,3.29,0.023295830450978938,0.02302862449167722,-0.04180189954589031,0.020000000000000018,0.0739206791949587,0.19899614116700864,0.2416802856454178,0.2571485822409288,1.0,0.0,0.80337230844757,-0.04180189954589031,-0.7567814512054805,0.020000000000000018,0.14000000000000012,0.5100000000000002,0.04444444444444451,0.18345323741007213
2022-09-09,119.13999938964844,120.0500030517578,118.66999816894533,119.16999816894533,108.16136932373048,9299700.0,22.790000915527344,3.33,0.004805969812856414,0.004794458008789889,-0.0347310323433323,0.040000000000000036,-0.18673371228683866,0.20051939626699777,0.236256349157136,0.2547400751233081,1.0,0.0,0.8145226982129773,-0.0347310323433323,-0.7889374869654149,0.040000000000000036,0.07000000000000028,0.45999999999999996,0.021472392638036908,0.16027874564459932
2022-09-12,120.62000274658205,121.5500030517578,119.79000091552734,120.58000183105467,109.4411163330078,8614600.0,23.8700008392334,3.37,0.01183183069222249,0.011762381851330836,0.047389200540585596,0.040000000000000036,-0.0736690430874114,0.1500543744909869,0.2323957467777198,0.254739333242621,1.0,0.0,0.7998368145816253,0.047389200540585596,-0.7371584266047053,0.040000000000000036,0.16999999999999993,0.5300000000000002,0.05312499999999987,0.18661971830985924
2022-09-13,118.06999969482422,118.91999816894533,115.77999877929688,116.38999938964844,105.63818359375,12904600.0,27.270000457763672,3.42,-0.03474866546213051,-0.03536676125613171,0.14243818596528657,0.04999999999999982,0.49799178139437705,0.3714683980380237,0.2624788451185507,0.2628071086447989,1.0,0.0,0.7536034791448657,0.14243818596528657,-0.7898671922770195,0.04999999999999982,0.08999999999999986,0.6299999999999999,0.027027027027026973,0.22580645161290325
2022-09-14,116.6999969482422,117.83999633789062,114.87999725341795,116.12000274658205,105.39313507080078,9345700.0,26.15999984741211,3.41,-0.002319696482964817,-0.002322391146859481,-0.04070409210556314,-0.009999999999999787,-0.2757853788571517,0.3502425252416939,0.2586056210462927,0.2627379792606574,1.0,0.0,0.7686973133540517,-0.04070409210556314,-0.7753683302921158,-0.009999999999999787,0.14000000000000012,0.5900000000000003,0.042813455657492394,0.2092198581560285
2022-09-15,116.12000274658205,119.37999725341795,115.76000213623048,117.87000274658205,106.9814682006836,10821400.0,26.270000457763672,3.45,0.015070555865102753,0.014958123245411297,0.004204916322369412,0.040000000000000036,0.15790149480509763,0.3208126779964023,0.26548080372434063,0.25975241298830754,1.0,0.0,0.7672015205048659,0.004204916322369412,-0.7658073683794671,0.040000000000000036,0.16000000000000014,0.56,0.04863221884498481,0.19377162629757794
2022-09-16,117.38999938964844,117.4000015258789,115.37000274658205,117.08000183105467,106.26441955566406,14844100.0,26.299999237060547,3.45,-0.006702550049831446,-0.006725113014531352,0.001141940570009048,0.0,0.3717356349455707,0.31758079719817534,0.2652006627009087,0.25987159985652664,1.0,0.0,0.7667935958632375,0.001141940570009048,-0.775855444540754,0.0,0.1200000000000001,0.5700000000000003,0.03603603603603611,0.19791666666666674
2022-09-19,116.0,118.7300033569336,115.51000213623048,118.16000366210938,107.24468994140624,8201300.0,25.76000022888184,3.49,0.009224822286152623,0.009182533485214615,-0.02053228227542192,0.040000000000000036,-0.447504395685828,0.31019220751639165,0.25314095229252903,0.25937481723867417,1.0,0.0,0.7741365247108105,-0.02053228227542192,-0.7879813194145701,0.040000000000000036,0.1200000000000001,0.5100000000000002,0.035608308605341366,0.17114093959731558
2022-09-20,117.41000366210938,117.69000244140624,114.63999938964844,115.83000183105467,105.1299285888672,9619000.0,27.15999984741211,3.57,-0.019719030878773025,-0.01991604522409823,0.054347810795459806,0.07999999999999963,0.17286283881823605,0.2174694333576222,0.2561949760310244,0.2557746662777747,1.0,0.0,0.7550992719940515,0.054347810795459806,-0.7922276704181405,0.07999999999999963,0.1499999999999999,0.54,0.04385964912280693,0.17821782178217815
2022-09-21,116.54000091552734,116.5999984741211,112.41999816894533,112.48999786376952,102.09844207763672,12606300.0,27.989999771118164,3.51,-0.028835618476311886,-0.029259534057336167,0.030559643901659994,-0.06000000000000005,0.310562428526874,0.29744277831808774,0.2743271180733782,0.2622153017046851,1.0,0.0,0.7438128987026995,0.030559643901659994,-0.7660679175757004,-0.06000000000000005,0.09999999999999964,0.45999999999999996,0.029325513196480912,0.15081967213114744
2022-09-22,113.37999725341795,113.5999984741211,111.06999969482422,111.20999908447266,100.93670654296876,11684500.0,27.350000381469727,3.7,-0.01137858238605205,-0.011443813753674868,-0.02286528741986016,0.1900000000000004,-0.07312216907419311,0.22959295837342877,0.2762215301730776,0.2630399073371596,1.0,0.0,0.7525156368735139,-0.02286528741986016,-0.7475688756064546,0.1900000000000004,0.25,0.5900000000000003,0.07246376811594213,0.189710610932476
2022-09-23,110.0500030517578,110.33999633789062,107.16000366210938,109.13999938964844,99.0579071044922,18138600.0,29.920000076293945,3.69,-0.018613639208415744,-0.018789053128650594,0.09396708076704297,-0.010000000000000231,0.5523642432282083,0.22932232694161955,0.26499724370050876,0.26557882675061945,1.0,0.0,0.7175686747281063,0.09396708076704297,-0.7483727156762966,-0.010000000000000231,0.23999999999999977,0.6600000000000001,0.06956521739130417,0.2178217821782178
2022-09-26,108.0,109.61000061035156,106.05999755859376,106.79000091552734,96.9250030517578,15753600.0,32.2599983215332,3.88,-0.021531890942178777,-0.021767084340057728,0.07820849730188573,0.18999999999999995,-0.13148754589659617,0.10141902035051176,0.25098973806847963,0.2649289709025239,1.0,0.0,0.6857492818070149,0.07820849730188573,-0.712132797479758,0.18999999999999995,0.3899999999999997,0.8399999999999999,0.11174785100286533,0.27631578947368407
2022-09-27,107.75,108.16999816894533,104.6500015258789,105.8499984741211,96.07183837890624,12793600.0,32.599998474121094,3.97,-0.008802317730090436,-0.008841286977131947,0.010539372916239298,0.0900000000000003,-0.18789356083688813,0.1300485105253159,0.2516390384663073,0.2639371174599402,1.0,0.0,0.6811259456697183,0.010539372916239298,-0.711440074570241,0.0900000000000003,0.40000000000000036,0.8500000000000001,0.11204481792717091,0.27243589743589736
2022-09-28,105.9499969482422,108.7300033569336,105.63999938964844,107.98999786376952,98.01414489746094,12762600.0,30.18000030517578,3.72,0.02021723068204717,0.02001557587792995,-0.07423307614159502,-0.25,-0.002423086543271613,0.26363634566088656,0.265360262812237,0.26738498721625925,1.0,0.0,0.7140331808621615,-0.07423307614159502,-0.742572376841926,-0.25,0.2100000000000004,0.6100000000000003,0.05982905982905984,0.1961414790996785
2022-09-29,106.9499969482422,107.27999877929688,104.4000015258789,106.16000366210938,96.35320281982422,12713900.0,31.84000015258789,3.76,-0.016945942643016854,-0.017091168122182632,0.05500330784050478,0.03999999999999959,-0.0038158368984376745,0.2710064770979642,0.269971066753341,0.2692405839205587,1.0,0.0,0.6914604342794576,0.05500330784050478,-0.7585698548361774,0.03999999999999959,0.05999999999999961,0.6099999999999999,0.01621621621621605,0.19365079365079363
2022-09-30,106.05999755859376,107.62000274658205,104.4000015258789,104.5,94.84654235839844,15973400.0,31.6200008392334,3.83,-0.015636848774432166,-0.015760393890799435,-0.0069095261400811125,0.07000000000000028,0.2563729461455573,0.2651106023762656,0.27047447502301114,0.2654497257437735,1.0,0.0,0.6944519940416236,-0.0069095261400811125,-0.7322638943323838,0.07000000000000028,0.14000000000000012,0.5700000000000003,0.03794037940379402,0.17484662576687127
2022-10-03,105.62000274658205,108.36000061035156,104.45999908447266,107.7300033569336,97.7781753540039,12248100.0,30.100000381469727,3.67,0.030909223707150657,0.030441154317687243,-0.048070854440891986,-0.16000000000000014,-0.23321897654851187,0.34875109044516067,0.2973360156082566,0.27339563965785474,1.0,0.0,0.7151210231335132,-0.048070854440891986,-0.7474012246682183,-0.16000000000000014,-0.20999999999999996,0.46999999999999975,-0.054123711340206215,0.14687499999999987
2022-10-04,110.61000061035156,112.98999786376952,109.86000061035156,112.7699966430664,102.3525848388672,16013600.0,29.06999969482422,3.62,0.046783543140396455,0.04572217043869424,-0.03421929148145797,-0.04999999999999982,0.30743543896604364,0.44591770241082146,0.34354245752605955,0.28841538591641924,1.0,0.0,0.7291270150713476,-0.03421929148145797,-0.7332120243204225,-0.04999999999999982,-0.3500000000000001,0.29000000000000004,-0.08816120906801006,0.08708708708708701
2022-10-05,109.75,110.9499969482422,108.83000183105467,110.38999938964844,101.08888244628906,10943500.0,28.549999237060547,3.76,-0.012346560612685797,-0.012423412619299908,-0.01788787283187543,0.13999999999999968,-0.3166121296897637,0.47099439693513623,0.33818998494397867,0.28952426827294997,1.0,0.0,0.736198002803237,-0.01788787283187543,-0.6985820177051572,0.13999999999999968,0.03999999999999959,0.48999999999999977,0.010752688172043001,0.14984709480122316
2022-10-06,109.45999908447266,110.19000244140624,107.94000244140624,108.13999938964844,99.0284423828125,11521400.0,30.520000457763672,3.83,-0.020382459609950887,-0.02059304839880097,0.06900179591409161,0.07000000000000028,0.05280760268652629,0.482411500526561,0.3307547622813879,0.29193247354193214,1.0,0.0,0.7094098447248649,0.06900179591409161,-0.6938008031068054,0.07000000000000028,0.07000000000000028,0.54,0.018617021276595924,0.1641337386018238
2022-10-07,107.5199966430664,107.70999908447266,105.2699966430664,105.9800033569336,97.05044555664062,11681100.0,31.36000061035156,3.89,-0.019974027446837628,-0.02017620506343956,0.027522940366608184,0.06000000000000005,0.013861162705921082,0.49549985776727073,0.33364144572949866,0.28565686947131025,1.0,0.0,0.6979874879075683,0.027522940366608184,-0.6888257513014633,0.06000000000000005,0.06000000000000005,0.56,0.015665796344647598,0.16816816816816815
2022-10-10,106.7300033569336,107.30999755859376,104.5199966430664,104.98999786376952,96.14385223388672,8931700.0,32.45000076293945,3.89,-0.009341464818157896,-0.009385369939982633,0.034757657250430674,0.0,-0.2353716687640719,0.4424456356737212,0.32758667771227684,0.2703926778570297,1.0,0.0,0.6831656207502717,0.034757657250430674,-0.7329906732396372,0.0,0.2200000000000002,0.52,0.05994550408719346,0.1543026706231454
2022-10-11,104.37000274658205,104.54000091552734,101.8499984741211,101.95999908447266,93.369140625,12739700.0,33.630001068115234,3.93,-0.028860000347570303,-0.029284640185393125,0.036363644913174786,0.040000000000000036,0.4263466081485048,0.12383620508790599,0.32112018934095693,0.27590055988647705,1.0,0.0,0.6671199277956785,0.036363644913174786,-0.705424806834194,0.040000000000000036,0.31000000000000005,0.5100000000000002,0.08563535911602216,0.14912280701754388
2022-10-12,101.8000030517578,104.7300033569336,101.27999877929688,103.61000061035156,94.880126953125,13181000.0,33.56999969482422,3.91,0.01618293065578924,0.016053382807320084,-0.0017841620988797713,-0.020000000000000018,0.03463974818873283,0.2784817339838558,0.3305294674113742,0.2730535095632584,1.0,0.0,0.6679358289513466,-0.0017841620988797713,-0.7177644433865155,-0.020000000000000018,0.15000000000000036,0.5,0.039893617021276695,0.14662756598240478
2022-10-13,101.9800033569336,109.9000015258789,101.76000213623048,109.37000274658205,100.15481567382812,22398700.0,31.940000534057617,3.97,0.05559318784753575,0.05410287227980485,-0.04855523311243615,0.06000000000000005,0.6993171989985585,0.5331568180956905,0.3867099699330391,0.2959023033161746,1.0,0.0,0.6901006249562165,-0.04855523311243615,-0.7431163429971293,0.06000000000000005,0.14000000000000012,0.52,0.036553524804177506,0.1507246376811595
2022-10-14,111.95999908447266,115.23999786376952,110.72000122070312,111.19000244140624,101.82145690917967,33387100.0,32.02000045776367,4.0,0.01664065001905901,0.016503711478589353,0.0025046938750283854,0.029999999999999805,0.4905820427078358,0.4983604805419637,0.3927224496075069,0.29760653163611545,1.0,0.0,0.6890127826848647,0.0025046938750283854,-0.7416205602994936,0.029999999999999805,0.10999999999999988,0.5499999999999998,0.028277634961439535,0.1594202898550725
2022-10-17,115.41000366210938,117.01000213623048,114.31999969482422,115.86000061035156,106.09797668457033,22276300.0,31.3700008392334,4.02,0.04200018252739324,0.04114211850140286,-0.02029980041342172,0.019999999999999574,-0.3327872142234576,0.5061411429802591,0.42035202805847577,0.30939944731976154,1.0,0.0,0.6978515043816237,-0.02029980041342172,-0.7360749325126693,0.019999999999999574,0.12999999999999945,0.5299999999999994,0.03341902313624656,0.15186246418338079
2022-10-18,119.66000366210938,120.13999938964844,116.95999908447266,118.83999633789062,108.82688903808594,21539700.0,30.5,4.01,0.025720682323930433,0.025395470234331436,-0.02773352935793738,-0.009999999999999787,-0.03306653259293513,0.26335780013883703,0.4234067992542167,0.3135689770703963,1.0,0.0,0.7096818117767543,-0.02773352935793738,-0.7363622394992287,-0.009999999999999787,0.07999999999999963,0.43999999999999995,0.020356234096692072,0.12324929971988796
2022-10-19,117.98999786376952,118.83000183105467,115.66999816894533,116.51000213623048,106.69320678710938,17072000.0,30.76000022888184,4.14,-0.01960620458634854,-0.01980095597565188,0.008524597668257083,0.1299999999999999,-0.2074170020938082,0.447261890606773,0.4154825439782643,0.31458390652848367,1.0,0.0,0.7061463179108095,0.008524597668257083,-0.7243526213226444,0.1299999999999999,0.22999999999999954,0.6299999999999999,0.0588235294117645,0.17948717948717952
2022-10-20,117.16000366210938,118.70999908447266,115.6500015258789,116.12999725341795,106.3452377319336,12207400.0,29.979999542236328,4.24,-0.0032613984118979866,-0.003266728363584308,-0.02535762941617714,0.10000000000000053,-0.2849461105904405,0.3801073563348453,0.41292683500412997,0.3130459586340837,1.0,0.0,0.7167527995086438,-0.02535762941617714,-0.7369990301337341,0.10000000000000053,0.27,0.54,0.06801007556675054,0.145945945945946
2022-10-21,116.45999908447266,122.38999938964844,116.33000183105467,122.2300033569336,111.93126678466795,20593300.0,29.690000534057617,4.21,0.05252730796291205,0.05119423204580523,-0.009673082475206707,-0.03000000000000025,0.6869521765486508,0.47417654852887664,0.43874159033782945,0.3298296172328622,1.0,0.0,0.7206962180162169,-0.009673082475206707,-0.707234291133817,-0.03000000000000025,0.20999999999999996,0.52,0.05249999999999999,0.14092140921409224
2022-10-24,122.06999969482422,123.0999984741211,121.33000183105467,122.37999725341795,112.0686264038086,12624200.0,29.850000381469727,4.25,0.001227178277226848,0.0012264259094281731,0.005389014635704514,0.040000000000000036,-0.38697537548620187,0.4398237437908803,0.4267941696149006,0.3297449462654099,1.0,0.0,0.7185205334735134,0.005389014635704514,-0.6940502200629987,0.040000000000000036,0.23000000000000043,0.3700000000000001,0.057213930348258835,0.09536082474226815
2022-10-25,121.8499984741211,123.2699966430664,120.88999938964844,122.6999969482422,112.36165618896484,11289100.0,28.459999084472656,4.1,0.0026147352257213097,0.002611322752752179,-0.04656620700949654,-0.15000000000000036,-0.10575719649561954,0.42206333012890174,0.4229832206985292,0.3289354548423816,1.0,0.0,0.7374218286005334,-0.04656620700949654,-0.6547005646836264,-0.15000000000000036,0.08999999999999986,0.12999999999999945,0.02244389027431426,0.032745591939546514
2022-10-26,123.0,125.1999969482422,122.87999725341795,124.11000061035156,113.65287017822266,11667000.0,27.280000686645508,4.04,0.011491589151074066,0.011426062367239798,-0.041461645670640146,-0.05999999999999961,0.033474767696273444,0.35245076341456755,0.4207948085598774,0.32762543232695324,1.0,0.0,0.753467495618921,-0.041461645670640146,-0.665400196277545,-0.05999999999999961,-0.09999999999999964,0.31999999999999984,-0.02415458937198056,0.08602150537634401
2022-10-27,125.1999969482422,126.1999969482422,124.20999908447266,124.5999984741211,114.10157012939452,10727600.0,27.38999938964844,3.96,0.003947986095452327,0.0039402132496888405,0.004032210419143478,-0.08000000000000007,-0.08051769949430021,0.3352557198601798,0.41106836578426026,0.3271633132686736,1.0,0.0,0.7519717287059406,0.004032210419143478,-0.6479089846575384,-0.08000000000000007,-0.28000000000000025,0.20000000000000018,-0.0660377358490567,0.05319148936170226
2022-10-28,125.29000091552734,126.27999877929688,124.0500030517578,126.08000183105467,115.45687866210938,11859500.0,25.75,4.02,0.011878088366162665,0.011808097567316213,-0.05987584615530328,0.05999999999999961,0.10551288265781711,0.07995936845978971,0.4010562845552803,0.3267134049810241,1.0,0.0,0.7742725082367553,-0.05987584615530328,-0.6276207377282406,0.05999999999999961,-0.1900000000000004,0.1899999999999995,-0.04513064133016631,0.04960835509138373
2022-10-31,125.6999969482422,127.43000030517578,125.58999633789062,125.87999725341795,115.27373504638672,13295200.0,25.8799991607666,4.1,-0.0015862512294190223,-0.0015875106579233173,0.005048511097732078,0.08000000000000007,0.12105906657110332,0.09250324317303207,0.3952998200145589,0.3216228653485539,1.0,0.0,0.7725047742718858,0.005048511097732078,-0.6128443683668408,0.08000000000000007,-0.15000000000000036,0.4299999999999997,-0.03529411764705892,0.11716621253405979
2022-11-01,126.87000274658205,128.27999877929688,126.33000183105467,128.14999389648438,117.35244750976562,13386900.0,25.809999465942383,4.07,0.01803283690376145,0.017872173898639925,-0.0027047796404234825,-0.02999999999999936,0.006897226066550299,0.12029812938862763,0.3719374389812334,0.3220275566515783,1.0,0.0,0.773456633017293,-0.0027047796404234825,-0.5871119462977373,-0.02999999999999936,-0.02999999999999936,0.4500000000000002,-0.007317073170731603,0.12430939226519344
2022-11-02,127.6500015258789,130.36000061035156,126.63999938964844,126.97000122070312,116.27188110351562,16546100.0,25.86000061035156,4.1,-0.009207872772828862,-0.009250527273378929,0.0019372780102207,0.02999999999999936,0.2359919025315793,0.16998616878304326,0.36992320389774086,0.3225194571476791,1.0,0.0,0.7727767153875695,0.0019372780102207,-0.6174652430179224,0.02999999999999936,0.05999999999999961,0.33999999999999986,0.014851485148514865,0.09042553191489366
2022-11-03,126.30999755859376,128.17999267578125,125.91000366210938,127.1999969482422,116.48250579833984,12474400.0,25.299999237060547,4.14,0.001811484365998206,0.001809845606953207,-0.021655118332319256,0.040000000000000036,-0.24608215833338365,0.17114164019346337,0.35604973904737947,0.3186155329120129,1.0,0.0,0.7803916372232377,-0.021655118332319256,-0.5667242800646285,0.040000000000000036,0.17999999999999972,0.3099999999999996,0.045454545454545414,0.0809399477806787
2022-11-04,129.49000549316406,130.8300018310547,128.4600067138672,130.67999267578125,119.66926574707033,14953200.0,24.549999237060547,4.17,0.027358270899902726,0.02699072201038483,-0.029644269668647527,0.03000000000000025,0.1987109600461745,0.2357854050913052,0.34554853461140383,0.32180039934343696,1.0,0.0,0.7905901682432378,-0.029644269668647527,-0.5360707454856868,0.03000000000000025,0.15000000000000036,0.2799999999999998,0.03731343283582089,0.07197943444730082
2022-11-07,131.0,132.2899932861328,130.47999572753906,131.3699951171875,120.3011703491211,12011200.0,24.350000381469727,4.22,0.005280425162684121,0.005266532602026153,-0.00814659314892785,0.04999999999999982,-0.19674718454912665,0.22450393520971215,0.3382155625270419,0.32040616667466837,1.0,0.0,0.7933097609535145,-0.00814659314892785,-0.5051824405603954,0.04999999999999982,0.1200000000000001,0.3299999999999996,0.029268292682926855,0.0848329048843186
2022-11-08,131.24000549316406,132.05999755859375,130.13999938964844,131.4499969482422,120.3743896484375,9884100.0,25.540000915527344,4.14,0.0006086333084200923,0.0006084481662866703,0.04887065771724597,-0.08000000000000007,-0.17709304648994273,0.21241122300731494,0.305844060533175,0.32039761890097246,1.0,0.0,0.7771280844729767,0.04887065771724597,-0.38206950787234545,-0.08000000000000007,0.0699999999999994,0.20999999999999952,0.017199017199017064,0.05343511450381677
2022-11-09,131.32000732421875,131.42999267578125,129.22000122070312,129.74000549316406,118.80848693847656,9494000.0,26.09000015258789,4.12,-0.013008603528825935,-0.013093956434495365,0.021534816654065425,-0.019999999999999574,-0.0394674274845459,0.22979410653466656,0.31883251574756477,0.32128026401048737,1.0,0.0,0.7696491720994588,0.021534816654065425,-0.44058287499717247,-0.019999999999999574,0.020000000000000462,0.20999999999999996,0.004878048780487809,0.053708439897698135
2022-11-10,132.6300048828125,135.25,132.52999877929688,135.0800018310547,123.69857788085938,16351600.0,23.530000686645508,3.82,0.04115944128566418,0.04033493956248119,-0.09812186473630413,-0.30000000000000027,0.7223088266273436,0.33976657166991064,0.29730509617782747,0.330603536359942,1.0,0.0,0.8044601507189217,-0.09812186473630413,-0.4788768143887974,-0.30000000000000027,-0.31999999999999984,-0.15000000000000036,-0.07729468599033817,-0.037783375314861534
2022-11-11,135.19000244140625,136.1699981689453,133.77999877929688,135.3000030517578,123.90003967285156,10704700.0,22.520000457763672,3.82,0.0016286508336920136,0.001627326020167015,-0.04292393537646866,0.0,-0.34534235181878226,0.3162669093437211,0.29804686881996123,0.33000507393883205,1.0,0.0,0.8181941756048666,-0.04292393537646866,-0.4619897130252142,0.0,-0.3500000000000001,-0.18000000000000016,-0.08393285371702641,-0.04500000000000004
2022-11-14,134.8000030517578,135.72999572753906,133.91000366210938,133.91000366210938,122.62714385986328,11085600.0,23.729999542236328,3.88,-0.01027357066510437,-0.010326708045933698,0.05372997601585361,0.06000000000000005,0.035582501144357126,0.33997709970274204,0.28184478327044454,0.32622064342759566,1.0,0.0,0.8017405580086451,0.05372997601585361,-0.5317224482567219,0.06000000000000005,-0.33999999999999986,-0.13999999999999968,-0.08056872037914686,-0.03482587064676612
2022-11-15,134.67999267578125,135.7100067138672,131.60000610351562,132.94000244140625,121.73886108398438,14038300.0,24.540000915527344,3.8,-0.007243769592269245,-0.007270133082405415,0.03413406611531178,-0.08000000000000007,0.2663545500469078,0.34915742514966697,0.27775689810461646,0.3244688996601029,1.0,0.0,0.7907261258329769,0.03413406611531178,-0.5461490875171469,-0.08000000000000007,-0.33999999999999986,-0.20999999999999996,-0.08212560386473422,-0.052369077306733125
2022-11-16,133.0,133.55999755859375,132.02999877929688,133.1199951171875,121.9037094116211,7893400.0,24.11000061035156,3.67,0.0013541142587409905,0.001353198272834603,-0.017522424170070328,-0.1299999999999999,-0.4377239409330189,0.32325122306626436,0.26178325556557613,0.3234751853570675,1.0,0.0,0.79657328776757,-0.017522424170070328,-0.5364092217515324,-0.1299999999999999,-0.4500000000000002,-0.46999999999999975,-0.10922330097087385,-0.11352657004830913
2022-11-17,132.0,132.88999938964844,131.27999877929688,132.5399932861328,121.37256622314452,8820200.0,23.93000030517578,3.77,-0.0043570715857638165,-0.004366591284234236,-0.007465794301908635,0.10000000000000009,0.11741454886360758,0.08361362223917482,0.26236508608729836,0.32378228258278563,1.0,0.0,0.7990209393621628,-0.007465794301908635,-0.5529358047349449,0.10000000000000009,-0.04999999999999982,-0.4700000000000002,-0.01308900523560208,-0.11084905660377364
2022-11-18,134.57000732421875,134.6699981689453,132.27999877929688,133.83999633789062,122.56301879882812,9468500.0,23.1200008392334,3.82,0.009808250848836408,0.009760462184536736,-0.03384870270006601,0.04999999999999982,0.07350173465454302,0.12602927431695726,0.20362535491942876,0.3211801064131169,1.0,0.0,0.8100353456016254,-0.03384870270006601,-0.7273480223369354,0.04999999999999982,0.0,-0.3900000000000001,0.0,-0.09263657957244653
2022-11-21,133.74000549316406,134.55999755859375,132.75,133.0500030517578,121.83961486816406,7800500.0,22.36000061035156,3.83,-0.005902301834221579,-0.0059197892623642605,-0.03287198102485189,0.010000000000000231,-0.17616306701167028,0.11105394186449111,0.20672278953678894,0.3130756317215194,1.0,0.0,0.8203698601475703,-0.03287198102485189,-0.6868033937775315,0.010000000000000231,-0.04999999999999982,-0.41999999999999993,-0.012886597938144284,-0.09882352941176464
2022-11-22,134.0,135.27000427246094,133.69000244140625,135.0399932861328,123.6619110107422,9185700.0,21.290000915527344,3.76,0.01495651594557268,0.014845770143096935,-0.04785329452669418,-0.07000000000000028,0.1775783603615153,0.14253433748296404,0.2100269174906859,0.3138837298497609,1.0,0.0,0.8349197602529775,-0.04785329452669418,-0.7194509768108969,-0.07000000000000028,-0.040000000000000036,-0.33999999999999986,-0.010526315789473717,-0.08292682926829265
2022-11-23,134.94000244140625,136.5,134.86000061035156,136.47999572753906,124.98058319091795,7316200.0,20.350000381469727,3.71,0.010663527430537556,0.010607073002842197,-0.04415220731024261,-0.04999999999999982,-0.20352286706511202,0.1501828745976091,0.20970365172704458,0.31422277366092793,1.0,0.0,0.8477019263935154,-0.04415220731024261,-0.717637140816726,-0.04999999999999982,0.040000000000000036,-0.33000000000000007,0.01089918256130784,-0.08168316831683164
2022-11-25,136.47999572753906,137.13999938964844,136.05999755859375,136.74000549316406,125.21868896484376,3220500.0,20.5,3.68,0.001905142125653958,0.0019033296440527517,0.007370988487393815,-0.029999999999999805,-0.5598124709548673,0.13095060485648968,0.2099325537462888,0.3136682363738158,1.0,0.0,0.8456622253767564,0.007370988487393815,-0.7199197336954439,-0.029999999999999805,-0.08999999999999986,-0.2799999999999998,-0.023872679045092826,-0.07070707070707061
2022-11-28,136.07000732421875,136.7100067138672,134.19000244140625,134.35000610351562,123.03006744384766,9906900.0,22.209999084472656,3.69,-0.017478393513691737,-0.017632944145861706,0.08341458948647107,0.009999999999999787,2.0761993479273406,0.2069175189041115,0.22226509078510934,0.3164593252487062,1.0,0.0,0.8224095871005348,0.08341458948647107,-0.757372109380769,0.009999999999999787,-0.1299999999999999,-0.3299999999999996,-0.03403141361256545,-0.08208955223880587
2022-11-29,134.66000366210938,136.63999938964844,134.41000366210938,136.55999755859375,125.05386352539062,7925300.0,21.88999938964844,3.75,0.01644960556058095,0.016315776428961273,-0.014407911211843816,0.06000000000000005,-0.20002220674479398,0.22139801069805304,0.22622535681849096,0.3169772892147153,1.0,0.0,0.8267609561859419,-0.014407911211843816,-0.7480528718841575,0.06000000000000005,-0.08000000000000007,-0.34999999999999964,-0.02088772845953002,-0.08536585365853655
2022-11-30,136.08999633789062,138.17999267578125,133.19000244140625,138.17999267578125,126.53736114501952,14761200.0,20.57999992370605,3.68,0.011862869149402044,0.011793056890588901,-0.05984465520642612,-0.06999999999999984,0.8625414810795806,0.21396166293902022,0.22230192055897965,0.31740143468212917,1.0,0.0,0.8445743831054047,-0.05984465520642612,-0.7751800752175647,-0.06999999999999984,-0.07999999999999963,-0.3900000000000001,-0.02127659574468077,-0.0958230958230959
2022-12-01,138.17999267578125,138.66000366210938,135.42999267578125,136.24000549316406,124.76081848144533,8858500.0,19.84000015258789,3.53,-0.014039668976012276,-0.014139157416032373,-0.03595722905060639,-0.15000000000000036,-0.39987941359781043,0.24063371976285272,0.22673210758464854,0.31774758536854736,1.0,0.0,0.8546369305994601,-0.03595722905060639,-0.7044673251599426,-0.15000000000000036,-0.18000000000000016,-0.5699999999999998,-0.04851752021563349,-0.13902439024390245
2022-12-02,134.49000549316406,135.35000610351562,133.33999633789062,135.16000366210938,123.7718276977539,8931900.0,19.059999465942383,3.51,-0.007927094385313804,-0.007958680834592132,-0.039314550435815665,-0.020000000000000018,0.008285827171643056,0.24495706955210036,0.23033411256663908,0.3156790475496123,1.0,0.0,0.8652434121972943,-0.039314550435815665,-0.6639324143642498,-0.020000000000000018,-0.17000000000000037,-0.6299999999999999,-0.04619565217391319,-0.15217391304347827
2022-12-05,134.24000549316406,134.57000732421875,130.60000610351562,131.3699951171875,120.3011703491211,10154500.0,20.75,3.6,-0.028040769965100854,-0.02844141980992925,0.08866739671621793,0.0900000000000003,0.13688017107222428,0.2945166917928736,0.2377924775376896,0.32185724863846243,1.0,0.0,0.8422627150367563,0.08866739671621793,-0.7500669304893901,0.0900000000000003,-0.08999999999999986,-0.5699999999999998,-0.024390243902438935,-0.13669064748201432
2022-12-06,133.38999938964844,135.11000061035156,129.8699951171875,131.58999633789062,120.50260925292967,13966700.0,22.170000076293945,3.51,0.0016744550632714628,0.0016730547263748784,0.06843373861657565,-0.0900000000000003,0.37541976463636817,0.2432431523391665,0.23713087732099555,0.32118322525902243,1.0,0.0,0.8229534952681079,0.06843373861657565,-0.703132370345979,-0.0900000000000003,-0.2400000000000002,-0.71,-0.06400000000000006,-0.16824644549763035
2022-12-07,131.30999755859375,133.0800018310547,130.3300018310547,131.5,120.4202117919922,11739400.0,22.68000030517578,3.42,-0.0006837815500286837,-0.0006840154352564434,0.02300406978469849,-0.08999999999999986,-0.15947217309743889,0.191876918585986,0.2371373200479755,0.3118607971622398,1.0,0.0,0.8160184910621631,0.02300406978469849,-0.7209705880401452,-0.08999999999999986,-0.26000000000000023,-0.7199999999999998,-0.07065217391304357,-0.17391304347826086
2022-12-08,132.3300018310547,132.97999572753906,131.42999267578125,132.8800048828125,121.68392944335938,8907300.0,22.290000915527344,3.48,0.010494232094111045,0.010439549873067059,-0.017195740052941555,0.06000000000000005,-0.24124742320731896,0.23273767449845026,0.23457714927237827,0.3121699154492817,1.0,0.0,0.8213217188929773,-0.017195740052941555,-0.7151660249949465,0.06000000000000005,-0.04999999999999982,-0.6400000000000001,-0.014164305949008416,-0.15533980582524276
2022-12-09,132.1999969482422,133.75999450683594,132.0,132.16000366210938,121.02459716796876,7957800.0,22.82999992370605,3.57,-0.005418400592475225,-0.005433133367784183,0.024226064872098885,0.08999999999999986,-0.10659795897746793,0.23139787049585583,0.18412645640548858,0.3114613117909446,1.0,0.0,0.8139787900454042,0.024226064872098885,-0.6395116380011638,0.08999999999999986,0.06000000000000005,-0.25,0.017094017094017033,-0.06544502617801051
2022-12-12,132.39999389648438,134.64999389648438,131.60000610351562,134.2100067138672,122.90185546875,8841600.0,25.0,3.61,0.015511378221534589,0.01539230652652599,0.09505037597659727,0.040000000000000036,0.11106084596245203,0.13451384719091197,0.19308834028177493,0.31209567883125994,1.0,0.0,0.7844710392567554,0.09505037597659727,-0.4263991370794925,0.040000000000000036,0.009999999999999787,-0.20999999999999996,0.002777777777777768,-0.054973821989528826
2022-12-13,136.88999938964844,137.08999633789062,133.0800018310547,134.0800018310547,122.7828140258789,10025400.0,22.549999237060547,3.51,-0.0009685894685402818,-0.0009690588544388679,-0.09800003051757811,-0.10000000000000009,0.1338897937024972,0.1389707139471354,0.18953493469762234,0.3118500832411569,1.0,0.0,0.8177862509632382,-0.09800003051757811,-0.3529855011731909,-0.10000000000000009,0.0,-0.3700000000000001,0.0,-0.09536082474226804
2022-12-14,133.77999877929688,135.7100067138672,132.75999450683594,133.41000366210938,122.1692886352539,9966100.0,21.13999938964844,3.49,-0.004996834414429441,-0.005009360335569482,-0.06252771153512038,-0.019999999999999574,-0.005914975961058944,0.15057160530689948,0.18854203116013812,0.3088049837756642,1.0,0.0,0.836959487205942,-0.06252771153512038,-0.30048254319401085,-0.019999999999999574,0.07000000000000028,-0.3099999999999996,0.02046783625731008,-0.08157894736842097
2022-12-15,131.14999389648438,132.0800018310547,129.0500030517578,130.10000610351562,119.13816833496094,12087800.0,22.82999992370605,3.44,-0.02481082057654127,-0.02512379662780388,0.07994326314338251,-0.050000000000000266,0.21289170287273862,0.22925811127130966,0.20869746612699927,0.3070996567387764,1.0,0.0,0.8139787900454042,0.07994326314338251,-0.397317196861797,-0.050000000000000266,-0.040000000000000036,-0.22999999999999998,-0.011494252873563204,-0.06267029972752047
2022-12-16,129.14999389648438,129.89999389648438,128.42999267578125,129.2899932861328,118.39640808105467,21133700.0,22.6200008392334,3.48,-0.006226050511543679,-0.006245513189828599,-0.00919838305626075,0.040000000000000036,0.7483495756051557,0.22959930010237428,0.20918786565277497,0.3062699620601369,1.0,0.0,0.8168343662816255,-0.00919838305626075,-0.39485885543886334,0.040000000000000036,-0.08999999999999986,-0.29000000000000004,-0.025210084033613356,-0.07692307692307698
2022-12-19,129.64999389648438,131.3300018310547,129.08999633789062,130.05999755859375,119.1015167236328,9017200.0,22.420000076293945,3.57,0.005955490153851661,0.005937826318866893,-0.008841766380156879,0.08999999999999986,-0.5733260148483228,0.18344945284400482,0.2069494989741504,0.3030492364269411,1.0,0.0,0.8195539849281078,-0.008841766380156879,-0.38061840903776833,0.08999999999999986,-0.040000000000000036,-0.25,-0.011080332409972304,-0.06544502617801051
2022-12-20,130.97000122070312,132.0500030517578,130.1999969482422,130.69000244140625,119.67845153808594,8549900.0,21.479999542236328,3.69,0.004844059339663032,0.004832364635574295,-0.041926874703784645,0.1200000000000001,-0.051823182362595976,0.198074799433246,0.20737625555241768,0.29860786188931465,1.0,0.0,0.8323361510686456,-0.041926874703784645,-0.4063644019765834,0.1200000000000001,0.18000000000000016,-0.14000000000000012,0.05128205128205132,-0.03655352480417762
2022-12-21,132.17999267578125,132.97999572753906,131.77000427246094,132.16000366210938,121.02459716796876,8051700.0,20.06999969482422,3.68,0.011248020112078594,0.011185231526673582,-0.06564245239575606,-0.009999999999999787,-0.058269687364764455,0.2295234085117737,0.20407185507280254,0.29788816099287646,1.0,0.0,0.8515093873113494,-0.06564245239575606,-0.4096710721316965,-0.009999999999999787,0.18999999999999995,-0.07999999999999963,0.054441260744985565,-0.02127659574468077
2022-12-22,131.10000610351562,131.3000030517578,128.41000366210938,130.66000366210938,119.65098571777344,8648200.0,21.96999931335449,3.67,-0.011349853520180697,-0.01141475465385765,0.09466864212360959,-0.010000000000000231,0.07408373386986589,0.14835072050384135,0.2023115756895893,0.297566202611593,1.0,0.0,0.8256731139145902,0.09466864212360959,-0.4172949469278673,-0.010000000000000231,0.22999999999999998,-0.040000000000000036,0.06686046511627897,-0.010781671159029615
2022-12-23,130.5800018310547,131.44000244140625,129.63999938964844,131.27999877929688,120.21874237060548,5091900.0,20.8700008392334,3.75,0.004745106356008222,0.004733883826238792,-0.05006820703232584,0.08000000000000007,-0.411218519460697,0.1351112806489998,0.20331611148340406,0.29451655433022567,1.0,0.0,0.8406309386616259,-0.05006820703232584,-0.43206848175291,0.08000000000000007,0.27,0.06999999999999984,0.07758620689655182,0.01902173913043481
2022-12-27,131.57000732421875,132.22000122070312,130.5500030517578,131.74000549316406,120.63997650146484,5411000.0,21.649999618530277,3.84,0.003503897333751782,0.0034977729873735524,0.03737416137667626,0.08999999999999986,0.06266815923329205,0.13292399953286926,0.19550406230793174,0.2917159346484416,1.0,0.0,0.8300244829999972,0.03737416137667626,-0.36029107933913923,0.08999999999999986,0.27,0.1499999999999999,0.07563025210084029,0.04065040650406493
2022-12-28,131.85000610351562,133.41000366210938,131.00999450683594,132.4600067138672,121.29933166503906,8827700.0,22.13999938964844,3.88,0.005465478216221342,0.005450596688640691,0.02263278428415183,0.040000000000000036,0.6314359637774902,0.13365824533237694,0.186344208371109,0.2864935257836827,1.0,0.0,0.8233614458459418,0.02263278428415183,-0.34641713511018163,0.040000000000000036,0.18999999999999995,0.1299999999999999,0.051490514905149,0.03466666666666662
2022-12-29,132.92999267578125,133.27000427246094,132.30999755859375,133.22000122070312,121.99530792236328,6585200.0,21.440000534057617,3.83,0.005737675944053056,0.005721278174924777,-0.03161693201844029,-0.04999999999999982,-0.2540299285204527,0.11627971695689043,0.18177949543822697,0.2727692821280479,1.0,0.0,0.8328800592362187,-0.03161693201844029,-0.3161441324224924,-0.04999999999999982,0.1499999999999999,0.1499999999999999,0.040760869565217295,0.040760869565217295
2022-12-30,132.80999755859375,134.3300018310547,132.44000244140625,134.10000610351562,122.80115509033205,9292500.0,21.670000076293945,3.88,0.0066055587029756335,0.006583837600960436,0.010727590322163083,0.04999999999999982,0.4111188726234587,0.018383518582146895,0.17800877168362014,0.2709763881210415,1.0,0.0,0.829752515948108,0.010727590322163083,-0.36557862928556195,0.04999999999999982,0.20999999999999996,0.3500000000000001,0.05722070844686655,0.09915014164305958
2023-01-03,135.24000549316406,136.74000549316406,133.88999938964844,135.1199951171875,123.73517608642578,11054800.0,22.899999618530277,3.79,0.007605962626383134,0.007577183131035055,0.05676047706072218,-0.08999999999999986,0.18964756524078563,0.024069093593762577,0.1782545312200702,0.26650571598188544,1.0,0.0,0.8130269312999969,0.05676047706072218,-0.3631720086425437,-0.08999999999999986,0.040000000000000036,0.28000000000000025,0.010666666666666602,0.07977207977207978
2023-01-04,135.99000549316406,137.67999267578125,135.57000732421875,136.3800048828125,124.88904571533205,11687600.0,22.01000022888184,3.69,0.009325316093624858,0.00928210377147555,-0.03886460281546322,-0.10000000000000009,0.057242102977892007,0.024746499595775864,0.14580720412774556,0.2620279252019963,1.0,0.0,0.8251291798108114,-0.03886460281546322,-0.25776968537673867,-0.10000000000000009,-0.1499999999999999,0.08999999999999986,-0.0390625,0.02499999999999991
2023-01-05,135.66000366210938,135.7100067138672,133.6999969482422,135.35000610351562,124.86136627197266,8381300.0,22.459999084472656,3.71,-0.00022163227527960405,-0.00022165683934185324,0.020445199950535287,0.020000000000000018,-0.28288955816420824,0.05732638480358395,0.14599637351679118,0.2606676196341875,1.0,0.0,0.8190100767605347,0.020445199950535287,-0.26880635388118357,0.020000000000000018,-0.16999999999999993,0.20000000000000018,-0.04381443298969068,0.056980056980056926
2023-01-06,136.1300048828125,138.3800048828125,134.49000549316406,137.94000244140625,127.25064849853516,10029100.0,21.1299991607666,3.55,0.019135480396379467,0.018954699668290796,-0.05921638370081361,-0.16000000000000014,0.1966043453879469,0.10954618931152169,0.15777402041195387,0.2527025491701501,1.0,0.0,0.8370954707318867,-0.05921638370081361,-0.3301829177446061,-0.16000000000000014,-0.28000000000000025,0.1299999999999999,-0.07310704960835512,0.03801169590643272
2023-01-09,138.60000610351562,138.8800048828125,136.8800048828125,137.3699951171875,126.7248077392578,8482300.0,21.96999931335449,3.53,-0.004132322824927814,-0.0041408844653407235,0.03975391320164223,-0.020000000000000018,-0.15423118724511675,0.14247518238504975,0.15684555213792134,0.25237310326646,1.0,0.0,0.8256731139145902,0.03975391320164223,-0.34087659933558734,-0.020000000000000018,-0.3500000000000001,0.04999999999999982,-0.09020618556701032,0.014367816091954033
2023-01-10,137.7899932861328,138.72000122070312,137.30999755859375,138.60000610351562,127.85948944091795,9048700.0,20.57999992370605,3.61,0.00895390351662484,0.008914055012330748,-0.06326806705012156,0.08000000000000007,0.06677434186482434,0.14354799122047918,0.1560576880640933,0.2307506335002345,1.0,0.0,0.8445743831054047,-0.06326806705012156,-0.35273166178140675,0.08000000000000007,-0.18000000000000016,0.040000000000000036,-0.0474934036939314,0.011204481792717047
2023-01-11,138.89999389648438,139.75,138.10000610351562,139.6300048828125,128.80967712402344,8703700.0,21.09000015258789,3.54,0.00743149911876162,0.00740402157809166,0.024781352321307404,-0.06999999999999984,-0.03812702377137045,0.14191225885113912,0.1499282644209427,0.22940606639764444,1.0,0.0,0.8376393788994598,0.024781352321307404,-0.5173324611120932,-0.06999999999999984,-0.1499999999999999,-0.06999999999999984,-0.04065040650406504,-0.01939058171745145
2023-01-12,140.0,140.86000061035156,139.22000122070312,139.49000549316406,128.68052673339844,11001700.0,18.82999992370605,3.43,-0.0010026450924230934,-0.0010031480772520604,-0.1071598014476316,-0.10999999999999988,0.26402564426623165,0.14422353890406978,0.14993831446025893,0.2160695343936541,1.0,0.0,0.8683709554854051,-0.1071598014476316,-0.5056939888391196,-0.10999999999999988,-0.2799999999999998,-0.07999999999999963,-0.07547169811320753,-0.022792022792022637
2023-01-13,135.60000610351562,143.49000549316406,134.8000030517578,143.00999450683594,131.927734375,20200000.0,18.350000381469727,3.49,0.02523464679569698,0.02492151009445789,-0.025491213180092953,0.06000000000000005,0.8360798785642218,0.17976382042651048,0.16712161759735852,0.21586382011296462,1.0,0.0,0.8748980091135158,-0.025491213180092953,-0.5459809091487501,0.06000000000000005,-0.05999999999999961,0.0,-0.016901408450704092,0.0
2023-01-17,141.1699981689453,141.5399932861328,139.22999572753906,140.8000030517578,129.88902282714844,14292900.0,19.36000061035156,3.53,-0.015453244592653959,-0.015573890504644613,0.05504088326350964,0.03999999999999959,-0.2924306930693069,0.2350909157852944,0.14744813944239785,0.21410602734449016,1.0,0.0,0.8611639842275709,0.05504088326350964,-0.49601531374471153,0.03999999999999959,0.0,0.08999999999999986,0.0,0.026162790697674465
2023-01-18,138.9199981689453,140.72999572753906,136.41000366210938,136.57000732421875,125.9867935180664,13392600.0,20.34000015258789,3.37,-0.030042795181198456,-0.0305033272014725,0.050619809470064725,-0.1599999999999997,-0.06298931637386396,0.3373440788905307,0.18961487429044024,0.2246775101169248,1.0,0.0,0.84783790991946,0.050619809470064725,-0.5385853831903683,-0.1599999999999997,-0.23999999999999977,-0.10999999999999988,-0.06648199445983372,-0.031609195402298784
2023-01-19,135.32000732421875,135.89999389648438,133.58999633789062,134.75,124.30784606933594,13303400.0,20.520000457763672,3.39,-0.01332637653397939,-0.013415969546841508,0.008849572459461275,0.020000000000000018,-0.00666039454624201,0.3293684582745998,0.1980404968654192,0.20326461813865465,1.0,0.0,0.8453902583248671,0.008849572459461275,-0.5294406353521762,0.020000000000000018,-0.1499999999999999,-0.17999999999999972,-0.0423728813559322,-0.05042016806722682
2023-01-20,135.16000366210938,135.49000549316406,133.5500030517578,135.0800018310547,124.6122817993164,13092500.0,19.850000381469727,3.48,0.0024490467786777437,0.002446052750961942,-0.03265107511439913,0.08999999999999986,-0.01585309018747083,0.3342744094630316,0.19779108747397142,0.2032666207051997,1.0,0.0,0.8545009470735154,-0.03265107511439913,-0.5255395865543139,0.08999999999999986,0.04999999999999982,-0.20999999999999996,0.014577259475218707,-0.05691056910569103
2023-01-23,135.1199951171875,137.9600067138672,134.82000732421875,137.27000427246094,126.6325454711914,10487100.0,19.809999465942383,3.52,0.016212396103367777,0.01608237859095789,-0.0020151594336836887,0.040000000000000036,-0.19899942715295016,0.2841926100114495,0.20152937942019497,0.2053691927109857,1.0,0.0,0.8550448811772942,-0.0020151594336836887,-0.49048257596825096,0.040000000000000036,0.029999999999999805,-0.16000000000000014,0.008595988538681931,-0.0434782608695653
2023-01-24,136.4199981689453,140.2899932861328,135.0,138.4499969482422,127.72113800048828,6945000.0,19.200000762939453,3.46,0.008596467245022055,0.008559728022013819,-0.030792464384042373,-0.06000000000000005,-0.33775781674628824,0.2961009352246637,0.1959416769217388,0.2048903005620066,1.0,0.0,0.8633396687702745,-0.030792464384042373,-0.4430403201076588,-0.06000000000000005,-0.06999999999999984,-0.20999999999999996,-0.019830028328611804,-0.05722070844686644
2023-01-25,138.0500030517578,139.1199951171875,137.25,139.1199951171875,128.33920288085938,8967000.0,19.07999992370605,3.46,0.004839174548920244,0.0048275033811632255,-0.006250043461718646,0.0,0.29114470842332607,0.17257647573649718,0.19595127630537543,0.2049352693932607,1.0,0.0,0.864971445145405,-0.006250043461718646,-0.44915387991777067,0.0,0.08999999999999986,-0.29000000000000004,0.026706231454005858,-0.07733333333333337
2023-01-26,139.4199981689453,140.05999755859375,138.36000061035156,139.97999572753906,129.13253784179688,7487600.0,18.729999542236328,3.49,0.006181548140625326,0.006162520744169425,-0.01834383558014918,0.03000000000000025,-0.16498271439723433,0.08293836308117225,0.19622079887805777,0.20410139387524934,1.0,0.0,0.8697307648086461,-0.01834383558014918,-0.4625265729563423,0.03000000000000025,0.10000000000000009,-0.34999999999999964,0.029498525073746285,-0.09114583333333326
2023-01-27,140.61000061035156,141.25999450683594,139.75,140.32000732421875,129.4462432861328,7489900.0,18.51000022888184,3.52,0.0024293291960253427,0.0024263831461726238,-0.01174582587994133,0.029999999999999805,0.0003071745285538885,0.08301568353526673,0.19609552038206202,0.20397706296892806,1.0,0.0,0.8727223245708121,-0.01174582587994133,-0.47415001145938157,0.029999999999999805,0.040000000000000036,-0.3599999999999999,0.011494252873563315,-0.09278350515463918
2023-01-30,139.22999572753906,140.08999633789062,138.91000366210938,139.1300048828125,128.3484344482422,6729300.0,19.940000534057617,3.55,-0.0084808087899777,-0.008516975475846929,0.07725555307905907,0.029999999999999805,-0.10155008745110083,0.10552274011221371,0.2001862477864998,0.20233209119568943,1.0,0.0,0.853277121276219,0.07725555307905907,-0.5068136701713741,0.029999999999999805,0.029999999999999805,-0.28000000000000025,0.008522727272727293,-0.07310704960835512
2023-01-31,139.8800048828125,140.07000732421875,138.25,139.9600067138672,129.11410522460938,9188700.0,19.399999618530277,3.52,0.0059655638158637725,0.0059478402923200955,-0.02708128891997852,-0.029999999999999805,0.36547634969461895,0.09771265700728957,0.20002844698600786,0.20127997794564484,1.0,0.0,0.8606200760599978,-0.02708128891997852,-0.5172664264400133,-0.029999999999999805,0.06000000000000005,-0.3599999999999999,0.01734104046242768,-0.09278350515463918
2023-02-01,138.2100067138672,140.8800048828125,138.1199951171875,139.58999633789062,128.7727813720703,8841800.0,17.8700008392334,3.39,-0.0026435829915352205,-0.0026470834275414833,-0.07886591800937315,-0.1299999999999999,-0.03775289213925803,0.09929873354648112,0.19988321464545547,0.2014810954288739,1.0,0.0,0.8814250627416266,-0.07886591800937315,-0.511146702619175,-0.1299999999999999,-0.06999999999999984,-0.3999999999999999,-0.020231213872832332,-0.10554089709762526
2023-02-02,140.0,140.4600067138672,138.0,138.94000244140625,128.1731414794922,11822100.0,18.729999542236328,3.4,-0.004656573277279419,-0.004667448889814485,0.04812527490848306,0.009999999999999787,0.33706937501413736,0.09100985721759926,0.19927065373169717,0.19482529379426258,1.0,0.0,0.8697307648086461,0.04812527490848306,-0.5107438222871815,0.009999999999999787,-0.0900000000000003,-0.29000000000000004,-0.025787965616045905,-0.07859078590785906
2023-02-03,138.17999267578125,142.3300018310547,138.1300048828125,141.08999633789062,130.1565399169922,11501200.0,18.32999992370605,3.53,0.015474368612689027,0.015355861555006768,-0.02135609334256916,0.1299999999999999,-0.02714407761734383,0.15195671221927773,0.20527647297503948,0.19682409794763164,1.0,0.0,0.8751699761654052,-0.02135609334256916,-0.5099756102034645,0.1299999999999999,0.009999999999999787,-0.18000000000000016,0.0028409090909089496,-0.04851752021563349
2023-02-06,140.22999572753906,142.24000549316406,140.02999877929688,141.9199981689453,130.92221069335938,8406200.0,19.43000030517578,3.63,0.005882691540936014,0.005865456071985412,0.06001093213574471,0.10000000000000009,-0.2691023545369179,0.12688036479196713,0.1960534713299957,0.19703854456321832,1.0,0.0,0.8602121254821637,0.06001093213574471,-0.42180782297288705,0.10000000000000009,0.08000000000000007,0.08000000000000007,0.022535211267605604,0.022535211267605604
2023-02-07,141.3800048828125,144.33999633789062,141.17999267578125,143.64999389648438,132.51815795898438,10447900.0,18.65999984741211,3.67,0.012190042141611679,0.012116341912669122,-0.039629461949033495,0.040000000000000036,0.24288025504984412,0.13983164129144546,0.1984138347341235,0.19588821236830703,1.0,0.0,0.8706826235540532,-0.039629461949033495,-0.42801435170538804,0.040000000000000036,0.1499999999999999,0.14000000000000012,0.04261363636363624,0.03966005665722383
2023-02-08,142.64999389648438,144.0399932861328,142.27999877929688,142.63999938964844,131.58642578125,6958000.0,19.6299991607666,3.63,-0.007030977430449559,-0.007055811224620539,0.05198281464557564,-0.040000000000000036,-0.33402884790244924,0.15777873316765997,0.19937942953579113,0.1794797069167654,1.0,0.0,0.8574925327718871,0.05198281464557564,-0.4349012118348965,-0.040000000000000036,0.23999999999999977,0.020000000000000018,0.07079646017699104,0.005540166204986097
2023-02-09,143.1199951171875,143.33999633789062,139.8699951171875,140.4199981689453,129.53848266601562,6443100.0,20.709999084472656,3.67,-0.01556348311062794,-0.015685865572833566,0.055017828317822426,0.040000000000000036,-0.07400114975567695,0.20855316806729385,0.20691730646507542,0.18271179107886337,1.0,0.0,0.842806649140535,0.055017828317822426,-0.4959118119927389,0.040000000000000036,0.27,0.1299999999999999,0.07941176470588229,0.03672316384180796
2023-02-10,139.77999877929688,141.27999877929688,138.58999633789062,141.0399932861328,130.11041259765625,6582900.0,20.530000686645508,3.74,0.004415135331754749,0.004405417215787643,-0.008691376426090858,0.07000000000000028,0.021697630022815106,0.17684635302264665,0.2073619061975873,0.18138968146533566,1.0,0.0,0.8452542747989225,-0.008691376426090858,-0.5929533855442941,0.07000000000000028,0.2100000000000004,0.31000000000000005,0.059490084985835745,0.09037900874635563
2023-02-13,141.3000030517578,142.72999572753906,140.74000549316406,142.57000732421875,131.52188110351562,7134600.0,20.34000015258789,3.72,0.010848236337733352,0.010789816344751338,-0.009254774851576553,-0.020000000000000018,0.08380804812468678,0.19021072788624088,0.19073605216636666,0.18165403832437954,1.0,0.0,0.84783790991946,-0.009254774851576553,-0.5891545560508659,-0.020000000000000018,0.0900000000000003,0.22999999999999998,0.024793388429752206,0.0659025787965617
2023-02-14,142.5,143.80999755859375,141.60000610351562,143.1999969482422,132.10301208496094,9249400.0,18.90999984741211,3.77,0.0044185117835102705,0.004408778819930796,-0.07030483256873721,0.04999999999999982,0.29641465534157496,0.16821118566800236,0.18231283620080363,0.18176660455788476,1.0,0.0,0.8672831132140533,-0.07030483256873721,-0.5382001722344122,0.04999999999999982,0.10000000000000009,0.2400000000000002,0.027247956403269713,0.06798866855524088
2023-02-15,141.61000061035156,143.88999938964844,141.3000030517578,143.8000030517578,132.6565399169922,6728300.0,18.229999542236328,3.81,0.004190122717832256,0.004181368599005421,-0.03595982605303094,0.040000000000000036,-0.2725690315047462,0.15986720272825802,0.13983489243807276,0.18146445440511555,1.0,0.0,0.8765297854886462,-0.03595982605303094,-0.4916266726889767,0.040000000000000036,0.18000000000000016,0.43999999999999995,0.04958677685950419,0.13056379821958464
2023-02-16,142.91000366210938,143.38999938964844,141.67999267578125,141.82000732421875,130.82997131347656,8165300.0,20.170000076293945,3.86,-0.013769156082757528,-0.01386483016176984,0.10641802428809233,0.04999999999999982,0.21357549455285874,0.14749183321514656,0.14052325602720056,0.18331065971728752,1.0,0.0,0.8501495779881083,0.10641802428809233,-0.6158562371280001,0.04999999999999982,0.18999999999999995,0.46999999999999975,0.05177111716621252,0.13864306784660752
2023-02-17,140.97999572753906,142.8300018310547,140.07000732421875,142.24000549316406,131.2174072265625,7948800.0,20.020000457763672,3.82,0.0029613697014243545,0.002956993483773577,-0.007436768367024893,-0.040000000000000036,-0.026514641225674485,0.1463478209603506,0.14052961565456937,0.1827631333613643,1.0,0.0,0.8521892790048672,-0.007436768367024893,-0.623916613742477,-0.040000000000000036,0.07999999999999963,0.33999999999999986,0.021390374331550666,0.09770114942528729
2023-02-21,140.69000244140625,141.33999633789062,138.75,139.6300048828125,128.80967712402344,9996300.0,22.8700008392334,3.95,-0.018349166878307788,-0.018519600942489115,0.14235765815702117,0.13000000000000034,0.2575860507246377,0.17642063922149873,0.14981121694289778,0.18492946727659934,1.0,0.0,0.8134348559416255,0.14235765815702117,-0.7485732857103028,0.13000000000000034,0.22999999999999998,0.43000000000000016,0.06182795698924726,0.12215909090909105
2023-02-22,138.9199981689453,139.42999267578125,137.44000244140625,138.55999755859375,127.8226089477539,11107500.0,22.290000915527344,3.93,-0.007662997053545451,-0.007692508677127883,-0.025360730320178493,-0.020000000000000018,0.11116112961795865,0.15946207814810112,0.14982906353531109,0.18453596692600344,1.0,0.0,0.8213217188929773,-0.025360730320178493,-0.692946298322041,-0.020000000000000018,0.16000000000000014,0.4700000000000002,0.04244031830238737,0.13583815028901736
2023-02-23,138.72999572753906,140.1699981689453,137.94000244140625,139.6699981689453,128.84657287597656,8068000.0,21.13999938964844,3.88,0.008010820125265772,0.007978903842820937,-0.05159270877722599,-0.050000000000000266,-0.27364393427864053,0.17694032785065594,0.15157215756749673,0.18516989222736827,1.0,0.0,0.836959487205942,-0.05159270877722599,-0.7049006069522893,-0.050000000000000266,0.06999999999999984,0.41999999999999993,0.018372703412073532,0.12138728323699421
2023-02-24,139.11000061035156,141.36000061035156,138.92999267578125,140.92999267578125,130.0089111328125,9126900.0,21.670000076293945,3.95,0.009021103401444464,0.008980656317712717,0.025070988739244182,0.07000000000000028,0.1312469013386217,0.18568465673885493,0.15336269756194362,0.18205969132938227,1.0,0.0,0.829752515948108,0.025070988739244182,-0.6707290008603305,0.07000000000000028,0.0900000000000003,0.45999999999999996,0.023316062176165886,0.13180515759312317
2023-02-27,142.11000061035156,143.30999755859375,141.72000122070312,142.16000366210938,131.14361572265625,10014700.0,20.950000762939453,3.92,0.008727898572156834,0.008690030644187819,-0.03322562578770549,-0.03000000000000025,0.09727289660235128,0.19794161076611716,0.15608143266913183,0.1799639699985585,1.0,0.0,0.8395430963902741,-0.03322562578770549,-0.6796327121114251,-0.03000000000000025,0.10000000000000009,0.3999999999999999,0.02617801047120416,0.11363636363636354
2023-02-28,142.94000244140625,143.75999450683594,141.89999389648438,143.35000610351562,132.2414093017578,11019800.0,20.700000762939453,3.92,0.008370926583442628,0.008336084681809512,-0.011933173789771434,0.0,0.10036246717325525,0.11508487227550955,0.15440671239389198,0.17919924067210422,1.0,0.0,0.8429426067302741,-0.011933173789771434,-0.6601873492286988,0.0,-0.03000000000000025,0.3700000000000001,-0.0075949367088608,0.10422535211267614
2023-03-01,142.10000610351562,143.4600067138672,141.8000030517578,142.5500030517578,131.50341796875,7139200.0,20.57999992370605,4.01,-0.005580637236887065,-0.005596267169986654,-0.0057971417782866075,0.08999999999999986,-0.35214795186845493,0.10022603469646735,0.15542435167337976,0.17701252366134398,1.0,0.0,0.8445743831054047,-0.0057971417782866075,-0.6403028861621551,0.08999999999999986,0.07999999999999963,0.48999999999999977,0.020356234096692072,0.13920454545454541
2023-03-02,142.24000549316406,142.42999267578125,139.5399932861328,141.07000732421875,130.13809204101562,11106800.0,19.59000015258789,4.08,-0.010382436812850226,-0.010436710297454332,-0.0481049453249891,0.07000000000000028,0.555748543254146,0.14764293876433227,0.16018016148983152,0.17761268302695388,1.0,0.0,0.8580364409394602,-0.0481049453249891,-0.6143755269769483,0.07000000000000028,0.20000000000000018,0.69,0.05154639175257736,0.20353982300884943
2023-03-03,141.50999450683594,143.74000549316406,141.0800018310547,143.66000366210938,132.5273895263672,9513100.0,18.489999771118164,3.97,0.018359708889834625,0.01819320433017992,-0.05615111653403504,-0.10999999999999988,-0.14348867360535889,0.18489195558299715,0.1705649471556071,0.17034419186140776,1.0,0.0,0.8729942916227016,-0.05615111653403504,-0.6356418759983606,-0.10999999999999988,0.020000000000000018,0.5700000000000003,0.005063291139240533,0.16764705882352948
2023-03-06,143.44000244140625,144.0399932861328,142.66000366210938,142.82000732421875,131.7524871826172,9261300.0,18.61000061035156,3.98,-0.005847110899259267,-0.005864272180835452,0.006490040060511015,0.009999999999999787,-0.026468764125258892,0.18963637035318964,0.1645072977488894,0.17103185730733905,1.0,0.0,0.871362515247571,0.006490040060511015,-0.6355988256938666,0.009999999999999787,0.06000000000000005,0.4500000000000002,0.015306122448979664,0.12747875354107663
2023-03-07,142.00999450683594,142.30999755859375,137.80999755859375,138.6199951171875,127.87794494628906,11747600.0,19.59000015258789,3.97,-0.029407735058221474,-0.02984881140010362,0.05265983396535834,-0.009999999999999787,0.2684612311446557,0.2716603519236279,0.1953320393880997,0.18266191079955482,1.0,0.0,0.8580364409394602,0.05265983396535834,-0.6823646129106611,-0.009999999999999787,0.050000000000000266,0.3400000000000003,0.012755102040816313,0.09366391184573009
2023-03-08,138.0,138.58999633789062,136.88999938964844,137.8000030517578,127.12147521972656,10002500.0,19.11000061035156,3.98,-0.005915560551745136,-0.005933126790423601,-0.024502273532291063,0.009999999999999787,-0.1485494909598556,0.27158381771199197,0.18946007481957855,0.18212968506269198,1.0,0.0,0.864563494567571,-0.024502273532291063,-0.6543702805885956,0.009999999999999787,-0.029999999999999805,0.31000000000000005,-0.007481296758104716,0.08446866485013627
2023-03-09,136.75999450683594,137.35000610351562,129.22000122070312,130.33999633789062,120.23957061767578,25888100.0,22.61000061035156,3.93,-0.05413644382395322,-0.05565695270479118,0.18315017730057592,-0.04999999999999982,1.5881629592601851,0.44459641943318784,0.26846524410127043,0.21542750555888793,1.0,0.0,0.8169703498075702,0.18315017730057592,-0.794199729444055,-0.04999999999999982,-0.1499999999999999,0.30000000000000027,-0.03676470588235292,0.08264462809917372
2023-03-10,128.9600067138672,135.25999450683594,127.81999969482422,133.64999389648438,123.29309844970705,37599700.0,24.799999237060547,3.7,0.02539536540545817,0.0250782605654195,0.09685973319727981,-0.22999999999999998,0.45239318451334776,0.4791282725021926,0.28447366674285574,0.2192842766042721,1.0,0.0,0.7871906579032377,0.09685973319727981,-0.5954182738227194,-0.22999999999999998,-0.27,0.03000000000000025,-0.06801007556675065,0.008174386920980936
2023-03-13,131.2100067138672,133.8800048828125,129.41000366210938,131.25,121.07906341552734,42901100.0,26.520000457763672,3.55,-0.0179574936636282,-0.01812068608953993,0.06935489006518969,-0.15000000000000036,0.14099580581759952,0.4731635189487584,0.28846164692111476,0.2224205169455191,1.0,0.0,0.7638020101648658,0.06935489006518969,-0.6070633593954237,-0.15000000000000036,-0.43000000000000016,-0.1900000000000004,-0.1080402010050252,-0.05080213903743325
2023-03-14,135.27999877929688,135.52999877929688,131.2899932861328,134.6199951171875,124.18790435791016,29648100.0,23.729999542236328,3.64,0.02567612314371548,0.025352027463919395,-0.10520365261572151,0.0900000000000003,-0.3089198179067669,0.5360692749742535,0.30238950299823103,0.22826232058028173,1.0,0.0,0.8017405580086451,-0.10520365261572151,-0.6549311072943946,0.0900000000000003,-0.33000000000000007,-0.08000000000000007,-0.08312342569269526,-0.021505376344086002
2023-03-15,130.97999572753906,130.99000549316406,126.7300033569336,128.25999450683594,118.32077026367188,34280600.0,26.13999938964844,3.51,-0.04724400596477718,-0.04839644794885204,0.10155920328285828,-0.13000000000000034,0.1562494729847781,0.615353841068148,0.34114386848447525,0.24377751843548706,1.0,0.0,0.7689692804059409,0.10155920328285828,-0.6807640061880538,-0.13000000000000034,-0.4700000000000002,-0.26000000000000023,-0.11809045226130654,-0.06896551724137934
2023-03-16,128.00999450683594,131.9499969482422,126.0199966430664,130.75,120.61781311035156,24558500.0,22.989999771118164,3.56,0.019413690779402915,0.019227649066504465,-0.12050496144149458,0.050000000000000266,-0.28360355419683436,0.5210823497405338,0.3508551789946298,0.2466145161538907,1.0,0.0,0.8118031055027006,-0.12050496144149458,-0.702371726560992,0.050000000000000266,-0.3700000000000001,-0.25,-0.09414758269720103,-0.06561679790026242
2023-03-17,128.3800048828125,128.47999572753906,125.4499969482422,125.80999755859376,116.06063079833984,38396000.0,25.51000022888184,3.39,-0.03778200080482652,-0.03851424359869344,0.10961289616581449,-0.16999999999999993,0.5634505364741331,0.5286156625222251,0.36974367078593906,0.2588064101001771,1.0,0.0,0.7775360350508106,0.10961289616581449,-0.7300723721886792,-0.16999999999999993,-0.31000000000000005,-0.46999999999999975,-0.08378378378378382,-0.12176165803108807
2023-03-20,126.98999786376952,129.47000122070312,126.01000213623048,127.13999938964844,117.28756713867188,22875500.0,24.149999618530277,3.47,0.010571511906254383,0.010516024191045492,-0.05331244994705253,0.08000000000000007,-0.4042217939368684,0.5468151005699551,0.37312756695082977,0.25956113735261765,1.0,0.0,0.7960293795999968,-0.05331244994705253,-0.7366863370879236,0.08000000000000007,-0.07999999999999963,-0.34999999999999964,-0.022535211267605493,-0.09162303664921456
2023-03-21,130.58999633789062,131.72999572753906,130.19000244140625,130.5500030517578,120.43331909179688,17807800.0,21.3799991607666,3.59,0.026820847510680368,0.026467473188831313,-0.11469981372746096,0.11999999999999966,-0.22153395554195532,0.550932743595983,0.38642019001503003,0.2643047140082643,1.0,0.0,0.8336959603918868,-0.11469981372746096,-0.7707841205200056,0.11999999999999966,-0.050000000000000266,-0.3600000000000003,-0.013736263736263798,-0.09113924050632916
2023-03-22,130.55999755859375,130.66000366210938,127.08000183105467,127.18000030517578,117.32447814941406,17250200.0,22.26000022888184,3.48,-0.025813794436846726,-0.026152817468564193,0.041160014156131686,-0.10999999999999988,-0.03131212165455588,0.4582918949226978,0.394632761975342,0.2686932906574487,1.0,0.0,0.8217296694708114,0.041160014156131686,-0.7780746951591373,-0.10999999999999988,-0.029999999999999805,-0.4500000000000002,-0.008547008547008517,-0.11450381679389321
2023-03-23,127.9000015258789,129.52999877929688,126.0199966430664,126.83999633789062,117.01081848144533,16677600.0,22.61000061035156,3.38,-0.0026734375717341052,-0.0026770175880159912,0.01572328741558593,-0.10000000000000009,-0.033193818042689394,0.4200933021917164,0.39204487745422595,0.2685262562677021,1.0,0.0,0.8169703498075702,0.01572328741558593,-0.773822533759008,-0.10000000000000009,-0.18000000000000016,-0.5,-0.050561797752809,-0.12886597938144329
2023-03-24,125.62999725341795,125.68000030517578,123.11000061035156,124.91000366210938,115.23039245605467,22311100.0,21.739999771118164,3.38,-0.015215909507315994,-0.015332859306681006,-0.038478585393539544,0.0,0.33778841080251354,0.32985365086743157,0.390190150821719,0.27011198222545096,1.0,0.0,0.8288006572027008,-0.038478585393539544,-0.7686193744370841,0.0,-0.010000000000000231,-0.5700000000000003,-0.002949852507374673,-0.14430379746835453
2023-03-27,126.79000091552734,129.3800048828125,126.29000091552734,128.49000549316406,118.53296661376952,18853900.0,20.600000381469727,3.53,0.028660617110840336,0.028257584287491592,-0.052437874960925224,0.1499999999999999,-0.15495426043538862,0.38908240370722896,0.40585104025906477,0.2763259557821787,1.0,0.0,0.8443024160535153,-0.052437874960925224,-0.7676182117499937,0.1499999999999999,0.05999999999999961,-0.3900000000000001,0.01729106628242061,-0.09948979591836737
2023-03-28,128.7100067138672,129.33999633789062,127.73999786376952,128.8800048828125,118.89273071289062,10820500.0,19.96999931335449,3.55,0.003035139585203961,0.0030305428478640413,-0.030582575555772373,0.020000000000000018,-0.42608691040050073,0.3273342405388938,0.4039617728620001,0.27612696188442143,1.0,0.0,0.8528691966345906,-0.030582575555772373,-0.7704808924844383,0.020000000000000018,-0.040000000000000036,-0.3700000000000001,-0.011142061281337101,-0.0943877551020409
2023-03-29,130.10000610351562,130.22000122070312,127.7699966430664,129.13999938964844,119.1325912475586,14595300.0,19.1200008392334,3.57,0.0020174533230901126,0.002015420997090865,-0.042563770823600966,0.020000000000000018,0.3488563375075089,0.25190259407630955,0.4047955338607861,0.2757898918815131,1.0,0.0,0.8644275110416263,-0.042563770823600966,-0.7711558400457419,0.020000000000000018,0.08999999999999986,-0.43999999999999995,0.025862068965517127,-0.1097256857855361
2023-03-30,129.9499969482422,130.1199951171875,127.6500015258789,128.75,118.77279663085938,12134700.0,19.020000457763672,3.55,-0.0030201191204811684,-0.003024688883370336,-0.005230145244791484,-0.020000000000000018,-0.16858851822161924,0.25241290123341514,0.404315315066106,0.27531824277037414,1.0,0.0,0.8657873203648674,-0.005230145244791484,-0.7868762749831345,-0.020000000000000018,0.16999999999999993,-0.5300000000000002,0.050295857988165604,-0.12990196078431382
2023-03-31,129.66000366210938,130.33999633789062,128.85000610351562,130.30999755859375,120.21192169189452,13105200.0,18.700000762939453,3.48,0.01211662183477813,0.01204380319294617,-0.01682437892337696,-0.06999999999999984,0.07997725530915467,0.195665395033207,0.40029279492448844,0.2758029012877231,1.0,0.0,0.8701386894502746,-0.01682437892337696,-0.7782496535808289,-0.06999999999999984,0.10000000000000009,-0.4900000000000002,0.029585798816567976,-0.1234256926952142
2023-04-03,129.91000366210938,131.44000244140625,129.41000366210938,130.16000366210938,120.07353973388672,11775400.0,18.549999237060547,3.43,-0.0011511500362041405,-0.0011518131183272525,-0.008021471644866773,-0.04999999999999982,-0.10147117174861886,0.09236734898806116,0.4004880488117998,0.2758035181729584,1.0,0.0,0.8721784164032391,-0.008021471644866773,-0.7784423444344961,-0.04999999999999982,-0.09999999999999964,-0.5499999999999998,-0.028328611898016942,-0.13819095477386933
2023-04-04,130.5,130.58999633789062,127.41000366210938,128.4199981689453,118.4683837890625,11579900.0,19.0,3.35,-0.01336810714818315,-0.013458264684482283,0.02425880223436394,-0.08000000000000007,-0.016602408410754665,0.1459588531708907,0.3909166271886323,0.27395514491657563,1.0,0.0,0.8660592874167568,0.02425880223436394,-0.7751905263219244,-0.08000000000000007,-0.19999999999999973,-0.6200000000000001,-0.05633802816901401,-0.1561712846347607
2023-04-05,126.8000030517578,128.14999389648438,126.45999908447266,127.61000061035156,118.64501953125,9614700.0,19.07999992370605,3.3,0.0014909947830639148,0.0014898843539679792,0.004210522300318376,-0.050000000000000266,-0.16970785585367754,0.1453860295081486,0.3912726598446823,0.27393929463056615,1.0,0.0,0.864971445145405,0.004210522300318376,-0.7784602432590734,-0.050000000000000266,-0.27,-0.6800000000000002,-0.07563025210084029,-0.170854271356784
2023-04-06,127.0,128.0800018310547,126.86000061035156,127.47000122070312,118.5148696899414,8760200.0,18.399999618530277,3.3,-0.001096968434265544,-0.0010975705445093282,-0.035639429134949996,0.0,-0.08887432785214311,0.14418387221782275,0.3391821877307368,0.27314364396072693,1.0,0.0,0.8742181174199979,-0.035639429134949996,-0.6972931850417372,0.0,-0.25,-0.6300000000000003,-0.07042253521126762,-0.16030534351145043
2023-04-10,126.54000091552734,128.22999572753906,126.22000122070312,127.88999938964844,118.90535736083984,9477300.0,18.96999931335449,3.41,0.0032948411614510675,0.0032894250658338808,0.030978244926167076,0.11000000000000032,0.08185886166982481,0.10434110581519007,0.32575182909579026,0.2727157077601578,1.0,0.0,0.8664672379945908,0.030978244926167076,-0.8767710212645043,0.11000000000000032,-0.06999999999999984,-0.29000000000000004,-0.02011494252873558,-0.07837837837837835
2023-04-11,128.3000030517578,128.94000244140625,127.54000091552734,128.52000427246094,119.49110412597656,10516300.0,19.100000381469727,3.43,0.004926159578825029,0.004914065755866392,0.0068529822256619966,0.020000000000000018,0.10963037996053737,0.11632585494387562,0.3206784334851189,0.2730157693627801,1.0,0.0,0.8646994780935156,0.0068529822256619966,-0.8652935158672427,0.020000000000000018,0.0,-0.11999999999999966,0.0,-0.033802816901408406
2023-04-12,129.17999267578125,130.42999267578125,128.05999755859375,128.5,119.47248840332033,11821000.0,19.09000015258789,3.41,-0.00015579170342761017,-0.00015580384021559557,-0.000523572182309362,-0.020000000000000018,0.12406454741686712,0.039022181830380025,0.3056669635111124,0.26753628252295303,1.0,0.0,0.8648354616194602,-0.000523572182309362,-0.8486875978839605,-0.020000000000000018,0.06000000000000005,-0.22999999999999998,0.017910447761193993,-0.06318681318681318
2023-04-13,128.4600067138672,129.0399932861328,126.83000183105467,128.99000549316406,119.92807006835938,12450200.0,17.799999237060547,3.45,0.0038132767729845973,0.0038060246634647877,-0.06757469383008197,0.040000000000000036,0.05322730733440495,0.04165675107143212,0.2518575112431413,0.26617374153205686,1.0,0.0,0.8823769474232392,-0.06757469383008197,-0.7950493492669246,0.040000000000000036,0.15000000000000036,-0.05999999999999961,0.045454545454545636,-0.017094017094017033
2023-04-14,135.14999389648438,139.1199951171875,134.89999389648438,138.72999572753906,128.98382568359375,43931300.0,17.06999969482422,3.52,0.07550989197168412,0.07279486723954208,-0.04101121199580893,0.06999999999999984,2.5285617901720454,0.4966650488046906,0.35489430167387925,0.29986926207619446,1.0,0.0,0.89230351139135,-0.04101121199580893,-0.6186389302103219,0.06999999999999984,0.2200000000000002,-0.040000000000000036,0.06666666666666665,-0.011235955056179803
2023-04-17,139.9499969482422,140.05999755859375,137.66000366210938,139.8300018310547,130.00653076171875,16050500.0,16.950000762939453,3.6,0.007928940490831593,0.007897671619439241,-0.007029814530175482,0.08000000000000007,-0.6346454577943288,0.4897207124867569,0.31866420481308544,0.2988570564468887,1.0,0.0,0.8939352618302749,-0.007029814530175482,-0.49537742373903665,0.08000000000000007,0.18999999999999995,0.20999999999999996,0.055718475073313734,0.06194690265486735
2023-04-18,140.27000427246094,141.77999877929688,139.02999877929688,141.39999389648438,131.4662322998047,13760100.0,16.829999923706055,3.58,0.01122790931758133,0.011165344224970468,-0.007079695211328563,-0.020000000000000018,-0.14269960437369555,0.48125432413701147,0.31880337840642853,0.29960206347039964,1.0,0.0,0.8955670382054054,-0.007079695211328563,-0.4900461117233062,-0.020000000000000018,0.1499999999999999,0.10999999999999988,0.0437317784256559,0.03170028818443793
2023-04-19,141.22999572753906,141.5,140.39999389648438,141.22000122070312,131.2989044189453,9158100.0,16.459999084472656,3.6,-0.0012727822037053027,-0.0012735928789226727,-0.02198460136130065,0.020000000000000018,-0.3344452438572394,0.48412905294548375,0.30992655960676924,0.29795045627945366,1.0,0.0,0.900598324920536,-0.02198460136130065,-0.44147218073897415,0.020000000000000018,0.18999999999999995,0.010000000000000231,0.055718475073313734,0.0027855153203342198
2023-04-20,139.91000366210938,141.42999267578125,139.83999633789062,140.80999755859375,130.9176788330078,10586200.0,17.170000076293945,3.54,-0.0029034940361809536,-0.0029077173518857174,0.043134935073663616,-0.06000000000000005,0.15593845885063495,0.49940224079941187,0.28995439483335983,0.2975690855062093,1.0,0.0,0.8909437020681089,0.043134935073663616,-0.34973722412970115,-0.06000000000000005,0.08999999999999986,0.06000000000000005,0.02608695652173898,0.01724137931034475
2023-04-21,139.74000549316406,141.11000061035156,138.77999877929688,140.5399932861328,130.66665649414062,11842500.0,16.770000457763672,3.57,-0.0019174059691920986,-0.0019192465451479787,-0.023296424971048224,0.029999999999999805,0.11867336721391997,0.102631310213682,0.2896839615866256,0.29746270111044243,1.0,0.0,0.8963829134248679,-0.023296424971048224,-0.3271652611736236,0.029999999999999805,0.04999999999999982,0.18999999999999995,0.014204545454545414,0.056213017751479244
2023-04-24,140.4600067138672,141.10000610351562,140.0399932861328,140.72999572753906,130.84329223632812,7567500.0,16.889999389648438,3.52,0.0013518042546334375,0.0013508913898457428,0.0071555711752655515,-0.04999999999999982,-0.36098796706776437,0.09119832184777732,0.2796350159847515,0.2972209812388898,1.0,0.0,0.894751162985943,0.0071555711752655515,-0.40582222461596235,-0.04999999999999982,-0.08000000000000007,0.14000000000000012,-0.022222222222222254,0.041420118343195256
2023-04-25,139.60000610351562,139.9600067138672,137.6300048828125,137.6699981689453,127.99828338623048,10629300.0,18.76000022888184,3.4,-0.021743635470124145,-0.02198351187661698,0.11071645392595397,-0.1200000000000001,0.40459861248761153,0.14974456064934977,0.2842678776840027,0.3006370657871627,1.0,0.0,0.869322814230812,0.11071645392595397,-0.46141958889349005,-0.1200000000000001,-0.18000000000000016,-0.1299999999999999,-0.05027932960893855,-0.03682719546742208
2023-04-26,137.6199951171875,137.80999755859375,134.0,135.22999572753906,125.72970581054688,14416100.0,18.84000015258789,3.43,-0.017723500000685566,-0.017882442033157333,0.004264388205224456,0.03000000000000025,0.35626052515217377,0.16674157022425545,0.2945651521545518,0.3023531423984499,1.0,0.0,0.8682349719594603,0.004264388205224456,-0.46449215143640915,0.03000000000000025,-0.16999999999999993,-0.11999999999999966,-0.047222222222222165,-0.033802816901408406
2023-04-27,136.0,137.91000366210938,135.66000366210938,137.0500030517578,127.42185974121094,9041100.0,17.030000686645508,3.53,0.013458664519694796,0.013368901193825404,-0.09607215771140842,0.09999999999999964,-0.37284702520099056,0.23015096708957544,0.2969138145779101,0.3033934082296535,1.0,0.0,0.8928474195589231,-0.09607215771140842,-0.47458906159142644,0.09999999999999964,-0.010000000000000231,-0.040000000000000036,-0.0028248587570621764,-0.011204481792717047
2023-04-28,136.55999755859375,138.32000732421875,135.6699981689453,138.24000549316406,128.52822875976562,9887300.0,15.779999732971191,3.44,0.008682725403644787,0.008645247328403974,-0.07339993560038638,-0.08999999999999986,0.09359480594175484,0.2514861289387221,0.2964731061619246,0.3038897745753429,1.0,0.0,0.9098449842270262,-0.07339993560038638,-0.46594024114777083,-0.08999999999999986,-0.1299999999999999,-0.10999999999999988,-0.036414565826330514,-0.030985915492957705
2023-05-01,142.25999450683594,143.3699951171875,140.8300018310547,141.1999969482422,131.28028869628906,20415800.0,16.079999923706055,3.59,0.021412105053337127,0.02118608659385663,0.01901141925294425,0.1499999999999999,1.064850869296977,0.3077312480013391,0.30151789130786366,0.30681017856221887,1.0,0.0,0.9057655692254056,0.01901141925294425,-0.4234092685959387,0.1499999999999999,0.06999999999999984,0.10999999999999988,0.019886363636363535,0.031609195402298784
2023-05-02,141.39999389648438,142.41000366210938,138.42999267578125,138.9199981689453,129.16046142578125,14113400.0,17.780000686645508,3.44,-0.016147338580370874,-0.01627912747083272,0.10572144098292036,-0.1499999999999999,-0.30870208368028684,0.2829461606528689,0.3098801840270072,0.3070730804405555,1.0,0.0,0.882648888538923,0.10572144098292036,-0.47526579717560713,-0.1499999999999999,0.040000000000000036,0.009999999999999787,0.0117647058823529,0.002915451895043608
2023-05-03,138.44000244140625,138.6699981689453,135.75999450683594,135.97999572753906,126.42701721191406,12930900.0,18.34000015258789,3.38,-0.021163165443148335,-0.021390315758753938,0.031496031738794894,-0.06000000000000005,-0.08378562217467089,0.298967577608888,0.3168875058106326,0.3098685224431131,1.0,0.0,0.8750339926394605,0.031496031738794894,-0.48210065803095287,-0.06000000000000005,-0.050000000000000266,0.029999999999999805,-0.014577259475218707,0.008955223880596996
2023-05-04,134.9600067138672,135.72000122070312,131.80999755859375,134.1199951171875,124.69767761230467,17089200.0,20.09000015258789,3.37,-0.013678560467108913,-0.01377297392406966,0.09541984653435587,-0.009999999999999787,0.32157854441686196,0.2908148743802645,0.3225925015672831,0.3098793240721117,1.0,0.0,0.85123742025946,0.09541984653435587,-0.5083790162416755,-0.009999999999999787,-0.1599999999999997,0.07000000000000028,-0.04532577903682711,0.021212121212121238
2023-05-05,136.44000244140625,137.8800048828125,135.91000366210938,136.74000549316406,127.13360595703124,11261400.0,17.190000534057617,3.44,0.0195346729094672,0.019346320173983994,-0.14435040301165503,0.06999999999999984,-0.34102240011235163,0.32837361678536764,0.3277007312222465,0.31239430517458977,1.0,0.0,0.8906717350162195,-0.14435040301165503,-0.531736900069991,0.06999999999999984,0.0,0.14000000000000012,0.0,0.042424242424242475
2023-05-08,137.49000549316406,137.97000122070312,136.47999572753906,137.07000732421875,127.4404296875,7484900.0,16.979999542236328,3.52,0.0024133959558456652,0.00241048839295321,-0.01221646220459538,0.08000000000000007,-0.3353490684994761,0.26516771208243584,0.32772342904320784,0.31085284606856467,1.0,0.0,0.8935273371886465,-0.01221646220459538,-0.5341264919319986,0.08000000000000007,-0.06999999999999984,0.10999999999999988,-0.01949860724233976,0.032258064516129004
2023-05-09,135.92999267578125,136.9499969482422,135.2100067138672,136.41000366210938,126.82681274414062,7343600.0,17.709999084472656,3.53,-0.004814931532042377,-0.004826560658854374,0.042991729205911655,0.009999999999999787,-0.01887800772221404,0.24899937325269403,0.3289741497282272,0.3108352755576571,1.0,0.0,0.8836007732205358,0.042991729205911655,-0.5403436792939721,0.009999999999999787,0.08999999999999986,0.09999999999999964,0.026162790697674465,0.02915451895043719
2023-05-10,137.9499969482422,138.05999755859375,134.8699951171875,136.47999572753906,126.89188385009766,8133400.0,16.940000534057617,3.43,0.0005130705767109056,0.0005129390010057206,-0.0434781812659798,-0.09999999999999964,0.10754943079688428,0.192901411248693,0.3288981855533036,0.30996374375468977,1.0,0.0,0.8940712453562196,-0.0434781812659798,-0.5305963485028766,-0.09999999999999964,0.050000000000000266,0.020000000000000018,0.01479289940828421,0.0058651026392961825
2023-05-11,135.0,136.80999755859375,134.89999389648438,136.0500030517578,126.49209594726562,7057300.0,16.93000030517578,3.39,-0.0031506183902535456,-0.0031555920378318167,-0.0005903322648502796,-0.040000000000000036,-0.13230629257137239,0.1532486298411385,0.3296029742357559,0.30982957286804425,1.0,0.0,0.8942072288821643,-0.0005903322648502796,-0.5421834343826064,-0.040000000000000036,0.020000000000000018,-0.06000000000000005,0.005934718100890191,-0.017391304347826098
2023-05-12,136.82000732421875,136.99000549316406,133.1300048828125,134.10000610351562,124.6791000366211,9988600.0,17.030000686645508,3.46,-0.014332879039338331,-0.014436586897644084,0.005906696967935332,0.06999999999999984,0.4153571479177589,0.10401395345092132,0.2055204840622903,0.31091823024733706,1.0,0.0,0.8928474195589231,0.005906696967935332,-0.7046094258432538,0.06999999999999984,0.020000000000000018,-0.06000000000000005,0.005813953488372103,-0.017045454545454586
2023-05-15,134.27000427246094,135.6699981689453,133.9600067138672,135.22999572753906,125.72970581054688,7639500.0,17.1200008392334,3.5,0.008426478644914859,0.008391174063957929,0.005284800291198266,0.040000000000000036,-0.23517810303746267,0.1318192151400911,0.2058332879975882,0.3103402682730802,1.0,0.0,0.8916235937616267,0.005284800291198266,-0.6962368914666446,0.040000000000000036,-0.020000000000000018,-0.10000000000000009,-0.005681818181818232,-0.02777777777777779
2023-05-16,135.4600067138672,135.94000244140625,133.9600067138672,134.32000732421875,124.88363647460938,6477200.0,17.989999771118164,3.54,-0.006729271578924889,-0.006752015216414968,0.050817692128321434,0.040000000000000036,-0.15214346488644548,0.1344558164506308,0.2007753617852792,0.31049441457724725,1.0,0.0,0.8797933123027016,0.050817692128321434,-0.7089941642460674,0.040000000000000036,0.010000000000000231,-0.040000000000000036,0.0028328611898018607,-0.011173184357541888
2023-05-17,135.89999389648438,138.58999633789062,135.4600067138672,138.4499969482422,128.72349548339844,12711500.0,16.8700008392334,3.57,0.030747495165787786,0.03028426249354008,-0.062256750757876844,0.029999999999999805,0.9624992280615081,0.2761473156162423,0.2322562142782621,0.3146956202384995,1.0,0.0,0.8950231041016268,-0.062256750757876844,-0.7142010873969873,0.029999999999999805,0.13999999999999968,-0.03000000000000025,0.04081632653061207,-0.008333333333333415
2023-05-18,138.27000427246094,139.72999572753906,137.75999450683594,139.5,129.69970703125,10999600.0,16.049999237060547,3.65,0.007583786815185345,0.007555174472838149,-0.04860708721874096,0.08000000000000007,-0.13467332730204928,0.27186842331157446,0.23407303613921898,0.3146574201702338,1.0,0.0,0.9061735198032397,-0.04860708721874096,-0.7226860510749377,0.08000000000000007,0.2599999999999998,0.10999999999999988,0.07669616519174038,0.031073446327683607
2023-05-19,139.7899932861328,140.49000549316406,138.1300048828125,139.17999267578125,129.40219116210938,13492200.0,16.809999465942383,3.7,-0.0022938823529411456,-0.002296517331390644,0.0473520414335562,0.050000000000000266,0.2266082402996472,0.2271485276978084,0.2341079018495789,0.3142828555589975,1.0,0.0,0.8958390052572948,0.0473520414335562,-0.7223319521238628,0.050000000000000266,0.2400000000000002,0.13000000000000034,0.06936416184971095,0.036414565826330625
2023-05-22,141.0,141.63999938964844,137.66000366210938,138.02999877929688,128.3330078125,11402500.0,17.209999084472656,3.72,-0.008262482574734387,-0.008296806079545744,0.02379533796777844,0.020000000000000018,-0.1548820800166022,0.2522394231635407,0.23560379200643475,0.3141855870618087,1.0,0.0,0.8903997939005358,0.02379533796777844,-0.7248487523102204,0.020000000000000018,0.2200000000000002,0.20000000000000018,0.06285714285714294,0.05681818181818188
2023-05-23,137.5399932861328,139.02999877929688,136.4600067138672,136.58999633789062,126.99414825439452,9514900.0,18.530000686645508,3.7,-0.010432698344151725,-0.010487500430508721,0.07669969043541625,-0.020000000000000018,-0.16554264415698317,0.2635055510214502,0.2253129116694385,0.3143218247540787,1.0,0.0,0.8724503575189229,0.07669969043541625,-0.6967450353892299,-0.020000000000000018,0.16000000000000014,0.30000000000000027,0.04519774011299438,0.08823529411764719
2023-05-24,135.39999389648438,136.35000610351562,135.0800018310547,135.33999633789062,125.83195495605467,8578000.0,20.030000686645508,3.73,-0.009151550006947895,-0.00919368269061898,0.0809498081174409,0.029999999999999805,-0.09846661551881786,0.11838740884046478,0.21837202614919382,0.31426151763013077,1.0,0.0,0.8520532954789225,0.0809498081174409,-0.7316150242346606,0.029999999999999805,0.16000000000000014,0.2999999999999998,0.04481792717086841,0.0874635568513118
2023-05-25,134.82000732421875,136.27000427246094,134.5800018310547,135.6699981689453,126.13876342773438,8472500.0,19.13999938964844,3.83,0.002438239728428604,0.0024352720449123044,-0.0444334132045463,0.10000000000000009,-0.012298904173467018,0.08678450015381717,0.2129014327167862,0.3141720610149302,1.0,0.0,0.8641555699259424,-0.0444334132045463,-0.7103779621278984,0.10000000000000009,0.18000000000000016,0.30000000000000027,0.049315068493150704,0.08498583569405116
2023-05-26,136.11000061035156,137.60000610351562,135.6300048828125,136.94000244140625,127.31957244873048,8579900.0,17.950000762939453,3.8,0.009361190714958889,0.009317646309870501,-0.06217338895802571,-0.03000000000000025,0.012676305694895307,0.13826481190109993,0.21329777660299756,0.31416400920103593,1.0,0.0,0.8803372204702747,-0.06217338895802571,-0.7137014202914604,-0.03000000000000025,0.09999999999999964,0.3599999999999999,0.027027027027026973,0.10465116279069764
2023-05-30,136.8000030517578,137.72000122070312,136.02000427246094,137.4600067138672,127.80303955078124,7399900.0,17.459999084472656,3.69,0.0037972724283648063,0.0037900809889045033,-0.027298142486906207,-0.10999999999999988,-0.13753074045152036,0.13706429902920683,0.19827911730585726,0.31190860831533146,1.0,0.0,0.8870002835605357,-0.027298142486906207,-0.7909195855786333,-0.10999999999999988,-0.03000000000000025,0.10000000000000009,-0.008064516129032362,0.027855153203342642
2023-05-31,136.72999572753906,136.83999633789062,134.39999389648438,135.7100067138672,126.1760025024414,14219900.0,17.940000534057617,3.64,-0.012730816528767619,-0.012812547784883771,0.02749149339943724,-0.04999999999999982,0.9216340761361641,0.14794928647035513,0.19517298044165296,0.31273297492348273,1.0,0.0,0.8804732039962194,0.02749149339943724,-0.7701175592036396,-0.04999999999999982,-0.06000000000000005,0.20000000000000018,-0.016216216216216273,0.058139534883721034
2023-06-01,136.52000427246094,138.22999572753906,135.4499969482422,137.5800018310547,127.91461181640624,12248100.0,15.649999618530272,3.61,0.013779239153904888,0.01368516860013356,-0.1276477618370171,-0.03000000000000025,-0.13866482886658837,0.1596679789249725,0.18649303297554512,0.30810640011260154,1.0,0.0,0.9116127311599986,-0.1276477618370171,-0.8003656823258744,-0.03000000000000025,-0.1200000000000001,0.22999999999999998,-0.03217158176943702,0.06804733727810652
2023-06-02,139.55999755859375,141.47999572753906,139.33999633789062,140.47000122070312,130.6015625,12922500.0,14.600000381469728,3.69,0.021005815093668057,0.020788234654720687,-0.06709260464244993,0.08000000000000007,0.05506160139123617,0.2012697760318832,0.19148640000406367,0.3107620885751834,1.0,0.0,0.9258906642135165,-0.06709260464244993,-0.7854423619672672,0.08000000000000007,-0.14000000000000012,0.31999999999999984,-0.03655352480417762,0.09495548961424327
2023-06-05,140.11000061035156,140.11000061035156,138.1300048828125,139.08999633789062,129.3185272216797,8511900.0,14.729999542236328,3.69,-0.009824042329664384,-0.009872616625957894,0.008904051874655705,0.0,-0.34131166569936155,0.23098532456965254,0.18499236632545993,0.28884818035802146,1.0,0.0,0.924122930248647,0.008904051874655705,-0.7524233201292782,0.0,-0.10999999999999988,0.25,-0.02894736842105261,0.07267441860465107
2023-06-06,138.67999267578125,140.10000610351562,138.2100067138672,139.33999633789062,129.5509796142578,9329500.0,13.960000038146973,3.7,0.0017975180940597024,0.0017959044917739658,-0.05227423815469123,0.010000000000000231,0.09605376003007549,0.23105235257214204,0.18493654942724522,0.2845408910085813,1.0,0.0,0.9345934153524337,-0.05227423815469123,-0.7421013165666255,0.010000000000000231,0.010000000000000231,0.18000000000000016,0.0027100271002711285,0.05113636363636376
2023-06-07,139.5500030517578,141.27000427246094,138.8300018310547,140.69000244140625,130.80613708496094,9281400.0,13.9399995803833,3.79,0.009688521649472648,0.009641888883371294,-0.0014326975436259604,0.08999999999999986,-0.005155688943673242,0.18670920764378487,0.18620298993603795,0.2823252509003061,1.0,0.0,0.934865382404323,-0.0014326975436259604,-0.7230960646162875,0.08999999999999986,0.1499999999999999,0.26000000000000023,0.041208791208791284,0.07365439093484416
2023-06-08,140.6699981689453,140.88999938964844,139.47999572753906,140.72999572753906,130.84329223632812,7368100.0,13.649999618530272,3.73,0.00028404746287291616,0.00028400712902997027,-0.020803441218256835,-0.06000000000000005,-0.20614346973516928,0.18158811138227696,0.1862215867809693,0.2778376229082578,1.0,0.0,0.938808813879999,-0.020803441218256835,-0.73163014347088,-0.06000000000000005,0.1200000000000001,0.2999999999999998,0.033240997229917024,0.0874635568513118
2023-06-09,140.35000610351562,141.8000030517578,140.2100067138672,141.00999450683594,131.10362243652344,7249100.0,13.829999923706056,3.75,0.001989633520724121,0.0019876568214545476,0.013186835912539552,0.020000000000000018,-0.016150703709232994,0.11076580016895428,0.18539709316730538,0.25816929638901975,1.0,0.0,0.936361162285406,0.013186835912539552,-0.7281258197891157,0.020000000000000018,0.06000000000000005,0.3599999999999999,0.016260162601626105,0.10619469026548667
2023-06-12,141.07000732421875,141.32000732421875,139.75999450683594,141.0,131.0943145751953,7596600.0,15.010000228881836,3.73,-7.099621776374132e-05,-7.099873811450065e-05,0.08532178681744873,-0.020000000000000018,0.04793698528093149,0.06301313071372039,0.17546733846981338,0.25559283922501175,1.0,0.0,0.9203154693308129,0.08532178681744873,-0.7157935950427503,-0.020000000000000018,0.040000000000000036,0.27,0.01084010840108407,0.07803468208092479
2023-06-13,140.47999572753906,142.8699951171875,140.13999938964844,142.02000427246094,132.04269409179688,7701600.0,14.609999656677246,3.84,0.00723432987673589,0.0072082876357003,-0.02664893844804339,0.10999999999999988,0.013821972987915654,0.06936587698529423,0.17499096742471756,0.24191520962437058,1.0,0.0,0.9257546936556746,-0.02664893844804339,-0.7292572571653558,0.10999999999999988,0.13999999999999968,0.33999999999999986,0.03783783783783767,0.0971428571428572
2023-06-14,143.0,143.61000061035156,140.6999969482422,141.49000549316406,131.5499267578125,9068700.0,13.880000114440918,3.83,-0.0037318788242975964,-0.003738859657237604,-0.0499657467070983,-0.009999999999999787,0.17750856964786532,0.0632718989251927,0.17320731477529594,0.2415733970079955,1.0,0.0,0.9356812576237855,-0.0499657467070983,-0.6788733528807127,-0.009999999999999787,0.040000000000000036,0.29000000000000004,0.01055408970976246,0.08192090395480234
2023-06-15,140.58999633789062,143.39999389648438,140.02999877929688,143.08999633789062,133.03753662109375,9343100.0,14.5,3.72,0.01130832908801227,0.011244867913047097,0.044668579282937326,-0.10999999999999988,0.03025792009880135,0.09425756602367234,0.14348017219894196,0.23693442123730352,1.0,0.0,0.9272504735367577,0.044668579282937326,-0.6162128812085266,-0.10999999999999988,-0.009999999999999787,0.15000000000000036,-0.002680965147452974,0.04201680672268915
2023-06-16,143.0500030517578,143.97000122070312,142.5,143.25999450683594,133.19557189941406,13813500.0,13.539999961853027,3.77,0.0011878999140702007,0.0011871949192209243,-0.06620689918254985,0.04999999999999982,0.4784707431152402,0.09514086471142302,0.14177344468532296,0.2297431804561341,1.0,0.0,0.940304593761082,-0.06620689918254985,-0.5863726701777524,0.04999999999999982,0.020000000000000018,0.1200000000000001,0.005333333333333412,0.03287671232876721
2023-06-20,142.61000061035156,143.0,141.0399932861328,142.52999877929688,132.51683044433594,8428600.0,13.880000114440918,3.74,-0.005095825975286128,-0.005108853974260954,0.025110794205745357,-0.029999999999999805,-0.38982879067578813,0.11129127002190933,0.14307304146648683,0.23001370858044964,1.0,0.0,0.9356812576237855,0.025110794205745357,-0.5914346411315747,-0.029999999999999805,0.010000000000000231,0.040000000000000036,0.002680965147453085,0.010810810810810922
2023-06-21,142.89999389648438,144.02000427246094,141.69000244140625,142.32000732421875,132.3216094970703,9926500.0,13.199999809265137,3.72,-0.0014731785133332842,-0.0014742647077025603,-0.048991376049651536,-0.020000000000000018,0.1777163467242484,0.10325110866040646,0.13906702456050807,0.2272712882048927,1.0,0.0,0.9449279298983786,-0.048991376049651536,-0.5601746230565543,-0.020000000000000018,-0.11999999999999966,0.0,-0.03124999999999989,0.0
2023-06-22,142.30999755859375,142.60000610351562,138.9499969482422,139.5800018310547,129.7740936279297,10075200.0,12.90999984741211,3.8,-0.01925245527788888,-0.019440197365289017,-0.02196969439722829,0.07999999999999963,0.014980103762655572,0.17696822273116436,0.1523271471932471,0.22501809198907527,1.0,0.0,0.9488713613740545,-0.02196969439722829,-0.4227704736822519,0.07999999999999963,-0.03000000000000025,0.09999999999999964,-0.007832898172323799,0.027027027027026973
2023-06-23,138.5399932861328,139.17999267578125,137.6199951171875,138.85000610351562,129.0954132080078,9919500.0,13.4399995803833,3.74,-0.005229706491864938,-0.005243429271844053,0.041053426741707755,-0.05999999999999961,-0.015453787517865636,0.12653442433284398,0.14941003268541875,0.2254178380651295,1.0,0.0,0.9416644030843232,0.041053426741707755,-0.38641787293103985,-0.05999999999999961,0.020000000000000018,0.010000000000000231,0.005376344086021501,0.002680965147453085
2023-06-26,138.8699951171875,140.00999450683594,137.69000244140625,139.19000244140625,129.41151428222656,8429700.0,14.25,3.72,0.0024485848595521276,0.002445591960227965,0.06026789024599055,-0.020000000000000018,-0.15018902162407377,0.1312740729934079,0.1494110953146184,0.22542480489851396,1.0,0.0,0.9306499838767578,0.06026789024599055,-0.3546947749083352,-0.020000000000000018,-0.04999999999999982,-0.10999999999999988,-0.013262599469495928,-0.028720626631853707
2023-06-27,139.0,139.83999633789062,138.5399932861328,139.1999969482422,129.4207763671875,8154000.0,13.739999771118164,3.77,7.157079501229902e-05,7.156823394514734e-05,-0.03578948974609375,0.04999999999999982,-0.03270579024164566,0.13788851217762843,0.14638880262622553,0.22525568464920348,1.0,0.0,0.9375849880827025,-0.03578948974609375,-0.32066896295313474,0.04999999999999982,0.029999999999999805,-0.029999999999999805,0.008021390374331583,-0.007894736842105177
2023-06-28,139.16000366210938,139.2100067138672,137.9600067138672,138.58999633789062,128.85366821289062,7558600.0,13.43000030517578,3.71,-0.004381894238432715,-0.004391522875064525,-0.022561824680231157,-0.06000000000000005,-0.07301937699288696,0.13507820601815804,0.14706521830118408,0.22446517934854707,1.0,0.0,0.9418003736421651,-0.022561824680231157,-0.3081989638180619,-0.06000000000000005,-0.010000000000000231,0.020000000000000018,-0.0026881720430108613,0.005420054200542035
2023-06-29,140.07000732421875,143.55999755859375,139.85000610351562,143.42999267578125,133.35360717773438,15423200.0,13.539999961853027,3.85,0.0349228627112812,0.03432689515855395,0.008190592269372798,0.14000000000000012,1.0404836874553487,0.26121088312565527,0.18191712665213988,0.23446017983680964,1.0,0.0,0.940304593761082,0.008190592269372798,-0.13752384865043787,0.14000000000000012,0.050000000000000266,0.20999999999999996,0.013157894736842257,0.05769230769230771
2023-06-30,144.60000610351562,146.0,143.66000366210938,145.44000244140625,135.22244262695312,14212800.0,13.59000015258789,3.81,0.01401413496620263,0.01391684488071152,0.00369277628328879,-0.040000000000000036,-0.07847917423102857,0.24685523116319205,0.18210332013782085,0.23358725043041342,1.0,0.0,0.9396246890994615,0.00369277628328879,-0.009073092814078669,-0.040000000000000036,0.06999999999999984,0.20000000000000018,0.018716577540106805,0.05540166204986163
2023-07-03,146.19000244140625,147.47999572753906,146.0,146.61000061035156,136.31024169921875,8021600.0,13.56999969482422,3.86,0.008044515770703864,0.008012331144980036,-0.001471704013179198,0.04999999999999982,-0.435607339862659,0.2402288687843062,0.17062995407959378,0.23388428815524884,1.0,0.0,0.9398966561513508,-0.001471704013179198,0.13129296144009617,0.04999999999999982,0.13999999999999968,0.16999999999999993,0.037634408602150504,0.046070460704606964
2023-07-05,144.94000244140625,145.42999267578125,144.36000061035156,144.63999938964844,135.40219116210938,8934900.0,14.18000030517578,3.95,-0.006661645711941944,-0.0066839335111638825,0.0449521462100122,0.0900000000000003,0.11385509125361515,0.2622796598452769,0.16800801699708146,0.23451162140892395,1.0,0.0,0.9316018426221649,0.0449521462100122,0.09489531413753922,0.0900000000000003,0.18000000000000016,0.26000000000000023,0.04774535809018565,0.07046070460704623
2023-07-06,143.02000427246094,143.38999938964844,141.44000244140625,143.2100067138672,134.06350708007812,9709500.0,15.4399995803833,4.05,-0.009886723918880458,-0.00993592211504371,0.08885749281314292,0.09999999999999964,0.08669375146895875,0.282348031974294,0.17354344794846718,0.23581671586715544,1.0,0.0,0.9144683203643227,0.08885749281314292,-0.02656809230758735,0.09999999999999964,0.33999999999999986,0.34999999999999964,0.09164420485175206,0.09459459459459452
2023-07-07,143.91000366210938,145.83999633789062,143.0,144.33999633789062,135.121337890625,8981500.0,14.829999923706056,4.06,0.007890520198871265,0.007859552836766278,-0.03950775085850755,0.009999999999999787,-0.07497811421803391,0.16427666482733896,0.17257588857178846,0.23604933875338052,1.0,0.0,0.9227631209254058,-0.03950775085850755,-0.04961533284656211,0.009999999999999787,0.20999999999999952,0.2699999999999996,0.05454545454545445,0.07124010554089688
2023-07-10,144.5,145.99000549316406,144.5,145.14999389648438,135.8795928955078,9100100.0,15.06999969482422,4.01,0.005611659984425144,0.005595973278811715,0.01618339665224955,-0.04999999999999982,0.013204921226966482,0.1365534886576536,0.1730587195886393,0.23611419990204277,1.0,0.0,0.9194995941113504,0.01618339665224955,-0.04950619313699629,-0.04999999999999982,0.19999999999999973,0.2799999999999998,0.052493438320209806,0.07506702412868638
2023-07-11,146.33999633789062,147.82000732421875,145.7100067138672,147.4199981689453,138.00460815429688,11260900.0,14.84000015258789,3.99,0.015638958091545252,0.015517929793201587,-0.015262080085862495,-0.019999999999999574,0.23744794013252601,0.167769002491059,0.17969861126582015,0.23768094924051972,1.0,0.0,0.9226271373994612,-0.015262080085862495,-0.07502442217193361,-0.019999999999999574,0.13000000000000034,0.2400000000000002,0.03367875647668406,0.06400000000000006
2023-07-12,147.4499969482422,149.8699951171875,147.0,148.14999389648438,138.68798828125,11323200.0,13.539999961853027,3.86,0.00495186455070451,0.004939644394542254,-0.0876010901191373,-0.13000000000000034,0.0055324174799527,0.1467931229376122,0.17960394970987684,0.18706039544727743,1.0,0.0,0.940304593761082,-0.0876010901191373,-0.06980312539886174,-0.13000000000000034,-0.0900000000000003,0.1299999999999999,-0.0227848101265824,0.034852546916890104
2023-07-13,148.6999969482422,149.3699951171875,147.75,148.8699951171875,139.36199951171875,11234900.0,13.609999656677246,3.76,0.004859910644185783,0.004848139401171447,0.005169844536294876,-0.10000000000000009,-0.007798148933163773,0.07157248335856081,0.1790328141914281,0.18669871029097293,1.0,0.0,0.939352735015675,0.005169844536294876,-0.058167949912936216,-0.10000000000000009,-0.29000000000000004,-0.08000000000000007,-0.07160493827160497,-0.02083333333333337
2023-07-14,151.5500030517578,152.88999938964844,148.41000366210938,149.77000427246094,140.2045440673828,27028400.0,13.34000015258789,3.83,0.006045726658745476,0.006027524579683325,-0.019838318214570272,0.07000000000000028,1.4057535002536738,0.0725741654867104,0.17772767843182796,0.18581730281148115,1.0,0.0,0.9430241994394615,-0.019838318214570272,-0.10021321823952872,0.07000000000000028,-0.22999999999999954,0.0,-0.056650246305418595,0.0
2023-07-17,150.35000610351562,153.75,150.35000610351562,153.3800048828125,143.58395385742188,17262400.0,13.479999542236328,3.81,0.02410342555241929,0.023817523033040806,0.010494706750155292,-0.020000000000000018,-0.36132364475884626,0.13375976834383463,0.19043786630276996,0.19149249265602558,1.0,0.0,0.9411204819486473,0.010494706750155292,-0.10681287364677595,-0.020000000000000018,-0.19999999999999973,0.08999999999999986,-0.049875311720698146,0.024193548387096753
2023-07-18,153.3800048828125,154.39999389648438,152.82000732421875,153.66000366210938,143.8460693359375,13491700.0,13.300000190734863,3.8,0.0018255206899784326,0.0018238564521762058,-0.013353068072256224,-0.010000000000000231,-0.21843428491982575,0.13999863783401034,0.19033475429812807,0.19127368722340335,1.0,0.0,0.9435681205751374,-0.013353068072256224,-0.1299299169966915,-0.010000000000000231,-0.1900000000000004,0.029999999999999805,-0.04761904761904767,0.007957559681697646
2023-07-19,152.75,155.2100067138672,152.22000122070312,154.25,144.39842224121094,12510000.0,13.760000228881836,3.75,0.003839888763199184,0.0038325352088846567,0.03458646853760361,-0.04999999999999982,-0.07276325444532561,0.14187649695238963,0.1873784288023925,0.191188786974443,1.0,0.0,0.9373130210308132,0.03458646853760361,-0.10688760861291041,-0.04999999999999982,-0.10999999999999988,0.009999999999999787,-0.02849740932642486,0.002673796791443861
2023-07-20,154.52999877929688,156.58999633789062,154.41000366210938,156.14999389648438,146.17703247070312,9935900.0,13.989999771118164,3.85,0.012317379940073758,0.012242138239460623,0.016715082733324893,0.10000000000000009,-0.2057633892885692,0.1410064597700575,0.18810295325176513,0.19241124654856157,1.0,0.0,0.9341854777427026,0.016715082733324893,-0.1336350657154438,0.10000000000000009,0.0900000000000003,0.1299999999999999,0.02393617021276606,0.034946236559139754
2023-07-21,155.8000030517578,156.13999938964844,154.69000244140625,154.9499969482422,145.05369567871094,10636400.0,13.600000381469728,3.84,-0.007684769440215122,-0.007714449434609691,-0.02787701186768954,-0.010000000000000231,0.0705019172898278,0.18840741310201056,0.17181303390924832,0.18700935016861722,1.0,0.0,0.9394887055735167,-0.02787701186768954,-0.17157919558646959,-0.010000000000000231,0.009999999999999787,0.040000000000000036,0.0026109660574411553,0.010526315789473717
2023-07-24,154.97000122070312,158.7899932861328,154.72999572753906,158.0,147.90890502929688,14381400.0,13.90999984741211,3.86,0.01968380975904349,0.019492588806903625,0.022794077738759633,0.020000000000000018,0.3520928133579031,0.164823253080111,0.1736000867248045,0.18564611937892186,1.0,0.0,0.9352733200140543,0.022794077738759633,-0.08616640647413354,0.020000000000000018,0.04999999999999982,0.11999999999999966,0.013123359580052396,0.03208556149732611
2023-07-25,157.3000030517578,157.72000122070312,155.9600067138672,156.82000732421875,146.80429077148438,9944700.0,13.859999656677246,3.91,-0.007468206580217074,-0.007496233261533332,-0.003594550056315482,0.050000000000000266,-0.30850264925528803,0.19071678116361887,0.18036437573599656,0.1854527962601242,1.0,0.0,0.9359532246756749,-0.003594550056315482,-0.04926783723325446,0.050000000000000266,0.11000000000000032,0.18999999999999995,0.02894736842105261,0.051075268817204256
2023-07-26,156.7100067138672,158.25,156.27999877929688,157.75999450683594,147.68418884277344,8728600.0,13.1899995803833,3.86,0.0059936808840193034,0.005975790230403017,-0.04834055504259438,-0.050000000000000266,-0.1222862429233662,0.1911541848301859,0.1788693814784963,0.18514681226938473,1.0,0.0,0.9450639134243233,-0.04834055504259438,-0.07352778681935676,-0.050000000000000266,0.10999999999999988,0.08999999999999986,0.02933333333333321,0.023872679045092715
2023-07-27,157.77000427246094,158.77999877929688,155.5500030517578,156.02000427246094,146.05535888671875,10778400.0,14.40999984741211,4.01,-0.01102914244793507,-0.011090414373891718,0.09249433706148413,0.1499999999999999,0.2348372018422198,0.20301936870101644,0.1857764952268799,0.18289837856616764,1.0,0.0,0.9284742993340542,0.09249433706148413,-0.2588553039643115,0.1499999999999999,0.1599999999999997,0.2999999999999998,0.04155844155844157,0.08086253369272223
2023-07-28,157.27999877929688,157.60000610351562,156.44000244140625,156.91000366210938,146.88848876953125,9103800.0,13.329999923706056,3.96,0.005704206193890338,0.0056879988140215105,-0.07494794830966012,-0.04999999999999982,-0.15536628813181919,0.1937105642323788,0.15339291451983458,0.17913735474611298,1.0,0.0,0.9431601829654062,-0.07494794830966012,-0.3116519305007728,-0.04999999999999982,0.1200000000000001,0.10999999999999988,0.03125,0.02857142857142847
2023-07-31,157.17999267578125,159.3800048828125,157.14999389648438,157.9600067138672,147.87144470214844,8892700.0,13.630000114440918,3.97,0.006691851355074219,0.0066695603081176865,0.022505640844104002,0.010000000000000231,-0.02318811924690789,0.1355678339040717,0.1498164068213816,0.1724994209339873,1.0,0.0,0.9390807679637856,0.022505640844104002,-0.3153967646025158,0.010000000000000231,0.11000000000000032,0.16000000000000014,0.02849740932642497,0.04199475065616798
2023-08-01,157.42999267578125,158.0,156.14999389648438,157.17999267578125,147.14126586914062,6853900.0,13.93000030517578,4.05,-0.004937929932845253,-0.004950161792178949,0.022010285268964314,0.07999999999999963,-0.22926670190155973,0.12773714142397055,0.15278889396344547,0.16984740417683375,1.0,0.0,0.935001352962165,0.022010285268964314,-0.32808253759898715,0.07999999999999963,0.13999999999999968,0.18999999999999995,0.03580562659846542,0.04922279792746109
2023-08-02,155.55999755859375,155.69000244140625,153.94000244140625,155.39999389648438,145.4749298095703,8299400.0,16.09000015258789,4.08,-0.01132473646823362,-0.011389349577059208,0.15506100503167608,0.03000000000000025,0.21090182232013888,0.13943832709287998,0.1579077811555047,0.16870251455415458,1.0,0.0,0.905629585699461,0.15506100503167608,-0.4290843018213191,0.03000000000000025,0.2200000000000002,0.1299999999999999,0.05699481865284972,0.032911392405063244
2023-08-03,155.0,156.9199981689453,154.35000610351562,156.35000610351562,146.36427307128906,6084000.0,15.920000076293944,4.2,0.006113378180576667,0.006094767295921795,-0.010565573317698473,0.1200000000000001,-0.2669349591536737,0.12977134477800087,0.14974020570221305,0.16888671636312966,1.0,0.0,0.9079412537681092,-0.010565573317698473,-0.36231479643976405,0.1200000000000001,0.1900000000000004,0.15000000000000036,0.04738154613466339,0.0370370370370372
2023-08-04,156.39999389648438,157.8000030517578,155.6999969482422,156.02000427246094,146.05535888671875,6209400.0,17.100000381469727,4.05,-0.0021105846262076122,-0.002112815048822857,0.07412062182919787,-0.15000000000000036,0.020611439842209034,0.1213761409372153,0.15085481286328858,0.16848819882267585,1.0,0.0,0.8918955608135161,0.07412062182919787,-0.37769677676372826,-0.15000000000000036,0.08999999999999986,-0.009999999999999787,0.022727272727272707,-0.0024630541871920597
2023-08-07,156.60000610351562,157.6999969482422,156.60000610351562,156.75999450683594,146.74806213378906,7251800.0,15.770000457763672,4.09,0.004742744479561134,0.0047315331014547565,-0.07777777158106369,0.040000000000000036,0.1678745128353787,0.11408341629977999,0.1507563786794297,0.16851325983814974,1.0,0.0,0.9099809547848681,-0.07777777158106369,-0.3650824112664225,0.040000000000000036,0.11999999999999966,0.08000000000000007,0.030226700251889005,0.01995012468827939
2023-08-08,154.32000732421875,155.97999572753906,152.58999633789062,155.8800048828125,145.92430114746094,8623400.0,15.989999771118164,4.02,-0.0056134368955217395,-0.005629251442821964,0.013950495051900047,-0.07000000000000028,0.18913924818665717,0.11546136107628749,0.1477010047724116,0.16893874611183124,1.0,0.0,0.906989395022702,0.013950495051900047,-0.35814471793392494,-0.07000000000000028,-0.03000000000000025,0.02999999999999936,-0.007407407407407418,0.007518796992481036
2023-08-09,155.32000732421875,155.52000427246094,153.47000122070312,153.7899932861328,143.9677734375,6277800.0,15.960000038146973,4.0,-0.013407826486582342,-0.013498522999877473,-0.0018761559349974588,-0.019999999999999574,-0.2720040819166454,0.1270468246288065,0.15826495938280352,0.16855036376057494,1.0,0.0,0.9073973326324333,-0.0018761559349974588,-0.32241603540150093,-0.019999999999999574,-0.08000000000000007,0.14000000000000012,-0.019607843137254943,0.0362694300518136
2023-08-10,154.3800048828125,155.44000244140625,153.08999633789062,153.55999755859375,143.75247192382812,5995100.0,15.850000381469728,4.09,-0.001495484083216314,-0.0014966034356595878,-0.006892209048516729,0.08999999999999986,-0.045031699002835435,0.10594050365000317,0.15828290433799583,0.16826642524481042,1.0,0.0,0.9088931125135162,-0.006892209048516729,-0.31524570109899586,0.08999999999999986,-0.11000000000000032,0.33000000000000007,-0.02619047619047632,0.0877659574468086
2023-08-11,153.02999877929688,154.52000427246094,152.6300048828125,154.4499969482422,144.5856170654297,5180700.0,14.84000015258789,4.16,0.0057956926267190845,0.005778962211976907,-0.0637224103831967,0.07000000000000028,-0.1358442728228053,0.12586595431207023,0.1581920981169157,0.16736588793689636,1.0,0.0,0.9226271373994612,-0.0637224103831967,-0.3203463104843281,0.07000000000000028,0.11000000000000032,0.33000000000000007,0.02716049382716057,0.08616187989556146
2023-08-14,153.61000061035156,154.9199981689453,152.9199981689453,154.77000427246094,144.8851776123047,5044300.0,14.81999969482422,4.19,0.002071855783133847,0.002069712449881818,-0.0013477397276294711,0.03000000000000025,-0.026328488428204677,0.11804242104618341,0.13465356231128472,0.15698456346593545,1.0,0.0,0.9228991044513505,-0.0013477397276294711,-0.38829248913051756,0.03000000000000025,0.10000000000000053,0.38000000000000034,0.02444987775061147,0.09973753280839914
2023-08-15,152.85000610351562,153.27000427246094,150.22999572753906,150.8300018310547,141.19683837890625,10300300.0,16.459999084472656,4.21,-0.02545698113624839,-0.025786616459092748,0.11066122965044278,0.019999999999999574,1.0419681620839363,0.20547559901713935,0.16349806646892415,0.1665016080680777,1.0,0.0,0.900598324920536,0.11066122965044278,-0.5107604256685234,0.019999999999999574,0.1900000000000004,0.41000000000000014,0.047263681592039974,0.10789473684210527
2023-08-16,150.60000610351562,150.9600067138672,149.67999267578125,150.19000244140625,140.59771728515625,6978200.0,16.780000686645508,4.28,-0.004243162245193055,-0.004252190004661799,0.019441167677507476,0.07000000000000028,-0.32252458666252437,0.19615431832923325,0.1628924335241921,0.16673590850239858,1.0,0.0,0.8962469298989232,0.019441167677507476,-0.5257424944709658,0.07000000000000028,0.28000000000000025,0.5300000000000002,0.07000000000000006,0.1413333333333333
2023-08-17,150.8800048828125,151.25999450683594,148.39999389648438,148.6300048828125,139.13735961914062,9953900.0,17.889999389648438,4.3,-0.010386780768664727,-0.010441099836918951,0.06615009878315026,0.019999999999999574,0.4264280186867673,0.1971202164489661,0.15763377898964712,0.16732448249800697,1.0,0.0,0.8811531216259427,0.06615009878315026,-0.5767187151915153,0.019999999999999574,0.20999999999999996,0.44999999999999973,0.05134474327628369,0.11688311688311681
2023-08-18,147.64999389648438,149.5,147.44000244140625,148.97000122070312,139.4556427001953,8517500.0,17.299999237060547,4.26,0.002287545788751011,0.00228493333918997,-0.03297932770916012,-0.040000000000000036,-0.14430524718954385,0.18453816928165098,0.15721515952102114,0.16550347509960617,1.0,0.0,0.8891759681032394,-0.03297932770916012,-0.6145912873719487,-0.040000000000000036,0.09999999999999964,0.41999999999999993,0.024038461538461453,0.109375
2023-08-21,149.64999389648438,150.10000610351562,148.02000427246094,149.47999572753906,139.9330291748047,8327000.0,17.1299991607666,4.34,0.003423213757192123,0.003417367898262699,-0.009826594438788527,0.08000000000000007,-0.022365717640152605,0.1890083723109855,0.1371915274606796,0.1640148665856266,1.0,0.0,0.8914876361718876,-0.009826594438788527,-0.7389365030341001,0.08000000000000007,0.14999999999999947,0.48,0.03579952267303099,0.12435233160621761
2023-08-22,149.25999450683594,149.63999938964844,145.85000610351562,146.3800048828125,137.0310516357422,9673300.0,16.969999313354492,4.34,-0.020738331444517977,-0.020956390698680473,-0.009340330137234454,0.0,0.16167887594571884,0.15949698288129077,0.15096768581262418,0.17048786017216488,1.0,0.0,0.8936633207145912,-0.009340330137234454,-0.6431470860180086,0.0,0.1299999999999999,0.4299999999999997,0.030878859857482066,0.10997442455242967
2023-08-23,146.35000610351562,147.58999633789062,145.4600067138672,147.3699951171875,137.95782470703125,7858000.0,15.979999542236328,4.19,0.006763234027807208,0.006740465960079942,-0.058338232832990555,-0.14999999999999947,-0.18766088098167122,0.18421676851408872,0.15162352727342124,0.17005665607663487,1.0,0.0,0.9071253785486467,-0.058338232832990555,-0.6477859677293735,-0.14999999999999947,-0.08999999999999986,0.3300000000000005,-0.02102803738317749,0.0854922279792747
2023-08-24,147.5,149.41000366210938,146.99000549316406,147.22999572753906,137.82675170898438,6534000.0,17.200000762939453,4.23,-0.0009500946997766935,-0.0009505463258269698,0.07634551036616566,0.040000000000000036,-0.16849071010435224,0.1747084886363162,0.14905835695221473,0.1700421519749712,1.0,0.0,0.8905357514902749,0.07634551036616566,-0.5976827208250287,0.040000000000000036,-0.0699999999999994,0.22000000000000064,-0.016279069767441756,0.054862842892768215
2023-08-25,147.27999877929688,148.6199951171875,145.85000610351562,147.0500030517578,137.65826416015625,6695500.0,15.68000030517578,4.25,-0.0012224589692418908,-0.0012232067817164677,-0.0883721157175058,0.019999999999999574,0.02471686562595643,0.17116264442219695,0.14575976749981043,0.16758702706644685,1.0,0.0,0.9112047805821646,-0.0883721157175058,-0.5488184325018587,0.019999999999999574,-0.009999999999999787,0.29000000000000004,-0.0023474178403755097,0.07323232323232332
2023-08-28,147.57000732421875,148.61000061035156,147.1300048828125,147.55999755859375,138.13568115234375,5094100.0,15.079999923706056,4.2,0.00346813171806426,0.003462131618013557,-0.03826532970612695,-0.04999999999999982,-0.23917556567844078,0.17126196288741521,0.14328988991739175,0.1656985550749906,1.0,0.0,0.9193636105854058,-0.03826532970612695,-0.5933772826437947,-0.04999999999999982,-0.13999999999999968,0.22999999999999998,-0.032258064516129004,0.057934508816120944
2023-08-29,147.7100067138672,148.85000610351562,147.17999267578125,148.75999450683594,139.259033203125,6337000.0,14.449999809265137,4.12,0.008132236663330739,0.008099348210895835,-0.04177719612919539,-0.08000000000000007,0.2439881431459925,0.06799949324573579,0.14880489194795607,0.1613003930713003,1.0,0.0,0.9279303781983783,-0.04177719612919539,-0.6075602561458591,-0.08000000000000007,-0.21999999999999975,0.07000000000000028,-0.05069124423963123,0.01728395061728394
2023-08-30,148.6199951171875,149.14999389648438,147.19000244140625,148.16000366210938,138.69737243652344,6277300.0,13.880000114440918,4.12,-0.0040332088603711735,-0.004041364182691628,-0.03944634618325349,0.0,-0.009420861606438402,0.0755505988210806,0.14539541510554632,0.16004862605473216,1.0,0.0,0.9356812576237855,-0.03944634618325349,-0.5859718960801608,0.0,-0.07000000000000028,0.040000000000000036,-0.01670644391408116,0.009803921568627416
2023-08-31,148.25999450683594,148.35000610351562,145.9600067138672,146.3300018310547,136.9842529296875,10933900.0,13.56999969482422,4.09,-0.01235149214971587,-0.01242840581746587,-0.02233432399573032,-0.03000000000000025,0.7418157488092014,0.12356672369275558,0.1459322086467199,0.16244668868967851,1.0,0.0,0.9398966561513508,-0.02233432399573032,-0.5621419946541867,-0.03000000000000025,-0.14000000000000057,-0.11000000000000032,-0.03309692671394815,-0.02619047619047632
2023-09-01,146.08999633789062,148.0800018310547,145.6999969482422,146.82000732421875,137.44297790527344,7903500.0,13.09000015258789,4.18,0.00334874239757621,0.0033431478460821855,-0.03537211149823449,0.08999999999999986,-0.2771563668956182,0.12775537146004143,0.14779979876809313,0.16151407630553596,1.0,0.0,0.9464237097794616,-0.03537211149823449,-0.6177166703935949,0.08999999999999986,-0.07000000000000028,0.1299999999999999,-0.016470588235294237,0.032098765432098775
2023-09-05,147.16000366210938,148.2100067138672,145.00999450683594,145.1999969482422,135.92640686035156,7854700.0,14.010000228881836,4.27,-0.011034183543135234,-0.011095511701087697,0.07028266352709411,0.08999999999999986,-0.006174479660909671,0.14169621448597308,0.14744071917800813,0.16335007345390265,1.0,0.0,0.9339135106908132,0.07028266352709411,-0.6148550864181284,0.08999999999999986,0.0699999999999994,0.17999999999999972,0.016666666666666607,0.044009779951100114
2023-09-06,144.6999969482422,145.5399932861328,144.11000061035156,144.9600067138672,135.7017364501953,8629200.0,14.449999809265137,4.3,-0.0016528827278357028,-0.0016542502455970938,0.03140610800820931,0.03000000000000025,0.09860338396119528,0.10467068541034097,0.14747255995864358,0.16339179338179283,1.0,0.0,0.9279303781983783,0.03140610800820931,-0.5973917859368368,0.03000000000000025,0.17999999999999972,0.28000000000000025,0.043689320388349495,0.06965174129353247
2023-09-07,144.1300048828125,145.27000427246094,143.38999938964844,143.72000122070312,134.54092407226562,8373700.0,14.399999618530272,4.27,-0.008554145350643472,-0.00859094204510375,-0.003460220857775087,-0.03000000000000025,-0.029608770222036784,0.10653240343234939,0.1441080165429211,0.16446499669045234,1.0,0.0,0.9286102828599989,-0.003460220857775087,-0.6094266744814911,-0.03000000000000025,0.14999999999999947,0.2699999999999996,0.036407766990291135,0.0674999999999999
2023-09-08,143.3699951171875,144.1199951171875,142.64999389648438,143.8300018310547,134.64393615722656,7107900.0,13.84000015258789,4.26,0.0007656561427034081,0.0007653631775698103,-0.038888852831757026,-0.009999999999999787,-0.15116376273331977,0.09786474208118089,0.14472373098797664,0.1638601809581188,1.0,0.0,0.9362251787594614,-0.038888852831757026,-0.614952967119297,-0.009999999999999787,0.16999999999999993,0.16999999999999993,0.041564792176039145,0.041564792176039145
2023-09-11,144.75,145.0500030517578,143.69000244140625,144.4600067138672,135.23367309570312,6854200.0,13.800000190734863,4.29,0.004379973991460728,0.004370409822415944,-0.0028901706222559387,0.03000000000000025,-0.03569267997580161,0.10251586896640431,0.14363754317113403,0.1638439161210871,1.0,0.0,0.9367690998951373,-0.0028901706222559387,-0.5784636581029052,0.03000000000000025,0.11000000000000032,0.1299999999999999,0.026315789473684292,0.03125
2023-09-12,144.5,147.32000732421875,144.0500030517578,146.33999633789062,136.99356079101562,8363200.0,14.229999542236328,4.27,0.013013679618589125,0.012929729241101829,0.031159372866542467,-0.020000000000000462,0.22015698403898343,0.1257932154708415,0.15387388110433958,0.1643531894802935,1.0,0.0,0.9309219509286472,0.031159372866542467,-0.47768663160884844,-0.020000000000000462,0.0,0.07999999999999918,0.0,0.01909307875894961
2023-09-13,147.33999633789062,147.6999969482422,145.82000732421875,146.41000366210938,137.0591278076172,8325900.0,13.479999542236328,4.25,0.0004786138576367005,0.00047849935855678036,-0.052705553346921175,-0.019999999999999574,-0.004460015305146392,0.12324097503696825,0.12788457925124133,0.16434673630860192,1.0,0.0,0.9411204819486473,-0.052705553346921175,-0.2773578719546562,-0.019999999999999574,-0.04999999999999982,0.040000000000000036,-0.011627906976744096,0.009501187648456089
2023-09-14,147.83999633789062,149.89999389648438,147.52000427246094,149.25,139.71775817871094,10034900.0,12.81999969482422,4.29,0.019397689257336648,0.019211952153858913,-0.04896141467543502,0.040000000000000036,0.205263094680455,0.13068534205404422,0.14686923777143657,0.16832630327619835,1.0,0.0,0.950095187171351,-0.04896141467543502,-0.3230829136982656,0.040000000000000036,0.020000000000000462,0.009999999999999787,0.004683840749414525,0.002336448598130758
2023-09-15,148.9199981689453,149.72999572753906,148.30999755859375,148.80999755859375,139.3058319091797,19863400.0,13.789999961853027,4.33,-0.00294827425590638,-0.002952628977833003,0.07566304915127442,0.040000000000000036,0.9794317830770611,0.14475599352606552,0.14235682890550194,0.1684419166056218,1.0,0.0,0.9369050834210819,0.07566304915127442,-0.25692568814621075,0.040000000000000036,0.07000000000000028,0.03000000000000025,0.016431924882629234,0.006976744186046657
2023-09-18,148.16000366210938,149.13999938964844,147.75,149.1199951171875,139.5960235595703,6512400.0,14.0,4.32,0.0020831263588434457,0.002080959659613744,0.015228429204342975,-0.009999999999999787,-0.6721407211252857,0.14805920838612366,0.14231639158797532,0.16305345676461022,1.0,0.0,0.9340494942167579,0.015228429204342975,-0.24382073278883884,-0.009999999999999787,0.03000000000000025,0.0600000000000005,0.006993006993007089,0.014084507042253724
2023-09-19,149.5,149.72000122070312,147.2100067138672,148.92999267578125,139.41815185546875,7943400.0,14.109999656677246,4.37,-0.0012741889028498044,-0.001275001371762458,0.007857118334088975,0.04999999999999982,0.21973466003316755,0.14252737009813038,0.1418177839624297,0.16258413586026288,1.0,0.0,0.9325537143356748,0.007857118334088975,-0.24612878994012727,0.04999999999999982,0.10000000000000053,0.03000000000000025,0.023419203747072626,0.00691244239631339
2023-09-20,149.64999389648438,150.25,148.13999938964844,148.3000030517578,138.82839965820312,7332000.0,15.140000343322754,4.35,-0.004230096220734669,-0.004239068388781805,0.07299792428826057,-0.020000000000000462,-0.07696955963441343,0.15243671257707594,0.12009260866047441,0.16295655287537056,1.0,0.0,0.9185477223978405,0.07299792428826057,-0.3273842469329785,-0.020000000000000462,0.09999999999999964,0.009999999999999787,0.0235294117647058,0.0023041474654377225
2023-09-21,147.5800018310547,148.85000610351562,146.6300048828125,147.13999938964844,137.7425079345703,8052400.0,17.540000915527344,4.49,-0.007821826991496583,-0.007852577937584744,0.15852050976095722,0.14000000000000057,0.098254228041462,0.058197332709911814,0.12144330389941953,0.16399074802301566,1.0,0.0,0.8859124153529784,0.15852050976095722,-0.37166939538922344,0.14000000000000057,0.20000000000000018,0.2999999999999998,0.046620046620046596,0.07159904534606198
2023-09-22,147.2899932861328,147.50999450683594,145.19000244140625,145.72999572753906,136.42254638671875,7071700.0,17.200000762939453,4.44,-0.009582819186641833,-0.009629029854370908,-0.019384272225830057,-0.04999999999999982,-0.1217897769609061,0.07564241880871017,0.12608847428359848,0.16507915130365164,1.0,0.0,0.8905357514902749,-0.019384272225830057,-0.34061295047283535,-0.04999999999999982,0.11000000000000032,0.20999999999999996,0.025404157043879882,0.049645390070921946
2023-09-25,145.35000610351562,146.52000427246094,143.6999969482422,146.4499969482422,137.0965576171875,7044700.0,16.899999618530273,4.55,0.004940614644137531,0.004928449858830967,-0.017441926226863136,0.10999999999999943,-0.003818035267333153,0.09153040813394696,0.12751106613334143,0.14999788331898173,1.0,0.0,0.8946151794599984,-0.017441926226863136,-0.38267670743590537,0.10999999999999943,0.22999999999999954,0.2999999999999998,0.0532407407407407,0.07058823529411762
2023-09-26,144.60000610351562,145.83999633789062,144.22999572753906,144.92999267578125,135.67364501953125,7468400.0,18.940000534057617,4.56,-0.010378908284695454,-0.010433144756587357,0.12071011606950299,0.009999999999999787,0.06014450579868558,0.09953166371977008,0.13168295425845009,0.1489657847506643,1.0,0.0,0.8668751626362192,0.12071011606950299,-0.43844231461193983,0.009999999999999787,0.1899999999999995,0.35999999999999943,0.04347826086956519,0.08571428571428563
2023-09-27,145.19000244140625,146.08999633789062,144.50999450683594,145.77999877929688,136.46937561035156,6717800.0,18.21999931335449,4.61,0.005865034367623645,0.005847902008833833,-0.038014846906072375,0.05000000000000071,-0.1005034545551925,0.12871434473738141,0.12987245019417462,0.14853741830054884,1.0,0.0,0.8766657690145909,-0.038014846906072375,-0.4296188187363724,0.05000000000000071,0.2600000000000007,0.4900000000000002,0.05977011494252893,0.11893203883495151
2023-09-28,146.27999877929688,148.8699951171875,146.00999450683594,147.58999633789062,138.1637420654297,8868100.0,17.34000015258789,4.59,0.012415726587010179,0.012339283534014978,-0.04829852875579399,-0.020000000000000462,0.32008991038732915,0.16080521813991486,0.13759122300759968,0.14997983295323128,1.0,0.0,0.8886320339994607,-0.04829852875579399,-0.5018236536922658,-0.020000000000000462,0.09999999999999964,0.46999999999999975,0.022271714922048824,0.11407766990291246
2023-09-29,148.60000610351562,148.75999450683594,144.86000061035156,145.02000427246094,135.75790405273438,11917800.0,17.520000457763672,4.59,-0.017412947686057834,-0.017566336299659396,0.010380640345549086,0.0,0.34389553568408116,0.19817747714436268,0.14467745692201697,0.15299693853168914,1.0,0.0,0.8861843824048677,0.010380640345549086,-0.5193517428813902,0.0,0.14999999999999947,0.5,0.03378378378378377,0.12224938875305624
2023-10-02,144.8300018310547,145.6199951171875,142.6300048828125,143.77000427246094,134.5877227783203,9170600.0,17.610000610351562,4.69,-0.008619618007357555,-0.008656981777207313,0.0051369948765045415,0.10000000000000053,-0.23051234288207556,0.1961325880782333,0.14676065045457048,0.15321368249568898,1.0,0.0,0.8849605566075712,0.0051369948765045415,-0.4935275792249009,0.10000000000000053,0.14000000000000057,0.5100000000000007,0.030769230769230882,0.12200956937799057
2023-10-03,143.1999969482422,143.58999633789062,142.35000610351562,142.7100067138672,133.59544372558594,9431100.0,19.780000686645508,4.81,-0.007372730827526985,-0.007400043737416278,0.1232254401523627,0.11999999999999922,0.028405993064793966,0.19067275100656034,0.1439652480632794,0.15347712839808397,1.0,0.0,0.8554528058189226,0.1232254401523627,-0.4870387966246632,0.11999999999999922,0.25,0.54,0.054824561403508776,0.12646370023419196
2023-10-04,143.19000244140625,143.47000122070312,141.92999267578125,143.35000610351562,134.19454956054688,8128700.0,18.57999992370605,4.73,0.004484478049951557,0.0044744527392776585,-0.06066737721347193,-0.07999999999999918,-0.1380962984169397,0.18682854169049173,0.14515829517620252,0.15025603625107994,1.0,0.0,0.8717704658254051,-0.06066737721347193,-0.49939690327726194,-0.07999999999999918,0.1200000000000001,0.4300000000000006,0.026030368763557465,0.10000000000000009
2023-10-05,142.0399932861328,143.10000610351562,140.8300018310547,142.89999389648438,134.76039123535156,8576200.0,18.489999771118164,4.72,0.004216577175881309,0.0042077123251560876,-0.004843926423974687,-0.010000000000000675,0.055051853309877385,0.14882998008805307,0.14285599807329538,0.15015100473735338,1.05,0.050000000000000044,0.8729942916227016,-0.004843926423974687,-0.5287550043876614,-0.010000000000000675,0.1299999999999999,0.4500000000000002,0.028322440087146017,0.10538641686182681
2023-10-06,142.91000366210938,145.8800048828125,142.13999938964844,145.10000610351562,136.83506774902344,10270600.0,17.450000762939453,4.78,0.015395298979568706,0.015277993797738015,-0.05624656684978524,0.0600000000000005,0.1975700193558918,0.15641722655568596,0.1527248173415114,0.15322146084651553,1.05,0.0,0.8871362411502748,-0.05624656684978524,-0.5745339871760995,0.0600000000000005,0.1900000000000004,0.5200000000000005,0.04139433551198257,0.12206572769953072
2023-10-09,143.66000366210938,145.39999389648438,143.5,144.77000427246094,136.52386474609375,6964900.0,17.700000762939453,4.78,-0.0022742927529402213,-0.002276882884593552,0.01432664693808805,0.0,-0.32186045605904234,0.13523305024493185,0.15249036843644898,0.1526998297551437,1.05,0.0,0.8837367308102748,0.01432664693808805,-0.5711743477384906,0.0,0.08999999999999986,0.4900000000000002,0.019189765458422103,0.11421911421911424
2023-10-10,145.4199981689453,146.77000427246094,145.27999877929688,145.64999389648438,137.3537139892578,11288800.0,17.030000686645508,4.66,0.006078418924833517,0.006060019857037532,-0.03785311002340763,-0.1200000000000001,0.6208129334233083,0.10012039916477371,0.146895535362204,0.14478070747736388,1.05,0.0,0.8928474195589231,-0.03785311002340763,-0.6302916870811054,-0.1200000000000001,-0.14999999999999947,0.39000000000000057,-0.03118503118503113,0.09133489461358324
2023-10-11,146.50999450683594,147.22999572753906,145.02000427246094,146.14999389648438,137.8252410888672,8698200.0,16.09000015258789,4.58,0.003432940296366871,0.003427061208025014,-0.05519674081955506,-0.08000000000000007,-0.2294840904259089,0.10109969854364188,0.14736010580305234,0.1449391313754657,1.05,0.0,0.905629585699461,-0.05519674081955506,-0.6439603715096469,-0.08000000000000007,-0.15000000000000036,0.33000000000000007,-0.031712473572938715,0.0776470588235294
2023-10-12,146.3000030517578,146.9600067138672,145.1300048828125,145.80999755859375,137.50460815429688,10484400.0,16.690000534057617,4.7,-0.0023263731087078687,-0.0023290833187507207,0.03729026574143468,0.1200000000000001,0.20535283162033524,0.11535442900863506,0.12939499894396136,0.14466365648697263,1.05,0.0,0.8974707556962197,0.03729026574143468,-0.6330842174557959,0.1200000000000001,-0.019999999999999574,0.41000000000000014,-0.004237288135593098,0.09557109557109555
2023-10-13,148.5,153.11000061035156,147.83999633789062,148.0,139.56988525390625,29427000.0,19.31999969482422,4.63,0.01501969372031442,0.01490801498563382,0.15757933352966802,-0.07000000000000028,1.8067414444317271,0.11308968451463766,0.14050569105870314,0.14579018732844942,1.05,0.0,0.8617079183313496,0.15757933352966802,-0.33703001315434095,-0.07000000000000028,-0.15000000000000036,0.2999999999999998,-0.03138075313807542,0.06928406466512693
2023-10-16,149.4499969482422,149.52000427246094,146.72000122070312,147.85000610351562,139.42843627929688,12663500.0,17.209999084472656,4.71,-0.0010134634298226697,-0.001013977331127256,-0.10921328383441054,0.08000000000000007,-0.5696639140925002,0.10898420222537974,0.14035480853989288,0.145072078384327,1.05,0.0,0.8903997939005358,-0.10921328383441054,-0.3020476786435204,0.08000000000000007,-0.07000000000000028,0.3899999999999997,-0.014644351464435212,0.09027777777777768
2023-10-17,147.57000732421875,149.30999755859375,146.7899932861328,147.52999877929688,139.1266632080078,11482700.0,17.8799991607666,4.83,-0.0021643581420117686,-0.002166703750197141,0.03893086065869911,0.1200000000000001,-0.09324436372250955,0.11563446329988897,0.14049280631098743,0.13888020675800575,1.05,0.0,0.8812891051518874,0.03893086065869911,-0.3056343106778211,0.1200000000000001,0.16999999999999993,0.45999999999999996,0.03648068669527893,0.10526315789473673
2023-10-18,146.58999633789062,147.47999572753906,145.3699951171875,145.91000366210938,137.59890747070312,9620300.0,19.21999931335449,4.91,-0.01098104203807826,-0.011041778724214428,0.07494408364001481,0.08000000000000007,-0.1621918189972742,0.14950233088002735,0.14514605398177513,0.13977357295651738,1.05,0.0,0.8630677276545908,0.07494408364001481,-0.32670532604258773,0.08000000000000007,0.33000000000000007,0.5600000000000005,0.072052401746725,0.12873563218390816
2023-10-19,145.47999572753906,147.02000427246094,144.8800048828125,145.2899932861328,137.0142364501953,11143600.0,21.399999618530277,4.98,-0.004249096386410578,-0.004258149450456836,0.11342353709976849,0.07000000000000028,0.15834225543901947,0.15173897565125546,0.14326149959110798,0.13913936328090584,1.05,0.0,0.8334239933399973,0.11342353709976849,-0.2929948521440584,0.07000000000000028,0.28000000000000025,0.4900000000000002,0.05957446808510647,0.10913140311804015
2023-10-20,144.57000732421875,145.13999938964844,142.1199951171875,142.9499969482422,134.80752563476562,13332900.0,21.709999084472656,4.93,-0.01610570457933269,-0.016236811053165635,0.01448595661066987,-0.05000000000000071,0.19646254352273962,0.10298557091920606,0.15071604258922028,0.1410801760900053,1.05,0.0,0.8292086077805348,0.01448595661066987,-0.304635122481064,-0.05000000000000071,0.2999999999999998,0.4899999999999993,0.06479481641468676,0.11036036036036023
2023-10-23,142.94000244140625,143.67999267578125,140.72999572753906,141.0,132.96859741210938,10133400.0,20.3700008392334,4.86,-0.013641139201964636,-0.01373503441086776,-0.06172263020488311,-0.0699999999999994,-0.23997029903471867,0.09621794949784324,0.1561073100177718,0.1425578201556267,1.05,0.0,0.847429959341626,-0.06172263020488311,-0.20627743759486344,-0.0699999999999994,0.15000000000000036,0.3100000000000005,0.031847133757961776,0.06813186813186833
2023-10-24,141.19000244140625,141.72999572753906,140.36000061035156,141.1699981689453,133.12893676757812,8881400.0,18.96999931335449,4.83,0.0012058437750668283,0.0012051173293899141,-0.06872859441333223,-0.03000000000000025,-0.12355181873803467,0.11375948179915812,0.1527322690312364,0.1416310597725277,1.05,0.0,0.8664672379945908,-0.06872859441333223,-0.1525837611405378,-0.03000000000000025,0.0,0.27000000000000046,0.0,0.0592105263157896
2023-10-25,140.57000732421875,141.17999267578125,139.50999450683594,140.39999389648438,132.40277099609375,8242600.0,20.190000534057617,4.95,-0.005454605055189021,-0.005469535732058146,0.06431213836914962,0.1200000000000001,-0.07192559731573855,0.11376086963007165,0.1513314212354662,0.1416851660922209,1.05,0.0,0.8498776109362189,0.06431213836914962,-0.14883628751821767,0.1200000000000001,0.040000000000000036,0.33999999999999986,0.008146639511201537,0.07375271149674623
2023-10-26,139.75999450683594,141.6699981689453,139.42999267578125,140.75999450683594,132.74227905273438,9109400.0,20.68000030517578,4.86,0.002564206580318862,0.0025609246118584467,0.024269428338627552,-0.08999999999999986,0.10516099289059277,0.13506077654665344,0.14322365081230964,0.14051485392870947,1.05,0.0,0.8432145737821635,0.024269428338627552,-0.08764881267900808,-0.08999999999999986,-0.1200000000000001,0.27000000000000046,-0.02409638554216864,0.05882352941176472
2023-10-27,138.9499969482422,139.10000610351562,135.19000244140625,135.69000244140625,127.96106719970705,17434700.0,21.270000457763672,4.84,-0.03601875670017618,-0.0366834417187435,0.02852998761514658,-0.020000000000000462,0.9139240784244846,0.25460065314848035,0.18168897652151036,0.15698813290114103,1.05,0.0,0.8351917273048669,0.02852998761514658,-0.10769170189775996,-0.020000000000000462,-0.08999999999999986,0.25,-0.018255578093306246,0.05446623093681913
2023-10-30,136.44000244140625,138.0399932861328,136.0399932861328,137.4199981689453,129.59251403808594,9855500.0,19.75,4.88,0.012749556361801195,0.012668965047544176,-0.07146217325109949,0.040000000000000036,-0.434719266749643,0.2982360437238835,0.18845965782188145,0.15993429927069375,1.05,0.0,0.8558607563967566,-0.07146217325109949,-0.17717263498059166,0.040000000000000036,0.019999999999999574,0.1899999999999995,0.00411522633744843,0.04051172707889106
2023-10-31,137.7100067138672,139.24000549316406,137.47000122070312,139.05999755859375,131.13906860351562,9672500.0,18.13999938964844,4.88,0.011933980731133609,0.011863332305599087,-0.08151901824564856,0.0,-0.018568312109989327,0.3212412822851339,0.1933328860992512,0.16187121111338715,1.05,0.0,0.8777536112859426,-0.08151901824564856,-0.20359699969743744,0.0,0.04999999999999982,0.07000000000000028,0.010351966873705987,0.01455301455301461
2023-11-01,139.25,140.52999877929688,138.47000122070312,138.94000244140625,131.0259552001953,9432000.0,16.8700008392334,4.77,-0.0008625454223889495,-0.000862917628737104,-0.07001094780299522,-0.11000000000000032,-0.024864306022228,0.3206852521496179,0.19228021152958255,0.16169359629783367,1.05,0.0,0.8950231041016268,-0.07001094780299522,-0.1843536984654754,-0.11000000000000032,-0.1800000000000006,0.03999999999999915,-0.03636363636363649,0.00845665961945019
2023-11-02,140.08999633789062,141.47999572753906,139.22999572753906,141.4199981689453,133.36468505859375,10186200.0,15.65999984741211,4.67,0.01784936316491703,0.017691933863794165,-0.07172501076628712,-0.09999999999999964,0.07996183206106866,0.35106438064839823,0.20296565520717005,0.16465855800236479,1.05,0.0,0.911476747634054,-0.07172501076628712,-0.24165693562122403,-0.09999999999999964,-0.1900000000000004,-0.04999999999999982,-0.039094650205761416,-0.010593220338983023
2023-11-03,142.19000244140625,143.77000427246094,141.85000610351562,143.0,134.85467529296875,9538700.0,14.90999984741211,4.57,0.01117229972627598,0.01111035056835326,-0.047892720773170416,-0.09999999999999964,-0.06356639374840467,0.10876507464901095,0.1991666285015161,0.16660164320976184,1.05,0.0,0.9216752786540541,-0.047892720773170416,-0.22924185410516373,-0.09999999999999964,-0.2699999999999996,-0.20999999999999996,-0.05578512396694202,-0.043933054393305415
2023-11-06,143.1699981689453,144.19000244140625,142.7899932861328,144.0800018310547,135.87318420410156,7625100.0,14.890000343322754,4.67,0.007552640714310499,0.00752426232172835,-0.0013413483765277734,0.09999999999999964,-0.20061433948022267,0.10841660197639084,0.20118469896930471,0.1669459088543776,1.05,0.0,0.9219472327378406,-0.0013413483765277734,-0.2232050989067363,0.09999999999999964,-0.20999999999999996,-0.11000000000000032,-0.04303278688524592,-0.023012552301255318
2023-11-07,143.50999450683594,144.25999450683594,142.82000732421875,144.00999450683594,135.80715942382812,6297900.0,14.8100004196167,4.58,-0.00048592943972125546,-0.0004860475416924822,-0.005372728130387805,-0.08999999999999986,-0.17405673368218122,0.12533664466839675,0.1998035204480494,0.16682496661762564,1.05,0.0,0.9230350750091925,-0.005372728130387805,-0.21379773920581363,-0.08999999999999986,-0.2999999999999998,-0.08000000000000007,-0.061475409836065587,-0.01716738197424894
2023-11-08,144.11000061035156,144.83999633789062,143.6199951171875,144.72000122070312,136.47669982910156,7618200.0,14.449999809265137,4.49,0.004930081802122954,0.004917968744763981,-0.02430794059092134,-0.08999999999999986,0.20964130900776445,0.10802572096991508,0.20026826959502178,0.15908959294230346,1.05,0.0,0.9279303781983783,-0.02430794059092134,-0.2104833656308959,-0.08999999999999986,-0.27999999999999936,-0.08999999999999986,-0.05870020964360578,-0.01965065502183405
2023-11-09,145.44000244140625,145.64999389648438,143.6999969482422,144.2899932861328,136.07119750976562,7992500.0,15.289999961853027,4.62,-0.0029712201411942196,-0.0029756429787465865,0.058131499216304006,0.1299999999999999,0.049132340972933175,0.09140006972917838,0.20036007828906488,0.15898475806591547,1.05,0.0,0.9165080213810817,0.058131499216304006,-0.2127169906473288,0.1299999999999999,-0.04999999999999982,-0.08000000000000007,-0.010706638115631661,-0.017021276595744705
2023-11-10,144.94000244140625,146.47999572753906,144.0800018310547,146.42999267578125,138.08929443359375,7983300.0,14.170000076293944,4.61,0.014831183680023674,0.014722277163282933,-0.07325048321473959,-0.009999999999999787,-0.001151079136690658,0.1106307325432782,0.20017133472104987,0.16065007516576038,1.05,0.0,0.9317378261481096,-0.07325048321473959,-0.4794763636732047,-0.009999999999999787,0.040000000000000036,-0.019999999999999574,0.00875273522975939,-0.004319654427645703
2023-11-13,145.6999969482422,146.25,145.16000366210938,145.77999877929688,137.47634887695312,6676300.0,14.760000228881836,4.63,-0.004438762317924505,-0.004448642872511768,0.04163727236494141,0.019999999999999574,-0.16371675873385694,0.1235498804003309,0.20065144789863265,0.1608110673275944,1.05,0.0,0.923714979670813,0.04163727236494141,-0.5201039669600381,0.019999999999999574,-0.040000000000000036,-0.08000000000000007,-0.008565310492505307,-0.01698513800424628
2023-11-14,146.67999267578125,149.25,146.52000427246094,148.44000244140625,139.98483276367188,9927700.0,14.15999984741211,4.44,0.0182466577503011,0.018082185194129446,-0.04065043171853533,-0.1899999999999995,0.4870062759312792,0.16129363931716373,0.21128674831786598,0.1649890461555081,1.05,0.0,0.9318738096740542,-0.04065043171853533,-0.5311453110162754,-0.1899999999999995,-0.13999999999999968,-0.3899999999999997,-0.03056768558951961,-0.08074534161490676
2023-11-15,148.4600067138672,150.16000366210938,148.4600067138672,149.74000549316406,141.21078491210938,8365300.0,14.18000030517578,4.53,0.008757749852137175,0.008719623201642525,0.0014124617216946245,0.08999999999999986,-0.1573778417961864,0.16185543858259294,0.20883800384931447,0.1600190547607495,1.05,0.0,0.9316018426221649,0.0014124617216946245,-0.48844403001645115,0.08999999999999986,0.040000000000000036,-0.3799999999999999,0.008908685968819663,-0.07739307535641549
2023-11-16,150.08999633789062,151.52999877929688,150.08999633789062,151.4499969482422,142.82337951660156,8126200.0,14.31999969482422,4.45,0.011419769428346882,0.011355056069852853,0.00987301739319002,-0.08000000000000007,-0.02858235807442655,0.13733233346582083,0.21067682014208614,0.16106365381341267,1.05,0.0,0.9296981251313506,0.00987301739319002,-0.48035332793367785,-0.08000000000000007,-0.16999999999999993,-0.5300000000000002,-0.03679653679653683,-0.10642570281124497
2023-11-17,152.1999969482422,152.86000061035156,151.5399932861328,152.82000732421875,144.11532592773438,7812400.0,13.800000190734863,4.44,0.009045762784114952,0.009005094935763392,-0.03631281530524788,-0.009999999999999787,-0.038615835199724335,0.12992177327929796,0.20037697745430033,0.16195003888687426,1.05,0.0,0.9367690998951373,-0.03631281530524788,-0.46222284798414115,-0.009999999999999787,-0.16999999999999993,-0.4899999999999993,-0.03687635574837311,-0.09939148073022297
2023-11-20,152.0800018310547,153.75,151.9199981689453,153.2899932861328,144.55857849121094,7019000.0,13.40999984741211,4.42,0.003075679568589562,0.0030709593423109633,-0.028260894053073637,-0.020000000000000462,-0.10155649992319904,0.08614310488257719,0.189995756972351,0.16196640131878606,1.05,0.0,0.9420723406940544,-0.028260894053073637,-0.5649693790527609,-0.020000000000000462,-0.20999999999999996,-0.4400000000000004,-0.04535637149028082,-0.09053497942386834
2023-11-21,153.1999969482422,153.6300048828125,152.57000732421875,152.97000122070312,144.25677490234375,7083500.0,13.350000381469728,4.41,-0.0020877597996409314,-0.0020899422082237646,-0.004474233156233742,-0.009999999999999787,0.00918934321128373,0.08663223658226939,0.1910368811268394,0.16197852585535005,1.05,0.0,0.9428882159135168,-0.004474233156233742,-0.6014398332417391,-0.009999999999999787,-0.03000000000000025,-0.41999999999999993,-0.006756756756756799,-0.08695652173913038
2023-11-22,153.41000366210938,153.8800048828125,152.89999389648438,153.3300018310547,144.59628295898438,5174500.0,12.850000381469728,4.42,0.0023534981762241003,0.0023507330370415493,-0.03745318245039286,0.009999999999999787,-0.26949954118726616,0.08588842018296029,0.18787869597198525,0.16128729608134054,1.05,0.0,0.949687236593517,-0.03745318245039286,-0.5792252224182105,0.009999999999999787,-0.11000000000000032,-0.5300000000000002,-0.02428256070640189,-0.1070707070707071
2023-11-24,153.58999633789062,154.44000244140625,153.27999877929688,153.5399932861328,144.7943115234375,3496900.0,12.460000038146973,4.47,0.001369527351607669,0.0013685904043766158,-0.030350220369265823,0.04999999999999982,-0.3242052372209875,0.06385498714555003,0.18808146500885323,0.16099931853015415,1.05,0.0,0.954990477392434,-0.030350220369265823,-0.5862764091468647,0.04999999999999982,0.019999999999999574,-0.39000000000000057,0.004494382022471877,-0.08024691358024705
2023-11-27,153.42999267578125,153.52999877929688,152.7100067138672,153.19000244140625,144.46426391601562,6259100.0,12.6899995803833,4.39,-0.002279423852700524,-0.002282025693801712,0.018459032225695893,-0.08000000000000007,0.7898996253824817,0.03987285427840243,0.11333921030218054,0.1587885377648125,1.05,0.0,0.9518629341043233,0.018459032225695893,-0.6285425624496128,-0.08000000000000007,-0.05000000000000071,-0.4500000000000002,-0.011261261261261368,-0.09297520661157033
2023-11-28,153.22000122070312,153.8699951171875,152.72000122070312,153.5399932861328,144.7943115234375,6582700.0,12.6899995803833,4.34,0.002284631496227707,0.0022820256938017626,0.0,-0.04999999999999982,0.051700723746225474,0.0369326744161684,0.11129098708728095,0.15873328875326362,1.05,0.0,0.9518629341043233,0.0,-0.6113745940259588,-0.04999999999999982,-0.08000000000000007,-0.54,-0.018099547511312264,-0.11065573770491799
2023-11-29,154.1699981689453,155.6300048828125,154.0,154.32000732421875,145.52992248535156,9126100.0,12.979999542236328,4.27,0.005080385784320018,0.00506752416738593,0.02285263762351275,-0.07000000000000028,0.38637641089522545,0.04203922996445957,0.1087601533980409,0.15697647193849606,1.05,0.0,0.9479195026286473,0.02285263762351275,-0.5698757576770249,-0.07000000000000028,-0.14000000000000057,-0.6100000000000003,-0.031746031746031855,-0.1250000000000001
2023-11-30,154.91000366210938,156.1300048828125,154.3800048828125,156.0800018310547,147.18966674804688,9869800.0,12.920000076293944,4.37,0.011404831627408907,0.011340286820032132,-0.004622455166284789,0.10000000000000053,0.08149154622456467,0.08069893912050013,0.1083537743376717,0.1582431258219883,1.05,0.0,0.9487353778481098,-0.004622455166284789,-0.6761625279696561,0.10000000000000053,-0.04999999999999982,-0.39999999999999947,-0.011312217194570096,-0.0838574423480083
2023-12-01,155.82000732421875,157.86000061035156,155.82000732421875,156.83999633789062,147.9063720703125,8916000.0,12.630000114440918,4.22,0.004869263842362415,0.004857447320164153,-0.022445817348339392,-0.15000000000000036,-0.09663822975136271,0.07851454447341208,0.09885845448829836,0.15702855031552707,1.05,0.0,0.9526788093237858,-0.022445817348339392,-0.607869109638461,-0.15000000000000036,-0.25,-0.4500000000000002,-0.055928411633109576,-0.09635974304068529
2023-12-04,156.02000427246094,158.0500030517578,155.8800048828125,157.99000549316406,148.9908447265625,9607500.0,13.079999923706056,4.28,0.007332156424839198,0.007305406841093015,0.0356294382571396,0.0600000000000005,0.07755720053835802,0.05387729669732373,0.09672802127882349,0.15745532654645297,1.05,0.0,0.9465596933054062,0.0356294382571396,-0.5245911752152201,0.0600000000000005,-0.10999999999999943,-0.29000000000000004,-0.02505694760820032,-0.06345733041575496
2023-12-05,157.25999450683594,158.5,156.97000122070312,157.97000122070312,148.97198486328125,9135600.0,12.850000381469728,4.18,-0.00012658404156218328,-0.00012659205399814387,-0.01758406296467019,-0.10000000000000053,-0.04911787665886025,0.06614577921522605,0.09786923481615578,0.15739775441421,1.05,0.0,0.949687236593517,-0.01758406296467019,-0.5061781050916624,-0.10000000000000053,-0.16000000000000014,-0.4900000000000002,-0.03686635944700467,-0.1049250535331906
2023-12-06,158.83999633789062,159.22000122070312,156.0,156.30999755859375,147.4065704345703,9366000.0,12.970000267028809,4.12,-0.010508112851873364,-0.010563712913879385,0.009338512217643702,-0.05999999999999961,0.025220018389596754,0.13384106545828314,0.11053569099937369,0.1575467249783017,1.05,0.0,0.9480554731864893,0.009338512217643702,-0.500112616839491,-0.05999999999999961,-0.14999999999999947,-0.45999999999999996,-0.03512880562060883,-0.10043668122270744
2023-12-07,156.69000244140625,157.30999755859375,156.14999389648438,156.7899932861328,147.8592071533203,8130900.0,13.0600004196167,4.14,0.0030706685422201563,0.003065963668516641,0.00693910182998847,0.019999999999999574,-0.13187059577194105,0.11051107176963759,0.11054894899381715,0.1575838749513308,1.05,0.0,0.9468316473891928,0.00693910182998847,-0.5018629273315052,0.019999999999999574,-0.23000000000000043,-0.35000000000000053,-0.052631578947368474,-0.07795100222717166
2023-12-08,157.25999450683594,158.77999877929688,156.97999572753906,158.52000427246094,149.4906463623047,7369400.0,12.350000381469728,4.23,0.011033734323305788,0.010973306764849644,-0.05436447284339441,0.09000000000000075,-0.09365506893455833,0.13092559667394982,0.10995286580367135,0.15444944108550426,1.05,0.0,0.956486257273517,-0.05436447284339441,-0.4915548174866275,0.09000000000000075,0.010000000000000675,-0.3899999999999997,0.0023696682464455776,-0.08441558441558439
2023-12-11,158.52000427246094,159.3000030517578,158.14999389648438,159.10000610351562,150.0376434326172,8093900.0,12.630000114440918,4.23,0.0036590722137008758,0.0036523940944909647,0.022672042455262442,0.0,0.09831193855673459,0.1242269819574342,0.10339974832348518,0.15429739857237512,1.05,0.0,0.9526788093237858,0.022672042455262442,-0.38792679516484685,0.0,-0.04999999999999982,-0.3799999999999999,-0.011682242990654124,-0.08242950108459868
2023-12-12,159.22999572753906,160.64999389648438,158.8800048828125,160.52000427246094,151.37673950195312,10223000.0,12.06999969482422,4.2,0.00892506732776921,0.008885474320154225,-0.044338908514846564,-0.03000000000000025,0.2630499511978157,0.1333863256629257,0.0994517046202381,0.15508454183051273,1.05,0.0,0.9602937181913511,-0.044338908514846564,-0.33032523595607827,-0.03000000000000025,0.020000000000000462,-0.4299999999999997,0.004784688995215447,-0.09287257019438444
2023-12-13,160.52000427246094,162.02999877929688,159.77000427246094,161.05999755859375,151.88600158691406,12379100.0,12.1899995803833,4.04,0.003364203025091328,0.0033585567540186097,0.009941995740939236,-0.16000000000000014,0.21090677883204534,0.05841083375796138,0.08626031706427903,0.15504023445331575,1.05,0.0,0.9586619547843235,0.009941995740939236,-0.2307140380253313,-0.16000000000000014,-0.08000000000000007,-0.40000000000000036,-0.01941747572815533,-0.09009009009009017
2023-12-14,161.8300018310547,164.83999633789062,161.7100067138672,163.99000549316406,154.64910888671875,13643000.0,12.479999542236328,3.92,0.018191981294757742,0.018028487081642116,0.023789989486111995,-0.1200000000000001,0.10209950642615384,0.09585407669883657,0.09837887695123139,0.15824705110341966,1.05,0.0,0.9547185233086475,0.023789989486111995,-0.0706014994043289,-0.1200000000000001,-0.21999999999999975,-0.6100000000000003,-0.05314009661835739,-0.13465783664459163
2023-12-15,163.0800018310547,165.27999877929688,162.38999938964844,165.22999572753906,155.81846618652344,20309300.0,12.279999732971191,3.91,0.0075613581495723725,0.007532914373440405,-0.016025626330215204,-0.009999999999999787,0.48862420288792796,0.09444745463250069,0.09577079911775803,0.1573781288651838,1.05,0.0,0.957438128987027,-0.016025626330215204,-0.1210983776173922,-0.009999999999999787,-0.3200000000000003,-0.54,-0.0756501182033098,-0.12134831460674156
2023-12-18,165.9199981689453,167.1300048828125,165.6300048828125,166.22999572753906,156.76150512695312,8469600.0,12.5600004196167,3.95,0.006052164185089692,0.006033923399913228,0.022801359343169958,0.040000000000000036,-0.582969378560561,0.0883973181095803,0.09442836393938311,0.1556757270342935,1.05,0.0,0.9536306680691929,0.022801359343169958,-0.05716966631510556,0.040000000000000036,-0.28000000000000025,-0.4900000000000002,-0.06619385342789608,-0.11036036036036034
2023-12-19,166.0,168.47000122070312,165.5500030517578,168.4499969482422,158.85507202148438,10345700.0,12.529999732971191,3.93,0.013355108403914517,0.013266715075639505,-0.0023885896212750835,-0.020000000000000018,0.2215098705960139,0.09405556170872034,0.09959750387907418,0.15720373695078294,1.05,0.0,0.9540386186470269,-0.0023885896212750835,-0.06303949511204371,-0.020000000000000018,-0.27,-0.48999999999999977,-0.06428571428571428,-0.11085972850678727
2023-12-20,167.99000549316406,169.41000366210938,166.4499969482422,166.5500030517578,157.0632781982422,10734700.0,13.670000076293944,3.86,-0.01127942470102472,-0.011343519838443368,0.09098167339325469,-0.07000000000000028,0.03760016238630537,0.1771559357033591,0.11255682953428141,0.15753324961584175,1.05,0.0,0.9385368468281097,0.09098167339325469,-0.3747390165934745,-0.07000000000000028,-0.18000000000000016,-0.5500000000000003,-0.044554455445544594,-0.12471655328798192
2023-12-21,166.83999633789062,168.08999633789062,165.67999267578125,167.5,157.9591827392578,7601700.0,13.649999618530272,3.89,0.00570409933685978,0.005687892563062654,-0.0014630912693524012,0.03000000000000025,-0.29185724799016277,0.14646016962892364,0.1124321793100665,0.15751880541675478,1.05,0.0,0.938808813879999,-0.0014630912693524012,-0.410810044716683,0.03000000000000025,-0.029999999999999805,-0.5299999999999998,-0.007653061224489721,-0.11990950226244335
2023-12-22,167.5,168.22999572753906,167.22999572753906,167.39999389648438,157.86485290527344,6576300.0,13.029999732971191,3.9,-0.0005971785390919138,-0.0005973569212165428,-0.045421238306659895,0.009999999999999787,-0.13489087967165236,0.1463019361438172,0.11335254289969282,0.15627157405383524,1.05,0.0,0.9472395979670268,-0.045421238306659895,-0.3629338217341577,0.009999999999999787,-0.010000000000000231,-0.5699999999999998,-0.002557544757033292,-0.12751677852348986
2023-12-26,167.4600067138672,168.77000427246094,167.17999267578125,168.38999938964844,158.7984619140625,4683600.0,12.989999771118164,3.89,0.005913976364005924,0.005896557448751298,-0.003069835968746104,-0.009999999999999787,-0.28780621322019984,0.14610249065333364,0.11072053393825065,0.15088688193463226,1.05,0.0,0.9477835191027028,-0.003069835968746104,-0.34962727268480726,-0.009999999999999787,-0.06000000000000005,-0.49999999999999956,-0.015189873417721489,-0.11389521640091105
2023-12-27,167.83999633789062,169.47000122070312,167.5800018310547,169.39999389648438,159.7509307861328,6428600.0,12.43000030517578,3.79,0.005997972905970261,0.005980056671511636,-0.0431100443271355,-0.10000000000000009,0.3725766504398327,0.11921475969253027,0.1104137427822297,0.1491896938895335,1.05,0.0,0.9553984150021653,-0.0431100443271355,-0.3463962695298705,-0.10000000000000009,-0.14000000000000012,-0.5499999999999998,-0.03562340966921118,-0.1267281105990783
2023-12-28,169.35000610351562,170.66000366210938,169.0,170.3000030517578,160.5996551513672,6320100.0,12.470000267028809,3.84,0.0053127976222600015,0.005298734500661658,0.0032180177691849554,0.04999999999999982,-0.0168777027657655,0.04501346207070228,0.11042102650498642,0.14772348694972848,1.05,0.0,0.9548544938664894,0.0032180177691849554,-0.3511537152364962,0.04999999999999982,-0.020000000000000018,-0.4299999999999997,-0.005181347150259086,-0.10070257611241207
2023-12-29,170.0,170.69000244140625,169.6300048828125,170.10000610351562,160.41107177734375,6435100.0,12.449999809265137,3.88,-0.0011742451990055525,-0.001174935165078365,-0.001603885913022296,0.040000000000000036,0.018195914621604192,0.05772601283344854,0.10971386973457038,0.1479473374986449,1.05,0.0,0.9551264609183787,-0.001603885913022296,-0.3482889950980635,0.040000000000000036,-0.010000000000000231,-0.4900000000000002,-0.0025706940874036244,-0.11212814645308933
2024-01-02,169.08999633789062,172.1699981689453,168.91000366210938,172.0800018310547,162.2782745361328,9977400.0,13.199999809265137,3.95,0.011640111484204851,0.011572886554069515,0.06024096477831753,0.07000000000000028,0.550465416232848,0.07181432258153876,0.11271424293239408,0.14897603085340297,1.05,0.0,0.9449279298983786,0.06024096477831753,-0.2277419785097885,0.07000000000000028,0.050000000000000266,-0.2699999999999996,0.012820512820512997,-0.06398104265402837
2024-01-03,171.86000061035156,172.0399932861328,170.3699951171875,171.3300018310547,161.57101440429688,9852300.0,14.039999961853027,3.91,-0.0043583168101682945,-0.004367841958695558,0.06363637611557316,-0.040000000000000036,-0.012538336640808279,0.09986701861469546,0.11659786725717465,0.1475487363461878,1.05,0.0,0.933505573081082,0.06363637611557316,-0.32716243076847595,-0.040000000000000036,0.020000000000000018,-0.3700000000000001,0.005141388174807249,-0.08644859813084116
2024-01-04,170.63999938964844,173.35000610351562,170.5399932861328,171.41000366210938,162.64320373535156,11972500.0,14.130000114440918,3.99,0.006636025248760058,0.006614103760798987,0.006410267295756666,0.08000000000000007,0.21519848157283072,0.1009696387257604,0.11584573381643856,0.1473749187029988,1.05,0.0,0.9322817472837854,0.006410267295756666,-0.3506506913840768,0.08000000000000007,0.20000000000000018,-0.1899999999999995,0.05277044854881274,-0.0454545454545453
2024-01-05,171.47000122070312,173.3800048828125,171.47000122070312,172.27000427246094,163.45921325683594,10066000.0,13.350000381469728,4.05,0.00501717565040205,0.005004631564408305,-0.055201679168708995,0.05999999999999961,-0.1592399248277302,0.10067698137792933,0.10148240607940949,0.14729465290837757,1.05,0.0,0.9428882159135168,-0.055201679168708995,-0.3608995595752263,0.05999999999999961,0.20999999999999996,-0.07000000000000028,0.0546875,-0.016990291262136026
2024-01-08,172.02000427246094,172.36000061035156,169.49000549316406,172.02000427246094,163.22203063964844,11229900.0,13.079999923706056,4.01,-0.0014510201808864975,-0.0014520739301334686,-0.020224752812624813,-0.040000000000000036,0.11562686270613942,0.1015086766658985,0.10396083122029627,0.1475592593723789,1.05,0.0,0.9465596933054062,-0.020224752812624813,-0.3189948236648445,-0.040000000000000036,0.1299999999999999,-0.1299999999999999,0.03350515463917514,-0.03140096618357491
2024-01-09,171.6199951171875,171.7899932861328,170.10000610351562,170.66000366210938,161.9315948486328,9923600.0,12.760000228881836,4.02,-0.007906014806693396,-0.007937433046698021,-0.024464808615499822,0.009999999999999787,-0.11632338667307807,0.09787872486030691,0.1108539245466325,0.14883704371693662,1.05,0.0,0.9509110623908135,-0.024464808615499822,-0.17704249122867022,0.009999999999999787,0.0699999999999994,-0.21000000000000085,0.017721518987341645,-0.04964539007092217
2024-01-10,170.0,171.0800018310547,168.9499969482422,171.02000427246094,162.27317810058594,9670200.0,12.6899995803833,4.04,0.0021094293073098402,0.0021072075851372098,-0.00548594414129322,0.020000000000000462,-0.025535088072876744,0.09208017018436478,0.11105314696304848,0.14665778801407695,1.05,0.0,0.9518629341043233,-0.00548594414129322,-0.17396985974461424,0.020000000000000462,0.1299999999999999,-0.1900000000000004,0.03324808184143224,-0.044917257683215195
2024-01-11,170.3300018310547,170.36000061035156,168.63999938964844,170.3000030517578,161.58998107910156,11919500.0,12.4399995803833,3.98,-0.0042101660267039875,-0.004219053730267129,-0.019700552266877946,-0.06000000000000005,0.23260118715228217,0.08092767404622975,0.11300629479594286,0.14713322872100967,1.05,0.0,0.9552624444443234,-0.019700552266877946,-0.09439884444480424,-0.06000000000000005,-0.010000000000000231,-0.2200000000000002,-0.0025062656641604564,-0.05238095238095242
2024-01-12,173.8000030517578,176.30999755859375,168.89999389648438,169.0500030517578,160.40391540527344,19436500.0,12.699999809265137,3.96,-0.007339970373828608,-0.007367040500331977,0.020900340647264315,-0.020000000000000018,0.6306472586937371,0.0666077639312699,0.11913502113911523,0.14821348329007392,1.05,0.0,0.9517269505783786,0.020900340647264315,-0.1257421699805064,-0.020000000000000018,-0.08999999999999986,-0.08000000000000007,-0.022222222222222143,-0.01980198019801982
2024-01-16,164.8699951171875,168.08999633789062,164.3000030517578,167.99000549316406,159.39813232421875,17206400.0,13.84000015258789,4.07,-0.006270315026372653,-0.0062900560163862695,0.08976380790896399,0.11000000000000032,-0.11473773570344459,0.0648154533606098,0.1085116783357902,0.1466887722063536,1.05,0.0,0.9362251787594614,0.08976380790896399,-0.31334710202481164,0.11000000000000032,0.0600000000000005,0.15000000000000036,0.014962593516209655,0.03826530612244916
2024-01-17,167.33999633789062,169.07000732421875,166.49000549316406,167.08999633789062,158.54415893554688,11107500.0,14.789999961853027,4.1,-0.005357486792473054,-0.00537188958973533,0.06864160395890595,0.02999999999999936,-0.35445531895108795,0.059157343830165396,0.1086837594395599,0.14692391469076393,1.05,0.0,0.9233070420610817,0.06864160395890595,-0.3422857340277984,0.02999999999999936,0.08000000000000007,0.1899999999999995,0.01990049751243772,0.04859335038363155
2024-01-18,167.1199951171875,167.52999877929688,165.24000549316406,167.4199981689453,158.85726928710938,9382300.0,14.130000114440918,4.14,0.0019749094111363164,0.001972961841306318,-0.04462473624843866,0.040000000000000036,-0.15531847850551428,0.05825235627694169,0.107067111275399,0.14168713778092876,1.05,0.0,0.9322817472837854,-0.04462473624843866,-0.35933932422047377,0.040000000000000036,0.09999999999999964,0.1899999999999995,0.024752475247524774,0.04810126582278462
2024-01-19,167.5500030517578,170.57000732421875,167.0800018310547,170.30999755859375,161.59945678710938,13115700.0,13.300000190734863,4.15,0.01726195793435137,0.01711466298844893,-0.058740263056175857,0.010000000000000675,0.39791948669302846,0.1625682278051946,0.11373790408174882,0.14046993999876503,1.05,0.0,0.9435681205751374,-0.058740263056175857,-0.4696926009136204,0.010000000000000675,0.17000000000000037,0.2200000000000002,0.04271356783919611,0.05597964376590325
2024-01-22,170.4600067138672,171.97999572753906,169.7100067138672,170.11000061035156,161.40969848632812,12837500.0,13.1899995803833,4.11,-0.0011742508579792865,-0.00117494083070495,-0.00827072246421412,-0.040000000000000036,-0.02121122014074739,0.15034600702066506,0.10463460001310698,0.14070242905020564,1.05,0.0,0.9450639134243233,-0.00827072246421412,-0.3543240139258403,-0.040000000000000036,0.15000000000000036,0.25000000000000044,0.03787878787878807,0.06476683937823835
2024-01-23,169.6699981689453,169.75,168.44000244140625,168.99000549316406,160.34698486328125,8360800.0,12.550000190734863,4.14,-0.006583951478831951,-0.006605721294253991,-0.04852156254805884,0.02999999999999936,-0.3487205452775073,0.15135668685453285,0.10697155271896154,0.14102071135546598,1.05,0.0,0.9537666515951375,-0.04852156254805884,-0.27412598083037026,0.02999999999999936,0.0699999999999994,0.24999999999999956,0.017199017199017064,0.06426735218508983
2024-01-24,169.36000061035156,171.00999450683594,168.86000061035156,170.5,161.77976989746094,9967100.0,13.140000343322754,4.18,0.00893552838178624,0.00889584278073011,0.04701196363514493,0.040000000000000036,0.19212276337192624,0.14621052064169182,0.11063047147971522,0.14149652606802626,1.05,0.0,0.945743805117841,0.04701196363514493,-0.21145155543844374,0.040000000000000036,0.08000000000000007,0.2799999999999998,0.019512195121951237,0.07179487179487176
2024-01-25,172.30999755859375,172.99000549316406,170.91000366210938,172.94000244140625,164.09495544433594,8873500.0,13.449999809265137,4.14,0.014310723450419172,0.014209291610927984,0.02359204397585213,-0.040000000000000036,-0.10972098203088165,0.1604244920433146,0.11891141662433323,0.1162679231870036,1.05,0.0,0.9415284195583785,0.02359204397585213,-0.14834365665290253,-0.040000000000000036,0.0,0.24999999999999956,0.0,0.06426735218508983
2024-01-26,172.61000061035156,173.05999755859375,171.77999877929688,172.27999877929688,163.46871948242188,7443000.0,13.260000228881836,4.15,-0.003816302336767996,-0.003823602998805702,-0.014126363054103419,0.010000000000000675,-0.16121034541049195,0.14069820172266612,0.11925771166756201,0.1160163381598651,1.05,0.0,0.9441120417108133,-0.014126363054103419,-0.1027566399504639,0.010000000000000675,0.0,0.3600000000000003,0.0,0.0949868073878628
2024-01-29,172.24000549316406,172.83999633789062,171.3000030517578,172.72999572753906,163.89569091796875,6971200.0,13.600000381469728,4.08,0.0026119458016111707,0.002608540599356223,0.02564103670581641,-0.07000000000000028,-0.0633884186483945,0.13733460755022844,0.11839574608866323,0.11483738418152495,1.05,0.0,0.9394887055735167,0.02564103670581641,-0.09682360204919242,-0.07000000000000028,-0.03000000000000025,0.2400000000000002,-0.007299270072992803,0.0625
2024-01-30,172.8300018310547,176.75999450683594,172.8300018310547,176.27000427246094,167.25466918945312,10822100.0,13.3100004196167,4.06,0.020494610033192195,0.02028742156169489,-0.021323526008731553,-0.020000000000000462,0.5524013082396144,0.1502335135452331,0.1362876193367173,0.11932775100436885,1.05,0.0,0.9434321370491927,-0.021323526008731553,-0.15386325830057576,-0.020000000000000462,-0.08000000000000007,0.17999999999999972,-0.019323671497584516,0.04639175257731942
2024-01-31,176.1999969482422,178.3000030517578,174.33999633789062,174.36000061035156,165.4423370361328,11521800.0,14.350000381469728,3.99,-0.010835764179877305,-0.010894898638569395,0.07813673396435394,-0.0699999999999994,0.06465473429371382,0.20288548718380015,0.13886133853669375,0.11976893155297771,1.05,0.0,0.9292901745535166,0.07813673396435394,-0.3402513643984422,-0.0699999999999994,-0.1899999999999995,0.040000000000000036,-0.0454545454545453,0.010126582278481067
2024-02-01,173.63999938964844,174.83999633789062,171.42999267578125,173.72999572753906,164.8445587158203,9354800.0,13.880000114440918,3.87,-0.003613212500630625,-0.0036197559195149955,-0.032752630978026054,-0.1200000000000001,-0.1880782516620667,0.18793882300554396,0.13850519103045425,0.11962396912996612,1.05,0.0,0.9356812576237855,-0.032752630978026054,-0.2851629464775049,-0.1200000000000001,-0.2699999999999996,-0.040000000000000036,-0.06521739130434778,-0.010230179028132946
2024-02-02,173.3000030517578,175.82000732421875,173.25999450683594,174.72999572753906,165.79339599609375,8607600.0,13.850000381469728,4.03,0.005755951471283716,0.005739449276221922,-0.0021613640290951697,0.16000000000000014,-0.07987343395903712,0.18499890374807054,0.13806932992257556,0.11941348663868513,1.05,0.0,0.9360891952335167,-0.0021613640290951697,-0.2925082029582525,0.16000000000000014,-0.1200000000000001,0.040000000000000036,-0.028915662650602414,0.010025062656641603
2024-02-05,173.86000061035156,175.08999633789062,172.9199981689453,174.5,165.57518005371094,7820200.0,13.670000076293944,4.17,-0.0013161920055485554,-0.0013170589470374234,-0.01299641156809006,0.13999999999999968,-0.09147729913100056,0.1873710802338508,0.13743469883100748,0.11953860626184865,1.05,0.0,0.9385368468281097,-0.01299641156809006,-0.2684229148577983,0.13999999999999968,0.08999999999999986,0.1200000000000001,0.022058823529411686,0.029629629629629672
2024-02-06,174.61000061035156,175.8699951171875,173.75999450683594,175.10000610351562,166.14447021484375,6764800.0,13.0600004196167,4.09,0.0034382578412304188,0.0034323605464862913,-0.04462323725477402,-0.08000000000000007,-0.13495818521265446,0.10330256164884112,0.1375406885443581,0.1194916522559421,1.05,0.0,0.9468316473891928,-0.04462323725477402,-0.2857322585072465,-0.08000000000000007,0.03000000000000025,0.08000000000000007,0.007389162561576512,0.01995012468827939
2024-02-07,175.69000244140625,175.8699951171875,173.9600067138672,175.42999267578125,166.45761108398438,7225500.0,12.829999923706056,4.09,0.0018847504749071042,0.001882976561304048,-0.017611063439567087,0.0,0.06810253074739836,0.05919474979508069,0.1335430649906492,0.1188184850459435,1.05,0.0,0.9499592036454063,-0.017611063439567087,-0.33078802968534465,0.0,0.09999999999999964,0.07000000000000028,0.025062656641603898,0.017412935323383172
2024-02-08,175.0,175.30999755859375,173.57000732421875,174.8000030517578,165.85983276367188,6060300.0,12.789999961853027,4.15,-0.003591174452280854,-0.003597638198855252,-0.003117689952524594,0.0600000000000005,-0.16126219638779327,0.059080838275869775,0.1346607637847073,0.11725693862603387,1.05,0.0,0.9505031247810822,-0.003117689952524594,-0.3243354201711635,0.0600000000000005,0.28000000000000025,0.11000000000000032,0.07235142118863047,0.027227722772277252
2024-02-09,175.0,175.10000610351562,173.6699981689453,175.00999450683594,166.05909729003906,6296700.0,12.93000030517578,4.17,0.0012014031549827386,0.0012006820477149154,0.010946078478523136,0.019999999999999574,0.03900796990248012,0.04414507373360969,0.13319130540934865,0.11628053472257688,1.05,0.0,0.9485993943221652,0.010946078478523136,-0.3471868831851091,0.019999999999999574,0.13999999999999968,0.18999999999999995,0.03473945409429269,0.047738693467336724
2024-02-12,174.77999877929688,176.80999755859375,173.6999969482422,175.7899932861328,166.7991943359375,8539300.0,13.93000030517578,4.17,0.004456829273290497,0.004446927020569981,0.07733951866959421,0.0,0.35615481125033743,0.04933687820069826,0.12946944164214463,0.11208280376192838,1.05,0.0,0.935001352962165,0.07733951866959421,-0.28411723844045866,0.0,0.0,0.20999999999999996,0.0,0.05303030303030298
2024-02-13,175.32000732421875,176.22999572753906,172.6199951171875,174.25999450683594,165.3474578857422,8397600.0,15.850000381469728,4.31,-0.008703497975364849,-0.008741594624346967,0.13783201968635717,0.13999999999999968,-0.016593866007752367,0.08305578987846997,0.13181133012419044,0.113921805393392,1.05,0.0,0.9088931125135162,0.13783201968635717,-0.3364276371204289,0.13999999999999968,0.21999999999999975,0.23999999999999932,0.05378973105134466,0.05896805896805879
2024-02-14,175.07000732421875,176.10000610351562,174.4199981689453,176.02999877929688,167.0269317626953,7056700.0,14.380000114440918,4.27,0.010157240385961552,0.010106002286198764,-0.09274449411038443,-0.040000000000000036,-0.15967657425931214,0.11512437845497892,0.13204148461081947,0.11354133238165526,1.05,0.0,0.9288822369437854,-0.09274449411038443,-0.3515291814428924,-0.040000000000000036,0.17999999999999972,0.16999999999999993,0.044009779951100114,0.04146341463414638
2024-02-15,176.14999389648438,180.2100067138672,176.14999389648438,179.8699951171875,170.67054748535156,8723400.0,14.010000228881836,4.24,0.021814540231349877,0.021580007830294533,-0.02573017264356725,-0.02999999999999936,0.236186886221605,0.17782983378017947,0.14815382539095528,0.11934332078128057,1.05,0.0,0.9339135106908132,-0.02573017264356725,-0.37370136083036415,-0.02999999999999936,0.08999999999999986,0.10000000000000053,0.02168674698795181,0.024154589371980784
2024-02-16,179.61000061035156,179.97999572753906,178.16000366210938,179.02999877929688,169.87347412109375,8152600.0,14.239999771118164,4.3,-0.004670245546181451,-0.004681185216833435,0.016416812168366768,0.05999999999999961,-0.0654332026503428,0.1916122644239893,0.14182305294494468,0.12032674034222125,1.05,0.0,0.9307859674027025,0.016416812168366768,-0.3170138903792032,0.05999999999999961,0.1299999999999999,0.14999999999999947,0.031175059952038398,0.036144578313252795
2024-02-20,179.19000244140625,180.4600067138672,178.41000366210938,179.72999572753906,170.5376739501953,9668000.0,15.420000076293944,4.27,0.0039099678895604395,0.003902343831863764,0.082865191302115,-0.03000000000000025,0.18587935137256828,0.19166828865407712,0.14122356329020144,0.11993617041499066,1.05,0.0,0.9147402744481093,0.082865191302115,-0.29828240662053035,-0.03000000000000025,0.09999999999999964,0.15999999999999925,0.023980815347721673,0.038929440389294134
2024-02-21,179.9499969482422,180.9900054931641,178.52000427246094,180.8999938964844,171.64785766601562,7024000.0,15.34000015258789,4.32,0.006509903003277362,0.006488805098761891,-0.005188062471480848,0.05000000000000071,-0.2734795200661978,0.1521351544324199,0.13731237489756656,0.12017112547679165,1.05,0.0,0.9158281167194611,-0.005188062471480848,-0.38757004595957034,0.05000000000000071,0.010000000000000675,0.1800000000000006,0.0023201856148493682,0.04347826086956541
2024-02-22,181.82000732421875,183.4199981689453,181.2400054931641,183.07000732421875,173.70687866210938,9296500.0,14.539999961853027,4.33,0.011995611387705774,0.011924234282457574,-0.05215125050698921,0.009999999999999787,0.32353359908883816,0.15463996996716955,0.1393244984533515,0.12155139059222124,1.05,0.0,0.9267065524010818,-0.05215125050698921,-0.4542044762938822,0.009999999999999787,0.0600000000000005,0.15000000000000036,0.014051522248243575,0.035885167464114964
2024-02-23,183.80999755859372,185.1999969482422,183.19000244140625,183.9900054931641,174.57980346679688,7105800.0,13.75,4.26,0.0050252748274033365,0.005012690276799583,-0.054332872347019445,-0.07000000000000028,-0.23564782445006183,0.09524191806287065,0.1337096223871279,0.12110720536826262,1.05,0.0,0.9374490045567578,-0.054332872347019445,-0.49501060523760876,-0.07000000000000028,0.019999999999999574,0.1200000000000001,0.004716981132075304,0.02898550724637694
2024-02-26,183.75,184.4600067138672,182.47999572753903,183.3600006103516,173.98202514648438,7145400.0,13.739999771118164,4.28,-0.0034240977962046726,-0.0034299734354066376,-0.0007272893732244157,0.020000000000000462,0.005572912268850816,0.08773742504025199,0.1334464513129774,0.1218467264295876,1.05,0.0,0.9375849880827025,-0.0007272893732244157,-0.5078484498694548,0.020000000000000462,-0.019999999999999574,0.1299999999999999,-0.0046511627906975495,0.031325301204819356
2024-02-27,183.30999755859372,183.5399932861328,182.2400054931641,183.4499969482422,174.06739807128906,5717100.0,13.43000030517578,4.31,0.0004906996842508615,0.0004905793305308783,-0.022561824680231157,0.02999999999999936,-0.19989083886136538,0.09306795465431518,0.1337647745679174,0.12188577699270009,1.05,0.0,0.9418003736421651,-0.022561824680231157,-0.49791421152725457,0.02999999999999936,0.040000000000000036,0.22999999999999954,0.00936768149882905,0.05637254901960764
2024-02-28,183.42999267578125,185.1999969482422,182.9600067138672,184.3800048828125,174.94985961914062,6131600.0,13.84000015258789,4.27,0.005069654384620259,0.005056846954754619,0.030528655107632474,-0.040000000000000036,0.07250179286701308,0.09128796318161282,0.11762577550242663,0.12072057122576073,1.05,0.0,0.9362251787594614,0.030528655107632474,-0.5035733802234392,-0.040000000000000036,-0.05000000000000071,0.20999999999999996,-0.011574074074074292,0.051724137931034475
2024-02-29,185.66000366210935,186.42999267578125,183.8500061035156,186.05999755859372,176.5439453125,9643000.0,13.399999618530272,4.25,0.009111671748863515,0.00907041091522487,-0.03179194575191857,-0.019999999999999574,0.5726727118533499,0.07633183887546842,0.10907436724669663,0.12132263472935302,1.05,0.0,0.9422083242199991,-0.03179194575191857,-0.4446882004026594,-0.019999999999999574,-0.08000000000000007,0.2599999999999998,-0.018475750577367167,0.06516290726817031
2024-03-01,185.6999969482422,186.44000244140625,185.1000061035156,185.2899932861328,175.81332397460938,6311800.0,13.109999656677246,4.19,-0.0041384672614931395,-0.004147054417093966,-0.021641788814083074,-0.05999999999999961,-0.34545265996059316,0.08949509953172981,0.10952978223063865,0.12183570330287026,1.05,0.0,0.946151755695675,-0.021641788814083074,-0.45474753631906584,-0.05999999999999961,-0.0699999999999994,0.3200000000000003,-0.016431924882629012,0.08268733850129206
2024-03-04,184.7100067138672,187.58999633789065,184.2700042724609,186.67999267578125,177.13221740722656,7063600.0,13.489999771118164,4.22,0.00750166940025343,0.007473671810284475,0.02898551673472971,0.02999999999999936,0.11911023796698239,0.0857582965442472,0.11022941317741489,0.12206229840920876,1.05,0.0,0.9409844984227026,0.02898551673472971,-0.42982633699626416,0.02999999999999936,-0.0600000000000005,0.1899999999999995,-0.014018691588785215,0.04714640198511155
2024-03-05,186.3600006103516,189.3000030517578,186.3600006103516,188.5500030517578,178.90660095214844,6617800.0,14.460000038146973,4.13,0.010017282970282926,0.00996744255852729,0.07190513591449865,-0.08999999999999986,-0.06311229401438356,0.09045059404381645,0.11122341792105793,0.11962780827819149,1.05,0.0,0.9277943946724336,0.07190513591449865,-0.35837608037667507,-0.08999999999999986,-0.17999999999999972,-0.040000000000000036,-0.0417633410672853,-0.00959232613908878
2024-03-06,189.25,190.07000732421875,187.6300048828125,189.52999877929688,179.8364715576172,7572900.0,14.5,4.11,0.005197519826098951,0.005184059340542425,0.0027662490835065334,-0.019999999999999574,0.14432288675995042,0.0904172252787883,0.11130537368980144,0.11969430436978916,1.05,0.0,0.9272504735367577,0.0027662490835065334,-0.37005329794639824,-0.019999999999999574,-0.15999999999999925,0.020000000000000462,-0.03747072599531598,0.004889975550122383
2024-03-07,189.91000366210935,190.5,186.6300048828125,187.8699951171875,178.26138305664062,7618300.0,14.4399995803833,4.09,-0.008758448646897121,-0.008797029294519094,-0.004137959973565475,-0.020000000000000462,0.005995061337136454,0.12747171418198236,0.12005981403034832,0.12110419376522769,1.05,0.0,0.928066361724323,-0.004137959973565475,-0.33288665402898654,-0.020000000000000462,-0.16000000000000014,0.0,-0.03764705882352948,0.0
2024-03-08,188.44000244140625,190.4600067138672,187.9199981689453,188.22000122070312,178.59347534179688,6172200.0,14.739999771118164,4.09,0.0018629513552619326,0.0018612182135578513,0.020775637081209553,0.0,-0.18981925101400576,0.11603081400139868,0.11735779559679992,0.12111442003948006,1.05,0.0,0.9239869467227023,0.020775637081209553,-0.35371070563438045,0.0,-0.10000000000000053,-0.0600000000000005,-0.023866348448687513,-0.014457831325301318
2024-03-11,187.27999877929688,188.44000244140625,186.22000122070312,188.2899932861328,178.6598663330078,5762600.0,15.220000267028809,4.1,0.0003717436545980224,0.00037167457504504886,0.032564484624427736,0.009999999999999787,-0.06636207511098147,0.11011514986220786,0.11762839314746591,0.12057404694429025,1.05,0.0,0.9174598801264888,0.032564484624427736,-0.3607804289525972,0.009999999999999787,-0.1200000000000001,-0.07000000000000028,-0.028436018957346043,-0.016786570743405393
2024-03-12,188.9499969482422,190.16000366210935,187.91000366210935,189.83999633789065,180.13063049316406,5708400.0,13.84000015258789,4.16,0.008232202286633683,0.008198502531864622,-0.09067017675620026,0.0600000000000005,-0.00940547669454761,0.10219710844442513,0.11871135106114489,0.12108326043403445,1.05,0.0,0.9362251787594614,-0.09067017675620026,-0.40463905510981757,0.0600000000000005,0.03000000000000025,-0.009999999999999787,0.007263922518159882,-0.0023980815347721673
2024-03-13,190.3600006103516,191.72999572753903,189.83999633789065,191.3800048828125,181.5918731689453,7795500.0,13.75,4.19,0.008112127691890292,0.008079401252286436,-0.00650290112685159,0.03000000000000025,0.36561908766029005,0.11072702886900787,0.10973405541859715,0.1174148804133388,1.05,0.0,0.9374490045567578,-0.00650290112685159,-0.23574490041292986,0.03000000000000025,0.08000000000000007,-0.11999999999999922,0.019464720194647178,-0.027842227378190088
2024-03-14,191.02999877929688,191.6300048828125,187.1000061035156,187.97000122070312,178.35626220703125,10310900.0,14.399999618530272,4.29,-0.01781803835958995,-0.017978690806876328,0.04727269952947433,0.09999999999999964,0.32267333718170743,0.17010021100147765,0.1339467318702408,0.12434420378622717,1.05,0.0,0.9286102828599989,0.04727269952947433,-0.28744588987705494,0.09999999999999964,0.20000000000000018,0.020000000000000462,0.0488997555012225,0.004683840749414525
2024-03-15,186.47999572753903,190.94000244140625,186.47999572753903,190.3000030517578,180.56707763671875,17214200.0,14.40999984741211,4.31,0.012395502138978776,0.012319306908297823,0.0006944603574134955,0.019999999999999574,0.6695147853242684,0.19172569239254456,0.12052889728375543,0.12581928070246184,1.05,0.0,0.9284742993340542,0.0006944603574134955,-0.24085511223308367,0.019999999999999574,0.21999999999999975,0.0699999999999994,0.05378973105134466,0.01650943396226401
2024-03-18,190.6300048828125,192.6999969482422,189.88999938964844,192.66000366210935,182.806396484375,9013800.0,14.329999923706056,4.34,0.012401589907555133,0.012325320121770213,-0.005551694972461774,0.03000000000000025,-0.476374156219865,0.20300143694220996,0.12160677179037989,0.1254849575753226,1.05,0.0,0.929562141605406,-0.005551694972461774,-0.2309478835484714,0.03000000000000025,0.2400000000000002,0.040000000000000036,0.05853658536585371,0.009302325581395321
2024-03-19,192.7100067138672,193.92999267578125,192.3800048828125,193.7899932861328,183.87860107421875,8478700.0,13.81999969482422,4.3,0.005865246569396687,0.005848112973270819,-0.03558968817844477,-0.040000000000000036,-0.05936452994297636,0.2010447465387952,0.12185224946083734,0.12238538366542834,1.05,0.0,0.9364971458113507,-0.03558968817844477,-0.26980116227440415,-0.040000000000000036,0.13999999999999968,0.03000000000000025,0.033653846153846034,0.007025761124121788
2024-03-20,194.19000244140625,196.55999755859372,193.6100006103516,196.3300018310547,186.2886657714844,9367000.0,13.039999961853027,4.27,0.013106825281387069,0.013021674081142982,-0.05643992403728593,-0.03000000000000025,0.10476841968698025,0.21003928889908383,0.1259268249659556,0.12407992419794366,1.05,0.0,0.9471036144410822,-0.05643992403728593,-0.3269580694290161,-0.03000000000000025,0.07999999999999918,-0.05000000000000071,0.01909307875894961,-0.011574074074074292
2024-03-21,196.5200042724609,199.42999267578125,196.3300018310547,199.05999755859372,188.87905883789065,11203800.0,12.920000076293944,4.27,0.01390526393905156,0.013809472736321129,-0.009202445238506884,0.0,0.19609266574143258,0.05078552378189284,0.12764792968312919,0.1259193874075575,1.05,0.0,0.9487353778481098,-0.009202445238506884,-0.2779862978982381,0.0,-0.020000000000000462,-0.0600000000000005,-0.004662004662004726,-0.013856812933025542
2024-03-22,199.00999450683597,200.47999572753903,196.5399932861328,196.6199951171875,186.5638732910156,8108800.0,13.0600004196167,4.22,-0.012257502558089883,-0.012333245323725532,0.010835939821674856,-0.04999999999999982,-0.2762455595422981,0.17480082157773827,0.14037494980357673,0.12960999235235734,1.05,0.0,0.9468316473891928,0.010835939821674856,-0.29168686433352264,-0.04999999999999982,-0.08999999999999986,-0.040000000000000036,-0.02088167053364265,-0.009389671361502372
2024-03-25,196.6000061035156,196.94000244140625,194.3600006103516,194.82000732421875,184.8559112548828,8620000.0,13.1899995803833,4.25,-0.009154837997325416,-0.00919700105462603,0.009953993613303291,0.03000000000000025,0.0630426203630623,0.19544021210071458,0.14545349400207855,0.13167792126398373,1.05,0.0,0.9450639134243233,0.009953993613303291,-0.30229064362904884,0.03000000000000025,-0.08999999999999986,-0.03000000000000025,-0.020737327188940058,-0.007009345794392607
2024-03-26,194.58999633789065,196.66000366210935,194.05999755859372,195.72999572753903,185.7193603515625,5961500.0,13.239999771118164,4.24,0.004670930406381002,0.004660055461874361,0.003790765149775055,-0.009999999999999787,-0.3084106728538283,0.19423277601910946,0.1452403714714399,0.13162504112100507,1.05,0.0,0.9443840087627027,0.003790765149775055,-0.3137012253974896,-0.009999999999999787,-0.05999999999999961,-0.0699999999999994,-0.013953488372092981,-0.016241299303944134
2024-03-27,196.5,199.6000061035156,196.3800048828125,199.5200042724609,189.31553649902344,8725800.0,12.779999732971191,4.2,0.01936349630245049,0.01917840927975326,-0.0347432058987206,-0.040000000000000036,0.4636920238195086,0.21952883445265492,0.15584648426082784,0.13579266363121031,1.05,0.0,0.9506391083070269,-0.0347432058987206,-0.37471908208629673,-0.040000000000000036,-0.0699999999999994,-0.0699999999999994,-0.016393442622950727,-0.016393442622950727
2024-03-28,199.4900054931641,200.72000122070312,198.5399932861328,200.3000030517578,190.05563354492188,8628300.0,13.010000228881836,4.2,0.003909330737375871,0.0039017091610196258,0.017996909289228258,0.0,-0.011173760572096514,0.19981269637598548,0.15466777830636189,0.13457108951688984,1.05,0.0,0.9475115520508134,0.017996909289228258,-0.3578009989215348,0.0,-0.0699999999999994,-0.04999999999999982,-0.016393442622950727,-0.0117647058823529
2024-04-01,199.9900054931641,200.94000244140625,198.57000732421875,198.94000244140625,188.7652130126953,7309000.0,13.649999618530272,4.33,-0.006789698932663124,-0.006812853807732838,0.04919288073705452,0.1299999999999999,-0.15290381651078433,0.17893721083306288,0.15673437467022316,0.13520619631881423,1.05,0.0,0.938808813879999,0.04919288073705452,-0.4377707716960263,0.1299999999999999,0.11000000000000032,0.13999999999999968,0.026066350710900466,0.03341288782816232
2024-04-02,198.38999938964844,199.77999877929688,198.0800018310547,198.8600006103516,188.68927001953125,7014700.0,14.609999656677246,4.36,-0.00040231455760308954,-0.0004023955078170803,0.07032967508978882,0.03000000000000025,-0.04026542618689288,0.15207107978103035,0.15661537524812344,0.13507942457986533,1.05,0.0,0.9257546936556746,0.07032967508978882,-0.4573738606573804,0.03000000000000025,0.11000000000000032,0.14000000000000057,0.025882352941176467,0.0331753554502372
2024-04-03,199.0399932861328,199.55999755859372,197.6999969482422,198.3000030517578,188.1579132080078,9353400.0,14.329999923706056,4.36,-0.002816041481682796,-0.0028200139860736044,-0.019164937683158745,0.0,0.33339986029338387,0.15944409078044572,0.1558194162010649,0.13540517220357223,1.05,0.0,0.929562141605406,-0.019164937683158745,-0.5501797569554333,0.0,0.1200000000000001,0.23000000000000043,0.028301886792452935,0.05569007263922532
2024-04-04,199.1499938964844,199.67999267578125,195.5500030517578,195.6499938964844,186.7263336181641,9243800.0,16.350000381469727,4.31,-0.007608394276041541,-0.007637485761370888,0.14096304734949738,-0.05000000000000071,-0.011717664164902608,0.07536446357253093,0.15951571031239228,0.13673293630060515,1.15,0.09523809523809512,0.9020940918335162,0.14096304734949738,-0.5547654551509309,-0.05000000000000071,0.10999999999999943,0.1999999999999993,0.026190476190476097,0.04866180048661772
2024-04-05,196.16000366210935,198.1199951171875,195.1100006103516,197.4499969482422,188.4442596435547,6532300.0,16.030000686645508,4.39,0.009200234332794155,0.009158169981324238,-0.019571846321599473,0.08000000000000007,-0.2933317466842641,0.10714794009589906,0.1562758632901047,0.13578211047151273,1.15,0.0,0.9064454609189234,-0.019571846321599473,-0.5955187603130555,0.08000000000000007,0.1899999999999995,0.2999999999999998,0.04523809523809508,0.07334963325183375
2024-04-08,197.6199951171875,198.97999572753903,197.6199951171875,198.47999572753903,189.42726135253903,8001000.0,15.1899995803833,4.42,0.005216405693883708,0.005202847379707472,-0.05240181349224815,0.03000000000000025,0.22483658129602135,0.10498071328216359,0.1564660250199948,0.1358893865774097,1.15,0.0,0.9178678307043228,-0.05240181349224815,-0.5883536454695121,0.03000000000000025,0.08999999999999986,0.33000000000000007,0.020785219399538146,0.0806845965770171
2024-04-09,198.07000732421875,198.8800048828125,194.91000366210935,197.1499938964844,188.1579132080078,7351500.0,14.979999542236328,4.36,-0.006700979233231208,-0.006723531599660852,-0.013824887685854326,-0.05999999999999961,-0.08117735283089611,0.11795324107294917,0.16000057551059216,0.13651997134660418,1.15,0.0,0.9207234199086469,-0.013824887685854326,-0.5565853080893249,-0.05999999999999961,0.0,0.2600000000000007,0.0,0.06341463414634174
2024-04-10,195.5500030517578,197.07000732421875,194.17999267578125,195.47000122070312,186.55455017089844,7681400.0,15.800000190734863,4.55,-0.008521369150904956,-0.008557883600386163,0.05473969783420429,0.1899999999999995,0.04487519553832553,0.13116144890383408,0.1632330290025214,0.13691022105054318,1.15,0.0,0.9095730171751368,0.05473969783420429,-0.5835163633121729,0.1899999999999995,0.1899999999999995,0.3899999999999997,0.04357798165137594,0.09375
2024-04-11,196.0,196.57000732421875,193.2400054931641,195.42999267578125,186.516357421875,10137700.0,14.90999984741211,4.56,-0.00020472697657847316,-0.00020474793600663168,-0.05632913497334324,0.009999999999999787,0.31977243731611416,0.12015798654614286,0.16161468128161594,0.13580174648242807,1.15,0.0,0.9216752786540541,-0.05632913497334324,-0.5432775343857059,0.009999999999999787,0.25,0.3699999999999992,0.058004640371229765,0.08830548926014292
2024-04-12,188.32000732421875,188.92999267578125,182.5399932861328,182.7899932861328,174.452880859375,31532300.0,17.309999465942383,4.5,-0.06467784771935059,-0.0668642611427023,0.16096577083110009,-0.05999999999999961,2.1103997948252564,0.4645860227951959,0.2850957563731506,0.19626751055233976,1.15,0.0,0.8890399845772947,0.16096577083110009,-0.7241025347638497,-0.05999999999999961,0.11000000000000032,0.20999999999999996,0.02505694760820054,0.04895104895104896
2024-04-15,184.5,187.4600067138672,182.1999969482422,182.88999938964844,174.54832458496094,14766600.0,19.229999542236328,4.63,0.0005471031783239599,0.0005469535719443573,0.11091855202373435,0.1299999999999999,-0.5316992417299087,0.4525802553487281,0.2807726053817037,0.19627749826092847,1.15,0.0,0.862931744128646,0.11091855202373435,-0.6724847584231854,0.1299999999999999,0.20999999999999996,0.3200000000000003,0.04751131221719462,0.07424593967517401
2024-04-16,182.8999938964844,183.16000366210935,179.64999389648438,180.8000030517578,172.55364990234375,16451800.0,18.399999618530277,4.67,-0.01142763579862538,-0.011493432979705771,-0.043161723529065,0.040000000000000036,0.11412241138786183,0.4474187955323603,0.27771074574550386,0.19535453579079975,1.15,0.0,0.8742181174199979,-0.043161723529065,-0.6266391652438223,0.040000000000000036,0.3099999999999996,0.33000000000000007,0.07110091743119251,0.07603686635944706
2024-04-17,181.3699951171875,182.4199981689453,179.1999969482422,180.0800018310547,171.8665008544922,9017100.0,18.209999084472656,4.59,-0.0039822342108697395,-0.003990184418937682,-0.010326116195473967,-0.08000000000000007,-0.45190799790904335,0.4541749823621589,0.275796068501616,0.1955792078028928,1.15,0.0,0.8768017525405356,-0.010326116195473967,-0.6158138481074362,-0.08000000000000007,0.040000000000000036,0.29000000000000004,0.00879120879120876,0.06744186046511635
2024-04-18,181.1000061035156,183.3600006103516,179.97000122070312,181.25,172.98312377929688,9557700.0,18.0,4.64,0.00649703647454869,0.0064760217064381825,-0.011532075509642303,0.04999999999999982,0.05995275642945064,0.47133655404904073,0.27158025737376124,0.19523033852077923,1.15,0.0,0.879657328776757,-0.011532075509642303,-0.5979138301313107,0.04999999999999982,0.08000000000000007,0.3700000000000001,0.01754385964912286,0.08665105386416871
2024-04-19,182.3999938964844,185.8800048828125,181.41000366210935,185.8000030517578,177.32559204101562,13402300.0,18.709999084472656,4.62,0.025103421460114017,0.024793506485888333,0.039444393581814285,-0.019999999999999574,0.4022515877250803,0.21760587270682713,0.2835122290375276,0.20053123596757408,1.15,0.0,0.8700027318605354,0.039444393581814285,-0.5207814346990237,-0.019999999999999574,0.1200000000000001,0.35000000000000053,0.026666666666666616,0.08196721311475419
2024-04-22,185.9900054931641,190.1300048828125,185.97999572753903,189.41000366210935,180.7709197998047,11529700.0,16.940000534057617,4.62,0.01942938816181794,0.01924304738977659,-0.09460174436266822,0.0,-0.13972228647321727,0.2419973164113908,0.2919850275364735,0.20214956379398352,1.15,0.0,0.8940712453562196,-0.09460174436266822,-0.575355160359758,0.0,-0.009999999999999787,0.40000000000000036,-0.002159827213822796,0.09478672985782
2024-04-23,191.1300048828125,192.22999572753903,190.5200042724609,192.13999938964844,183.3764495849609,9144400.0,15.6899995803833,4.61,0.014413434351286725,0.014310548255958134,-0.07378990048797274,-0.009999999999999787,-0.20688309322879173,0.1788148552428619,0.2957474928276868,0.20347829028030875,1.15,0.0,0.9110688100243227,-0.07378990048797274,-0.600015558629246,-0.009999999999999787,-0.05999999999999961,0.3600000000000003,-0.012847965738757905,0.08470588235294119
2024-04-24,190.52999877929688,193.22999572753903,190.1699981689453,193.0800018310547,184.27354431152344,6964900.0,15.970000267028809,4.65,0.004892093442712797,0.004880166037755782,0.017845805872141796,0.040000000000000036,-0.23834259218756837,0.13372560061280897,0.2957984864694738,0.20356458361579016,1.15,0.0,0.9072613491064886,0.017845805872141796,-0.597048340172313,0.040000000000000036,0.0600000000000005,0.41000000000000014,0.013071895424836777,0.09669811320754729
2024-04-25,192.25,193.94000244140625,191.17999267578125,193.3699951171875,184.55030822753903,9802300.0,15.369999885559082,4.7,0.0015019188839593411,0.0015007921318447716,-0.03757046784203688,0.04999999999999982,0.4073856049620239,0.1543032924440554,0.2868062084986513,0.1999463799033628,1.15,0.0,0.9154201791097298,-0.03757046784203688,-0.5807844182815571,0.04999999999999982,0.0600000000000005,0.5,0.012931034482758674,0.11904761904761907
2024-04-26,193.57000732421875,194.8699951171875,193.05999755859372,193.4900054931641,184.66488647460935,6413700.0,15.029999732971191,4.67,0.0006208510198153494,0.0006206583715540688,-0.022121025056567434,-0.03000000000000025,-0.3456943778500964,0.1310476996583619,0.2862567441882925,0.19824843265428782,1.15,0.0,0.9200435152470263,-0.022121025056567434,-0.5829161526340716,-0.03000000000000025,0.04999999999999982,0.46999999999999975,0.010822510822510845,0.11190476190476195
2024-04-29,193.47999572753903,194.25999450683597,192.42999267578125,193.27999877929688,184.4644317626953,5387800.0,14.670000076293944,4.63,-0.0010855052941620702,-0.001086094881739473,-0.023952073391426576,-0.040000000000000036,-0.1599544724573959,0.09740735240582239,0.28555168386164953,0.1980187054805683,1.15,0.0,0.9249388054681095,-0.023952073391426576,-0.5768237896610738,-0.040000000000000036,0.009999999999999787,0.2999999999999998,0.0021645021645020357,0.06928406466512693
2024-04-30,192.80999755859372,194.9900054931641,191.63999938964844,191.7400054931641,182.99468994140625,8153700.0,15.649999618530272,4.69,-0.007967616343403372,-0.007999527414977071,0.06680296776684846,0.0600000000000005,0.5133635250009281,0.07561543148777293,0.2865586396606333,0.19887323055329884,1.15,0.0,0.9116127311599986,0.06680296776684846,-0.5958069301916873,0.0600000000000005,0.08000000000000007,0.33000000000000007,0.017353579175704903,0.07568807339449535
2024-05-01,192.2700042724609,194.4600067138672,190.7899932861328,191.8600006103516,183.10919189453125,7445300.0,15.390000343322754,4.63,0.0006257118890262703,0.0006255162129625408,-0.016613372622684808,-0.0600000000000005,-0.08688080258042363,0.06156628336952492,0.2866142644006139,0.19878947122083557,1.15,0.0,0.9151482120578405,-0.016613372622684808,-0.5995744488659269,-0.0600000000000005,-0.020000000000000462,0.2699999999999996,-0.004301075268817289,0.06192660550458706
2024-05-02,193.07000732421875,193.5,189.5200042724609,191.66000366210935,182.91831970214844,6501700.0,14.68000030517578,4.58,-0.0010423954712920347,-0.0010429391432983154,-0.0461338546009209,-0.04999999999999982,-0.12673767343156084,0.0568259108139196,0.2856528698067643,0.19883231542044094,1.15,0.0,0.9248028219421648,-0.0461338546009209,-0.6238957229770781,-0.04999999999999982,-0.1200000000000001,0.27000000000000046,-0.025531914893617058,0.06264501160092828
2024-05-03,192.0,192.52999877929688,188.4600067138672,190.50999450683597,181.8207855224609,8922800.0,13.489999771118164,4.5,-0.006000132635564759,-0.006018205761753769,-0.08106270499449875,-0.08000000000000007,0.3723795315071443,0.05869704612732636,0.28354549966227827,0.19944321346137248,1.15,0.0,0.9409844984227026,-0.08106270499449875,-0.5828799829796629,-0.08000000000000007,-0.16999999999999993,0.11000000000000032,-0.03640256959314769,0.02505694760820054
2024-05-06,191.72999572753903,192.1999969482422,189.82000732421875,192.0,183.2427978515625,7911100.0,13.489999771118164,4.49,0.007820955811050245,0.007790530668984272,0.0,-0.009999999999999787,-0.11338369121800329,0.09835548085599069,0.2845388483086981,0.1995724783029386,1.15,0.0,0.9409844984227026,0.0,-0.5715640252154381,-0.009999999999999787,-0.13999999999999968,0.07000000000000028,-0.030237580993520474,0.015837104072398356
2024-05-07,191.6999969482422,192.92999267578125,191.6499938964844,191.75,183.0042266845703,7688800.0,13.229999542236328,4.47,-0.0013019402115080903,-0.0013027884720014941,-0.01927355324634561,-0.020000000000000462,-0.028099758567076694,0.079407009660347,0.28390923448758665,0.1996630771986939,1.15,0.0,0.9445199922886474,-0.01927355324634561,-0.5749222029414932,-0.020000000000000462,-0.22000000000000064,0.10999999999999943,-0.046908315565032166,0.025229357798165042
2024-05-08,191.0,196.6499938964844,191.0,195.6499938964844,186.7263336181641,9227600.0,13.0,4.48,0.02033891239030927,0.020134839157031032,-0.017384697671535276,0.010000000000000675,0.20013526167932572,0.16431801497833004,0.2924398534329475,0.2031697024981489,1.15,0.0,0.9476475355767581,-0.017384697671535276,-0.5588869596895129,0.010000000000000675,-0.14999999999999947,-0.0699999999999994,-0.03239740820734327,-0.015384615384615219
2024-05-09,195.1699981689453,197.58999633789065,195.1000061035156,197.5,188.49197387695312,7977300.0,12.6899995803833,4.45,0.009455764618607976,0.009411338710727758,-0.023846186124361513,-0.03000000000000025,-0.13549568685248603,0.16118779584681095,0.2943165186041597,0.20252093790779685,1.15,0.0,0.9518629341043233,-0.023846186124361513,-0.5719394237070787,-0.03000000000000025,-0.1299999999999999,-0.10999999999999943,-0.028384279475982543,-0.024122807017543768
2024-05-10,198.5399932861328,199.33999633789065,198.2700042724609,198.7700042724609,189.7040557861328,7529800.0,12.550000190734863,4.5,0.006430416554345841,0.006409829633666828,-0.011032261172400193,0.04999999999999982,-0.05609667431336418,0.12223531047276036,0.1525951695316311,0.20204445481942981,1.15,0.0,0.9537666515951375,-0.011032261172400193,-0.08171096378460105,0.04999999999999982,0.0,0.0,0.0,0.0
2024-05-13,198.8000030517578,199.8500061035156,198.0399932861328,198.72999572753903,189.6658477783203,7049200.0,13.600000381469728,4.48,-0.00020140849205441125,-0.00020142877746856256,0.0836653525718698,-0.019999999999999574,-0.06382639645143295,0.13734514237675563,0.15285507628604697,0.19797495853403535,1.15,0.0,0.9394887055735167,0.0836653525718698,-0.08485062276270204,-0.019999999999999574,-0.009999999999999787,-0.14999999999999947,-0.00222717149220486,-0.03239740820734327
2024-05-14,199.0,201.5800018310547,198.16000366210935,201.50999450683597,192.3190460205078,8596200.0,13.420000076293944,4.45,0.013988803325776011,0.013891863022993632,-0.013235316185802426,-0.03000000000000025,0.21945752709527322,0.12171243998818432,0.14473506084880958,0.19905062614925348,1.15,0.0,0.9419363571681098,-0.013235316185802426,-0.14648046657318173,-0.03000000000000025,-0.019999999999999574,-0.21999999999999975,-0.004474272930648726,-0.047109207708779355
2024-05-15,202.00999450683597,202.69000244140625,199.7700042724609,202.1100006103516,192.8916931152344,8370000.0,12.449999809265137,4.36,0.0029775890977825625,0.002973164859564863,-0.07228019832446086,-0.08999999999999986,-0.026313952676764174,0.08711884868391488,0.1407855709434497,0.19902316677977924,1.15,0.0,0.9551264609183787,-0.07228019832446086,-0.11790087058994701,-0.08999999999999986,-0.1200000000000001,-0.22999999999999954,-0.0267857142857143,-0.050108932461873534
2024-05-16,202.22000122070312,204.47999572753903,201.9900054931641,202.47000122070312,193.2352752685547,8497900.0,12.420000076293944,4.38,0.0017812179870029254,0.0017796334995103735,-0.0024096171430354474,0.019999999999999574,0.015280764635603239,0.08787877644111981,0.1414588144810133,0.1988087399181207,1.15,0.0,0.95553439852811,-0.0024096171430354474,-0.1252819639134762,0.019999999999999574,-0.07000000000000028,-0.2599999999999998,-0.01573033707865179,-0.05603448275862066
2024-05-17,203.80999755859372,205.0500030517578,202.80999755859372,204.7899932861328,195.449462890625,9260500.0,11.989999771118164,4.42,0.011458506315645822,0.011393354852106005,-0.034621602458483114,0.040000000000000036,0.08973981807270026,0.09938867644845326,0.12420867901100002,0.19869820463278526,1.15,0.0,0.961381560462703,-0.034621602458483114,-0.34069034208707955,0.040000000000000036,-0.08000000000000007,-0.20000000000000018,-0.01777777777777778,-0.04329004329004338
2024-05-20,204.38999938964844,205.8800048828125,195.3999938964844,195.5800018310547,186.65953063964844,17373300.0,12.149999618530272,4.44,-0.044972915867747765,-0.04601557855564577,0.01334444123990064,0.020000000000000462,0.8760650072890233,0.3889397107295074,0.2102357863786371,0.22156044562796426,1.15,0.0,0.9592058759199994,0.01334444123990064,-0.24978111354993662,0.020000000000000462,-0.040000000000000036,-0.17999999999999972,-0.008928571428571397,-0.03896103896103886
2024-05-21,197.0,199.8999938964844,196.6000061035156,199.5200042724609,190.4198303222656,14420800.0,11.859999656677246,4.41,0.02014523271183255,0.0199450021719966,-0.023868310366918832,-0.03000000000000025,-0.16994468523538997,0.4076189941705712,0.2156349184148859,0.22466936257702466,1.15,0.0,0.9631493073956753,-0.023868310366918832,-0.19935460123165205,-0.03000000000000025,-0.040000000000000036,-0.20000000000000018,-0.008988764044943864,-0.04338394793926248
2024-05-22,199.0,200.94000244140625,197.69000244140625,198.30999755859372,189.26499938964844,9425300.0,12.289999961853027,4.43,-0.006064656872462937,-0.006083121596616283,0.03625635055846632,0.019999999999999574,-0.34640935315655164,0.4057453340217881,0.2171213340173207,0.22519938891562039,1.15,0.0,0.9573021454610823,0.03625635055846632,-0.2398652501715044,0.019999999999999574,0.0699999999999994,-0.22000000000000064,0.016055045871559592,-0.047311827956989405
2024-05-23,197.80999755859372,198.3000030517578,196.07000732421875,196.9199981689453,187.9384002685547,8069400.0,12.770000457763672,4.47,-0.007009215255709411,-0.007033895197255963,0.03905618367782915,0.040000000000000036,-0.14385748994726955,0.40292969294130226,0.21913976901709414,0.22572227830194808,1.15,0.0,0.9507750788648688,0.03905618367782915,-0.26872287486124885,0.040000000000000036,0.08999999999999986,-0.23000000000000043,0.020547945205479312,-0.048936170212766084
2024-05-24,197.75,200.75999450683597,197.55999755859372,200.7100067138672,191.55555725097656,7356200.0,11.93000030517578,4.46,0.01924650298849584,0.01906363174592013,-0.0657791795204834,-0.009999999999999787,-0.08838327508860633,0.42626408139771255,0.228400268403327,0.2281280117272678,1.15,0.0,0.9621974356821654,-0.0657791795204834,-0.333514409202768,-0.009999999999999787,0.040000000000000036,-0.20999999999999996,0.009049773755656076,-0.04496788008565311
2024-05-28,199.8600006103516,200.41000366210935,198.66000366210935,199.5,190.4007110595703,6910200.0,12.920000076293944,4.54,-0.00602877936813484,-0.006047025831366489,0.08298405245544349,0.08000000000000007,-0.06062912916995189,0.2252712613581355,0.22991466765217222,0.22835703274928112,1.15,0.0,0.9487353778481098,0.08298405245544349,-0.357268490703062,0.08000000000000007,0.09999999999999964,-0.08999999999999986,0.022522522522522515,-0.01943844492440605
2024-05-29,198.0,198.9900054931641,196.88999938964844,198.1100006103516,189.0741271972656,6120000.0,14.279999732971191,4.61,-0.006967326198113133,-0.006991711347491013,0.10526313070017879,0.07000000000000028,-0.11435269601458709,0.18191607936480128,0.22938473631840606,0.22861849944709403,1.15,0.0,0.9302420462670266,0.10526313070017879,-0.3509714391839869,0.07000000000000028,0.20000000000000018,-0.08000000000000007,0.04535147392290262,-0.017057569296375252
2024-05-30,198.55999755859372,199.8500061035156,198.3999938964844,199.3300018310547,190.2384796142578,6829100.0,14.470000267028809,4.55,0.006158179515367568,0.006139295416022643,0.01330535977664793,-0.0600000000000005,0.11586601307189537,0.18286290138433642,0.22989759385108058,0.2281174631766429,1.15,0.0,0.927658411146489,0.01330535977664793,-0.34637763538932226,-0.0600000000000005,0.1200000000000001,-0.08000000000000007,0.02708803611738153,-0.017278617710583144
2024-05-31,199.3000030517578,203.3000030517578,198.3500061035156,202.6300048828125,193.3879852294922,14417900.0,12.920000076293944,4.51,0.01655556552817572,0.016420016171385513,-0.10711818674023654,-0.040000000000000036,1.1112445270972748,0.19324713261387297,0.23521808619474707,0.23014591820379102,1.15,0.0,0.9487353778481098,-0.10711818674023654,-0.4156100710416688,-0.040000000000000036,0.040000000000000036,-0.07000000000000028,0.008948545861297452,-0.015283842794759916
2024-06-03,202.30999755859372,202.4199981689453,199.19000244140625,201.82000732421875,192.61492919921875,6444300.0,13.109999656677246,4.41,-0.003997435669832683,-0.004005446772171124,0.014705849788029024,-0.09999999999999964,-0.5530347692798535,0.15928364149476995,0.23432603492450615,0.22946445377762922,1.15,0.0,0.946151755695675,0.014705849788029024,-0.49600234361607765,-0.09999999999999964,-0.04999999999999982,-0.08999999999999986,-0.011210762331838486,-0.020000000000000018
2024-06-04,200.16000366210935,201.97999572753903,198.27999877929688,199.16000366210935,190.07623291015625,6848300.0,13.15999984741211,4.33,-0.013180163654068378,-0.013267792840755572,0.003813897181103032,-0.08000000000000007,0.06269106031686911,0.18575344888915596,0.24032306223326913,0.23139042462811532,1.15,0.0,0.9454718510340544,0.003813897181103032,-0.4872506674317305,-0.08000000000000007,-0.20999999999999996,-0.16000000000000014,-0.04625550660792954,-0.03563474387527843
2024-06-05,199.75999450683597,199.82000732421875,196.9199981689453,197.25999450683597,188.2628936767578,8351600.0,12.630000114440918,4.29,-0.00954006298228538,-0.009585860892522424,-0.04027353640702469,-0.040000000000000036,0.21951433202400605,0.19239892107662498,0.24353260656311548,0.2324106158429764,1.15,0.0,0.9526788093237858,-0.04027353640702469,-0.44972653276533003,-0.040000000000000036,-0.3200000000000003,-0.17999999999999972,-0.06941431670282006,-0.04026845637583887
2024-06-06,197.25999450683597,198.0200042724609,195.3300018310547,196.91000366210935,187.9288787841797,7640300.0,12.579999923706056,4.28,-0.0017741939797845108,-0.001775769725985566,-0.0039588432527163375,-0.009999999999999787,-0.08516930887494611,0.18219350776430127,0.2334048680128089,0.23196624648509115,1.15,0.0,0.9533587139854063,-0.0039588432527163375,-0.4482849652833411,-0.009999999999999787,-0.2699999999999996,-0.20000000000000018,-0.05934065934065924,-0.044642857142857206
2024-06-07,197.42999267578125,200.9199981689453,197.00999450683597,199.9499969482422,190.8302154541016,6964500.0,12.220000267028809,4.43,0.01543848230613798,0.015320521479691821,-0.028616825028659587,0.14999999999999947,-0.08845202413517794,0.1750491166629253,0.23736619140326168,0.23341943216139988,1.15,0.0,0.9582540042064894,-0.028616825028659587,-0.45364877077300797,0.14999999999999947,-0.08000000000000007,-0.020000000000000462,-0.0177383592017738,-0.004494382022471988
2024-06-10,199.2400054931641,200.83999633789065,198.44000244140625,199.6100006103516,190.50575256347656,6070800.0,12.739999771118164,4.47,-0.0017002700010212424,-0.00170171710059872,0.042553149977613725,0.040000000000000036,-0.12832220547060091,0.17469964190833345,0.2364850770797038,0.23017939776357713,1.15,0.0,0.9511830294427027,0.042553149977613725,-0.4501668990846936,0.040000000000000036,0.05999999999999961,-0.03000000000000025,0.013605442176870763,-0.00666666666666671
2024-06-11,197.91000366210935,197.94000244140625,193.6000061035156,194.3600006103516,185.4951934814453,9235300.0,12.850000381469728,4.39,-0.026301353185446352,-0.02665342073388194,0.008634270983343129,-0.08000000000000007,0.5212657310403901,0.24127499564465812,0.2550113741109581,0.23585194218358924,1.15,0.0,0.949687236593517,0.008634270983343129,-0.4609824560759555,-0.08000000000000007,0.05999999999999961,-0.09000000000000075,0.013856812933025209,-0.02008928571428592
2024-06-12,196.0,196.72000122070312,191.30999755859372,191.52999877929688,182.7942657470703,12751300.0,12.039999961853027,4.31,-0.014560634610972678,-0.014667681031040934,-0.06303505023896794,-0.08000000000000007,0.3807131333037368,0.2500577644616488,0.2528666370312096,0.23653288866686437,1.15,0.0,0.9607016558010824,-0.06303505023896794,-0.3893970862324714,-0.08000000000000007,0.019999999999999574,-0.14000000000000057,0.004662004662004504,-0.03146067415730347
2024-06-13,192.32000732421875,194.5800018310547,190.8800048828125,193.66000366210935,184.8271331787109,8587800.0,11.9399995803833,4.24,0.011121067848230304,0.011059683460525988,-0.008305679550378975,-0.0699999999999994,-0.3265157278081451,0.2783794455587383,0.2568034598340695,0.23732316323035044,1.15,0.0,0.9620614651243234,-0.008305679550378975,-0.38371848625301397,-0.0699999999999994,-0.040000000000000036,-0.1200000000000001,-0.009345794392523366,-0.02752293577981657
2024-06-14,191.4499969482422,194.8600006103516,191.4199981689453,193.77999877929688,184.94161987304688,6874000.0,12.65999984741211,4.2,0.000619425797321993,0.0006192340323481606,0.060301532021133974,-0.040000000000000036,-0.19956216958941753,0.23204132062297808,0.25660178151322993,0.2357918944392796,1.15,0.0,0.9522708717140546,0.060301532021133974,-0.35958268079331385,-0.040000000000000036,-0.22999999999999954,-0.17999999999999972,-0.05191873589164775,-0.041095890410958846
2024-06-17,193.47999572753903,195.5800018310547,192.63999938964844,194.97999572753903,186.0868988037109,8725400.0,12.75,4.28,0.006192651126610604,0.00617355545728534,0.0071090168777756535,0.08000000000000007,0.26933372126854804,0.24799355559047187,0.253587314121134,0.23438012312866324,1.15,0.0,0.951047045916758,0.0071090168777756535,-0.3333172911186484,0.08000000000000007,-0.1899999999999995,-0.13999999999999968,-0.042505592841163176,-0.03167420814479627
2024-06-18,194.6000061035156,197.9600067138672,194.1300048828125,197.0,188.01475524902344,9023000.0,12.300000190734863,4.22,0.010359979438133715,0.010306682637609197,-0.03529410268746169,-0.0600000000000005,0.03410731886217255,0.16758275048415833,0.19797689928077883,0.2339863079346158,1.15,0.0,0.9571661619351376,-0.03529410268746169,-0.4162039952102996,-0.0600000000000005,-0.16999999999999993,-0.22000000000000064,-0.038724373576309756,-0.04954954954954971
2024-06-20,196.38999938964844,199.4499969482422,196.1100006103516,198.6699981689453,189.6085968017578,8731100.0,13.279999732971191,4.25,0.00847721526229872,0.008441485457157151,0.07967475829590032,0.03000000000000025,-0.03235065942591153,0.06658681242931014,0.18677917439284136,0.23377568848230315,1.15,0.0,0.9438400876270268,0.07967475829590032,-0.3232174724344863,0.03000000000000025,-0.05999999999999961,-0.16000000000000014,-0.013921113689094988,-0.03628117913832207
2024-06-21,196.7100067138672,197.1699981689453,194.22000122070312,196.3000030517578,187.34669494628903,20972100.0,13.199999809265137,4.25,-0.01192932121022805,-0.012001046556324037,-0.006024090761646117,0.0,1.4019997480271673,0.1427254000297917,0.19039211616896437,0.2349764506931512,1.15,0.0,0.9449279298983786,-0.006024090761646117,-0.2936125079509295,0.0,0.009999999999999787,-0.17999999999999972,0.002358490566037652,-0.040632054176072185
2024-06-24,197.80999755859372,199.22999572753903,197.1000061035156,198.8800048828125,189.80902099609372,9785900.0,13.329999923706056,4.25,0.013143151794114294,0.013057529985539879,0.009848493660558288,0.0,-0.53338483032219,0.15777973775270482,0.19457153547539427,0.23318685732024885,1.15,0.0,0.9431601829654062,0.009848493660558288,-0.26456741391809796,0.0,0.04999999999999982,-0.21999999999999975,0.011904761904761862,-0.04921700223713643
2024-06-25,198.08999633789065,200.07000732421875,197.7400054931641,198.07000732421875,189.03594970703125,6862500.0,12.84000015258789,4.23,-0.004072890134544149,-0.004081206941543595,-0.03675917283740948,-0.019999999999999574,-0.2987359363982873,0.17009101822183284,0.18222969493542798,0.23319659720670333,1.15,0.0,0.9498232201194616,-0.03675917283740948,-0.15664485580521292,-0.019999999999999574,-0.04999999999999982,-0.22999999999999954,-0.011682242990654124,-0.051569506726457326
2024-06-26,197.4499969482422,197.94000244140625,196.27999877929688,197.42999267578125,188.42514038085935,7758600.0,12.550000190734863,4.32,-0.003231180773384801,-0.0032364123103808032,-0.022585666542580096,0.08999999999999986,0.13057923497267754,0.1611013687180294,0.18139932951652832,0.23287115020174387,1.15,0.0,0.9537666515951375,-0.022585666542580096,-0.11875548217220405,0.08999999999999986,0.10000000000000053,-0.21999999999999975,0.02369668246445511,-0.048458149779735615
2024-06-27,197.44000244140625,199.8600006103516,196.8999938964844,199.1699981689453,190.08578491210935,7913500.0,12.239999771118164,4.29,0.00881328536040038,0.008774675050928596,-0.024701228279307874,-0.03000000000000025,0.019964942128734675,0.16215834433949333,0.18257002516375248,0.2335669099544599,1.15,0.0,0.9579820501227029,-0.024701228279307874,-0.07490002692277622,-0.03000000000000025,0.040000000000000036,-0.3200000000000003,0.009411764705882453,-0.06941431670282006
2024-06-28,200.00999450683597,202.6000061035156,199.3000030517578,202.25999450683597,193.03485107421875,15307600.0,12.4399995803833,4.36,0.015514396110540174,0.015395278314519749,0.01633985400367921,0.07000000000000028,0.9343653250773993,0.14478021714495887,0.18934927934983592,0.2355612995215671,1.15,0.0,0.9552624444443234,0.01633985400367921,-0.04743318845195485,0.07000000000000028,0.11000000000000032,-0.1899999999999995,0.025882352941176467,-0.04175824175824161
2024-07-01,202.83999633789065,207.08999633789065,202.66000366210935,205.4499969482422,196.07937622070312,10205800.0,12.220000267028809,4.48,0.015771893673820703,0.015648809848656332,-0.017684832859754307,0.1200000000000001,-0.3332854268467951,0.15365517265881845,0.18851965655770028,0.23698627663569666,1.15,0.0,0.9582540042064894,-0.017684832859754307,0.12412410011128447,0.1200000000000001,0.23000000000000043,-0.02999999999999936,0.054117647058823604,-0.006651884700665023
2024-07-02,205.2899932861328,208.8600006103516,204.7700042724609,208.8300018310547,199.30520629882807,7802900.0,12.029999732971191,4.43,0.01645165412243066,0.01631779183609426,-0.015548324869538943,-0.05000000000000071,-0.23544455113758844,0.13185268211824797,0.19547890550622593,0.2385122275758822,1.15,0.0,0.960837639327027,-0.015548324869538943,0.10797282004132719,-0.05000000000000071,0.1999999999999993,0.019999999999999574,0.047281323877068404,0.0045351473922901064
2024-07-03,209.5500030517578,210.3800048828125,207.6499938964844,208.69000244140625,199.1715850830078,5560900.0,12.09000015258789,4.36,-0.0006704351496965577,-0.0006706599918418669,0.004987566163634494,-0.0699999999999994,-0.28732906996116825,0.11510982604806709,0.18763657951774665,0.23836691621577674,1.15,0.0,0.9600217511394618,0.004987566163634494,0.12410454577640873,-0.0699999999999994,0.040000000000000036,0.03000000000000025,0.0092592592592593,0.006928406466512715
2024-07-05,206.9900054931641,207.3699951171875,204.5200042724609,204.7899932861328,196.53245544433597,8093100.0,12.479999542236328,4.28,-0.013250532888875455,-0.013339104483790993,0.03225801362500036,-0.08000000000000007,0.45535794565627863,0.21061095313793107,0.19123813480204024,0.2396451837328442,1.15,0.0,0.9547185233086475,0.03225801362500036,-0.0027343604906661014,-0.08000000000000007,-0.009999999999999787,-0.009999999999999787,-0.002331002331002252,-0.002331002331002252
2024-07-08,205.0399932861328,206.8999938964844,203.97000122070312,205.1699981689453,196.8971405029297,8707000.0,12.369999885559082,4.28,0.001855597121448449,0.0018538776279061313,-0.008814075377564845,0.0,0.07585474045792084,0.19675443126159012,0.19068324478934617,0.23887112762056836,1.15,0.0,0.9562143031897306,-0.008814075377564845,-0.004211910174630238,0.0,-0.08000000000000007,0.0,-0.01834862385321101,0.0
2024-07-09,205.6300048828125,209.75999450683597,205.4499969482422,207.6300048828125,199.2579498291016,9058900.0,12.510000228881836,4.3,0.011990064051421667,0.01191875268606938,0.01131773198205055,0.019999999999999574,0.04041575743654535,0.1841764208566066,0.1879727913331886,0.2399216328279405,1.15,0.0,0.9543105727308134,0.01131773198205055,0.05969807924811401,0.019999999999999574,-0.1800000000000006,-0.1299999999999999,-0.04017857142857151,-0.02934537246049662
2024-07-10,206.13999938964844,207.97000122070312,205.5800018310547,207.8000030517578,199.4210968017578,8328500.0,12.850000381469728,4.28,0.0008187727154482793,0.0008184377039215581,0.027178269094107144,-0.019999999999999574,-0.08062789080351918,0.14297576211712784,0.18749822371229244,0.19366629149312276,1.15,0.0,0.949687236593517,0.027178269094107144,0.07838953553714752,-0.019999999999999574,-0.14999999999999947,-0.1899999999999995,-0.03386004514672669,-0.042505592841163176
2024-07-11,206.2100067138672,208.1000061035156,205.3800048828125,207.4499969482422,199.085205078125,10658100.0,12.920000076293944,4.2,-0.0016843339497160104,-0.0016857540349656459,0.005447446906317488,-0.08000000000000007,0.2797142342558685,0.14350836257195823,0.1544121242030236,0.19380314250387498,1.15,0.0,0.9487353778481098,0.005447446906317488,0.12858561373831615,-0.08000000000000007,-0.16000000000000014,-0.1899999999999995,-0.03669724770642202,-0.04328018223234609
2024-07-12,204.0,207.4499969482422,202.1000061035156,204.94000244140625,196.6764068603516,15443400.0,12.460000038146973,4.18,-0.012099333131400436,-0.01217312589539488,-0.035603717912586874,-0.020000000000000462,0.44898246404143327,0.1368072485859178,0.150721605416901,0.19401303999831607,1.15,0.0,0.954990477392434,-0.035603717912586874,0.03528688125209633,-0.020000000000000462,-0.10000000000000053,-0.1299999999999999,-0.02336448598130858,-0.030162412993039456
2024-07-15,207.19000244140625,211.6100006103516,206.72000122070312,210.0500030517578,201.5803985595703,10719700.0,13.119999885559082,4.23,0.02493431610584973,0.024628528689090677,0.0529694899993165,0.05000000000000071,-0.305871763989795,0.223064147415055,0.1664338891624887,0.19892798465341469,1.15,0.0,0.9460157721697303,0.0529694899993165,0.20049953424567515,0.05000000000000071,-0.04999999999999982,-0.009999999999999787,-0.011682242990654124,-0.002358490566037652
2024-07-16,210.0,213.7400054931641,208.0800018310547,213.6199951171875,205.0064392089844,11557000.0,13.1899995803833,4.17,0.01699590175381882,0.016853087317712342,0.0053353426398474735,-0.0600000000000005,0.0781085291565995,0.2355248879333431,0.17152046321385483,0.20090563885976115,1.15,0.0,0.9450639134243233,0.0053353426398474735,0.2530940522505352,-0.0600000000000005,-0.1299999999999999,-0.03000000000000025,-0.03023255813953485,-0.0071428571428572285
2024-07-17,213.8000030517578,217.55999755859372,213.2700042724609,216.8699951171875,208.1253662109375,11572500.0,14.479999542236328,4.16,0.015213800181045345,0.015099230884598584,0.09780136488947022,-0.009999999999999787,0.0013411785065329251,0.23872156756310509,0.17511542049241338,0.19732969447880544,1.15,0.0,0.9275224405886471,0.09780136488947022,0.319093394892588,-0.009999999999999787,-0.1200000000000001,-0.1200000000000001,-0.028037383177570097,-0.028037383177570097
2024-07-18,215.6300048828125,216.63999938964844,209.2400054931641,209.97999572753903,201.51318359375,12415100.0,15.93000030517578,4.2,-0.031770190907368656,-0.03228581379449673,0.10013817740186948,0.040000000000000036,0.07281054223374372,0.37897776794583415,0.21954836927326551,0.20687073182500254,1.15,0.0,0.9078052702421645,0.10013817740186948,-0.049558908295761823,0.040000000000000036,0.0,-0.019999999999999574,0.0,-0.004739336492890933
2024-07-19,211.1999969482422,212.3500061035156,208.9199981689453,209.77999877929688,201.32125854492188,8095900.0,16.520000457763672,4.25,-0.0009524193177109508,-0.000952873157175857,0.037037045906157084,0.04999999999999982,-0.3478989295293634,0.35962752518795854,0.21925735064869517,0.20529038066601982,1.15,0.0,0.899782423764868,0.037037045906157084,-0.09774410709712943,0.04999999999999982,0.07000000000000028,0.0,0.01674641148325362,0.0
2024-07-22,210.4600067138672,212.1699981689453,209.7100067138672,210.27999877929688,201.80108642578125,7663200.0,14.90999984741211,4.26,0.0023833940058164416,0.0023805582272808704,-0.09745766136434542,0.009999999999999787,-0.05344680640818189,0.31356901690472766,0.21203356134916337,0.2051813902688632,1.15,0.0,0.9216752786540541,-0.09745766136434542,-0.09607655475879455,0.009999999999999787,0.02999999999999936,0.009999999999999787,0.007092198581560183,0.0023529411764704466
2024-07-23,211.0200042724609,211.47999572753903,209.3500061035156,210.3300018310547,201.8490753173828,5557300.0,14.720000267028809,4.25,0.00023780293977360145,0.00023777466913632394,-0.012743097406287318,-0.009999999999999787,-0.27480686919302644,0.27823568502467877,0.20940948110499003,0.20519807289281075,1.15,0.0,0.9242589008064889,-0.012743097406287318,-0.09417047813397915,-0.009999999999999787,0.08000000000000007,0.0,0.01918465227817756,0.0
2024-07-24,209.5500030517578,212.02999877929688,208.07000732421875,208.58999633789065,200.17921447753903,7119000.0,18.040000915527344,4.28,-0.008272818873299892,-0.008307228547435538,0.22554351822499452,0.03000000000000025,0.2810177604232271,0.22658657215777772,0.21184802152302493,0.20617364461235224,1.15,0.0,0.8791133946729783,0.22554351822499452,-0.23029492723932896,0.03000000000000025,0.1200000000000001,0.04999999999999982,0.028846153846153966,0.011820330969267046
2024-07-25,208.6499938964844,210.19000244140625,208.0500030517578,208.6699981689453,200.25601196289065,6403800.0,18.459999084472656,4.27,0.0003836436542727917,0.0003835700818625172,0.023281493771090345,-0.010000000000000675,-0.10046354825115889,0.06543096036809123,0.210852856814666,0.2061216354334596,1.15,0.0,0.8734022422005355,0.023281493771090345,-0.2508796739061003,-0.010000000000000675,0.0699999999999994,-0.05000000000000071,0.016666666666666607,-0.011574074074074292
2024-07-26,209.2400054931641,213.16000366210935,208.6199951171875,212.2400054931641,203.6820831298828,8027800.0,16.389999389648438,4.2,0.01710845598796329,0.016963754436467544,-0.11213433355830271,-0.0699999999999994,0.2535994253412037,0.14537659409483356,0.21575119134916543,0.20761894376953546,1.15,0.0,0.9015501836659431,-0.11213433355830271,-0.31025115108913703,-0.0699999999999994,-0.04999999999999982,-0.08999999999999986,-0.0117647058823529,-0.020979020979020935
2024-07-29,212.6499938964844,213.6100006103516,210.5500030517578,210.8500061035156,202.3481292724609,6533600.0,16.600000381469727,4.17,-0.006549195868991942,-0.006570735950573652,0.012812751655983723,-0.03000000000000025,-0.18612820448939937,0.15848522427941117,0.21370629048784254,0.20831324378151747,1.15,0.0,0.8986945814935161,0.012812751655983723,-0.3106420003112066,-0.03000000000000025,-0.08999999999999986,-0.1900000000000004,-0.021126760563380254,-0.043577981651376274
2024-07-30,213.22999572753903,215.7899932861328,212.9600067138672,215.19000244140625,206.51312255859372,8850700.0,17.690000534057617,4.15,0.02058330512423301,0.02037433161097618,0.06566265828551643,-0.019999999999999574,0.35464368801273416,0.21162083202615814,0.21821552056928786,0.21172032251672407,1.15,0.0,0.8838727143362195,0.06566265828551643,-0.23151210016098298,-0.019999999999999574,-0.09999999999999964,-0.33000000000000007,-0.0235294117647058,-0.0736607142857143
2024-07-31,214.77999877929688,216.38999938964844,212.6699981689453,212.8000030517578,204.21946716308597,9071600.0,16.360000610351562,4.09,-0.011106584255230478,-0.0111687228891731,-0.07518371303299154,-0.0600000000000005,0.02495847786050831,0.22324530700849823,0.21709418875970138,0.2128160356100287,1.15,0.0,0.9019581083075715,-0.07518371303299154,-0.13318273529909927,-0.0600000000000005,-0.1900000000000004,-0.33999999999999986,-0.04439252336448607,-0.07674943566591419
2024-08-01,213.1999969482422,213.8300018310547,206.3800048828125,207.9600067138672,199.57467651367188,10918600.0,18.59000015258789,3.99,-0.0227441130561018,-0.02300675033755398,0.13630803539367387,-0.09999999999999964,0.20360245160721369,0.29674979716580646,0.23352729165874433,0.21848132408107804,1.15,0.0,0.8716344822994604,0.13630803539367387,-0.2411862885133204,-0.09999999999999964,-0.27999999999999936,-0.3700000000000001,-0.06557377049180313,-0.08486238532110091
2024-08-02,203.8800048828125,204.6699981689453,196.88999938964844,199.13999938964844,191.1102752685547,18041700.0,23.38999938964844,3.8,-0.04241220075101726,-0.04333786578760362,0.2582032919667485,-0.1900000000000004,0.6523821735387321,0.3704855773811682,0.27671137126127227,0.23692619606552606,1.15,0.0,0.8063638941459416,0.2582032919667485,-0.477176829748035,-0.1900000000000004,-0.40000000000000036,-0.4800000000000004,-0.09523809523809534,-0.1121495327102805
2024-08-05,194.0500030517578,196.1699981689453,190.8999938964844,194.8999938964844,187.0412139892578,13927000.0,38.56999969482422,3.78,-0.02129169283848753,-0.021521630631432746,0.6489953271180455,-0.020000000000000018,-0.2280660913328567,0.370000038183108,0.28537186111109614,0.23772733050016875,1.15,0.0,0.5999456221513455,0.6489953271180455,-0.4661251882175842,-0.020000000000000018,-0.3900000000000001,-0.5000000000000004,-0.09352517985611519,-0.11682242990654212
2024-08-06,195.3999938964844,202.6000061035156,194.0,200.33999633789065,192.2618865966797,10605800.0,27.709999084472656,3.9,0.027911883675657334,0.02752944709030823,-0.2815660019776688,0.1200000000000001,-0.23847203274215556,0.4147672503280086,0.30084275848302816,0.24360883050878832,1.15,0.0,0.7476203596205335,-0.2815660019776688,-0.545247250242925,0.1200000000000001,-0.25000000000000044,-0.3999999999999999,-0.06024096385542177,-0.09302325581395343
2024-08-07,203.50999450683597,205.75,200.1999969482422,200.3999938964844,192.3194732666016,9204400.0,27.850000381469727,3.96,0.0002995220266548415,0.00029947717888765505,0.005052374652567915,0.06000000000000005,-0.13213524675177735,0.4280031899415815,0.30078878103176826,0.2432791185326557,1.15,0.0,0.7457166161935138,0.005052374652567915,-0.5450722207933305,0.06000000000000005,-0.1299999999999999,-0.3200000000000003,-0.0317848410757946,-0.07476635514018692
2024-08-08,202.47000122070312,204.91000366210935,201.7899932861328,204.05999755859372,195.8319091796875,7761200.0,23.790000915527344,3.99,0.018263547905088107,0.01809877254511889,-0.1457809483063327,0.03000000000000025,-0.156794576506888,0.45975780679377737,0.30898653152687144,0.2460165321951411,1.15,0.0,0.8009246568529771,-0.1457809483063327,-0.5710074378331617,0.03000000000000025,0.0,-0.20999999999999996,0.0,-0.050000000000000044
2024-08-09,203.47000122070312,206.47000122070312,202.8999938964844,205.8000030517578,197.5017547607422,5540200.0,20.3700008392334,3.94,0.008526933062387165,0.008490784116398689,-0.1437578791374391,-0.050000000000000266,-0.28616708756377884,0.2974468474175151,0.30762291356720967,0.24501084327318362,1.15,0.0,0.847429959341626,-0.1437578791374391,-0.5981737520151146,-0.050000000000000266,0.14000000000000012,-0.23999999999999977,0.03684210526315801,-0.0574162679425837
2024-08-12,206.41000366210935,207.13999938964844,203.66000366210935,206.19000244140625,197.87603759765625,6936000.0,20.709999084472656,3.9,0.0018950861341331393,0.0018932927238257925,0.01669112573546916,-0.040000000000000036,0.25194036316378465,0.18221150437904854,0.29396927670054035,0.24497320856646265,1.15,0.0,0.842806649140535,0.01669112573546916,-0.6323619573593094,-0.040000000000000036,0.1200000000000001,-0.3300000000000005,0.031746031746031855,-0.07801418439716323
2024-08-13,207.72999572753903,208.08999633789065,205.3999938964844,207.94000244140625,199.5554351806641,6387800.0,18.1200008392334,3.85,0.008487119528957754,0.008451306420759006,-0.12506027811373066,-0.04999999999999982,-0.07903690888119952,0.11154288261932417,0.28869476428525775,0.2455117347286498,1.15,0.0,0.8780255524016265,-0.12506027811373066,-0.6477415698601511,-0.04999999999999982,-0.04999999999999982,-0.31999999999999984,-0.012820512820512775,-0.0767386091127098
2024-08-14,207.7400054931641,210.75999450683597,207.1199951171875,210.2400054931641,201.76272583007807,6999800.0,16.190000534057617,3.83,0.011061039993301325,0.011000314074639488,-0.10651215318914042,-0.020000000000000018,0.09580763330098008,0.09260852015757975,0.2859512641244115,0.24543880795603143,1.15,0.0,0.9042697763762197,-0.10651215318914042,-0.6905037710296779,-0.020000000000000018,-0.1299999999999999,-0.33000000000000007,-0.03282828282828276,-0.07932692307692313
2024-08-15,213.0,213.88999938964844,211.1000061035156,211.5500030517578,203.0199279785156,7001000.0,15.229999542236328,3.92,0.006231092206279598,0.0062117592200873085,-0.05929592094835401,0.08999999999999986,0.00017143346952774863,0.05430589442496772,0.2627873824534044,0.22567787116833823,1.15,0.0,0.917323909568647,-0.05929592094835401,-0.7175544432490534,0.08999999999999986,-0.07000000000000028,-0.28000000000000025,-0.01754385964912286,-0.06666666666666676
2024-08-16,211.69000244140625,214.08999633789065,211.58999633789065,213.97000122070312,205.34231567382807,7931200.0,14.800000190734863,3.89,0.011439210517098841,0.01137427746782997,-0.028233707447526624,-0.029999999999999805,0.13286673332381094,0.061916897436650804,0.2655908681014676,0.223341183529274,1.15,0.0,0.9231710585351371,-0.028233707447526624,-0.7156677783069293,-0.029999999999999805,-0.04999999999999982,-0.3599999999999999,-0.012690355329949221,-0.08470588235294119
2024-08-19,214.0,215.52999877929688,213.82000732421875,215.4499969482422,206.7626190185547,6090800.0,14.649999618530272,3.86,0.006916759169029119,0.006892948124115992,-0.010135173666990571,-0.03000000000000025,-0.23204559209199116,0.037165294437803816,0.26638628466090974,0.22310266038865686,1.15,0.0,0.9252107725199988,-0.010135173666990571,-0.7192357328270037,-0.03000000000000025,-0.040000000000000036,-0.3999999999999999,-0.01025641025641022,-0.0938967136150235
2024-08-20,215.0,216.0,213.67999267578125,214.5200042724609,205.87013244628903,5640000.0,15.880000114440918,3.82,-0.004316479335104373,-0.004325822227323615,0.08395908040535804,-0.040000000000000036,-0.07401326590924018,0.10073895040496689,0.26709978769577786,0.22273030469733918,1.15,0.0,0.9084851749037851,0.08395908040535804,-0.7218829668924229,-0.040000000000000036,-0.03000000000000025,-0.43000000000000016,-0.007792207792207906,-0.10117647058823531
2024-08-21,214.42999267578125,215.0,212.83999633789065,214.6000061035156,205.9468994140625,5202300.0,16.270000457763672,3.79,0.0003728902627169184,0.00037282075642118095,0.024559215397492062,-0.029999999999999805,-0.07760638297872335,0.09723100729500449,0.2648618460383071,0.21971521677921485,1.15,0.0,0.903181934104868,0.024559215397492062,-0.7176536093930878,-0.029999999999999805,-0.040000000000000036,-0.4900000000000002,-0.010443864229765065,-0.11448598130841126
2024-08-22,214.5800018310547,216.8000030517578,214.33999633789065,216.6300048828125,207.8950653076172,5247100.0,17.549999237060547,3.86,0.00945955437589685,0.009415092961590312,0.07867232595473528,0.06999999999999984,0.008611575649231984,0.10402543706670489,0.26632911016288435,0.21981974537470353,1.15,0.0,0.8857764577632393,0.07867232595473528,-0.7025625711709748,0.06999999999999984,-0.06000000000000005,-0.4099999999999997,-0.015306122448979553,-0.09601873536299754
2024-08-23,217.6000061035156,219.19000244140625,216.5,218.30999755859372,209.50729370117188,7214000.0,15.859999656677246,3.81,0.007755010399929985,0.007725094870731765,-0.09629627657273676,-0.04999999999999982,0.3748546816336642,0.09189515715323902,0.26135818705746283,0.21947032082937193,1.15,0.0,0.9087571419556745,-0.09629627657273676,-0.6968246630354252,-0.04999999999999982,-0.08000000000000007,-0.3900000000000001,-0.020565552699228773,-0.09285714285714286
2024-08-26,219.00999450683597,219.67999267578125,218.0500030517578,219.1699981689453,210.3326416015625,5105200.0,16.149999618530273,3.82,0.003939470964518632,0.003931731568204347,0.018284991685414864,0.009999999999999787,-0.29232048794011645,0.08839259059142712,0.2597586625387467,0.21932662612947196,1.15,0.0,0.9048137104799985,0.018284991685414864,-0.7011730366173156,0.009999999999999787,-0.040000000000000036,-0.3500000000000001,-0.010362694300518172,-0.08393285371702641
2024-08-27,219.50999450683597,220.4199981689453,219.19000244140625,220.17999267578125,211.3018951416016,5185200.0,15.43000030517578,3.83,0.004608193633944602,0.004597608416358222,-0.044582001879949096,0.010000000000000231,0.015670296952127183,0.055796012591267034,0.25078666189674204,0.21726005536815657,1.15,0.0,0.9146042909221647,-0.044582001879949096,-0.7482136550357541,0.010000000000000231,0.010000000000000231,-0.3200000000000003,0.002617801047120505,-0.07710843373493981
2024-08-28,219.25,222.2100067138672,219.19000244140625,221.2899932861328,212.3671417236328,6506400.0,17.110000610351562,3.84,0.005041348925514111,0.005028683874147222,0.10887882514248881,0.009999999999999787,0.2548021291367739,0.03699918702053992,0.24679634778149354,0.21707523984460114,1.15,0.0,0.8917595772875714,0.10887882514248881,-0.7739541586796915,0.009999999999999787,0.04999999999999982,-0.25,0.01319261213720302,-0.06112469437652812
2024-08-29,222.1499938964844,222.97999572753903,218.94000244140625,222.2100067138672,213.25006103515625,6416100.0,15.649999618530272,3.87,0.004157513748866304,0.004148895168234056,-0.0853302711712347,0.03000000000000025,-0.0138786425673183,0.024357327630793256,0.22851334110109853,0.21489448167013836,1.15,0.0,0.9116127311599986,-0.0853302711712347,-0.780838980301702,0.03000000000000025,0.010000000000000231,-0.1200000000000001,0.002590673575129543,-0.03007518796992481
2024-08-30,222.5,225.47999572753903,221.92999267578125,224.8000030517578,215.73562622070312,8574100.0,15.0,3.91,0.011655636455537133,0.011588232774559915,-0.041533522963198344,0.040000000000000036,0.33634139118779327,0.05128194835404843,0.1491980035826831,0.21443416612056676,1.15,0.0,0.9204514528567576,-0.041533522963198344,-0.8722218510572257,0.040000000000000036,0.10000000000000009,0.11000000000000032,0.026246719160105014,0.02894736842105261
2024-09-03,222.3000030517578,224.1000061035156,219.2400054931641,220.3000030517578,211.4170684814453,8956100.0,20.71999931335449,3.84,-0.020017823735982376,-0.020220894968610074,0.38133328755696594,-0.07000000000000028,0.04455278104990601,0.19466859461023683,0.14604686938930822,0.21919958178457932,1.15,0.0,0.8426706656145905,0.38133328755696594,-0.8737904578918382,-0.07000000000000028,0.020000000000000018,0.06000000000000005,0.005235602094240788,0.015873015873015817
2024-09-04,221.0399932861328,222.07000732421875,217.2100067138672,219.3300018310547,210.48617553710935,7389500.0,21.31999969482422,3.77,-0.004403111588966446,-0.00441283383404849,0.028957548327861904,-0.06999999999999984,-0.1749198870043881,0.19477084295466005,0.1266867126885013,0.21778947535669807,1.15,0.0,0.8345118356113491,0.028957548327861904,-0.8244285015984845,-0.06999999999999984,-0.06000000000000005,-0.1299999999999999,-0.015665796344647487,-0.033333333333333326
2024-09-05,220.1499938964844,220.8000030517578,216.02999877929688,217.6300048828125,208.85472106933597,8067900.0,19.899999618530277,3.73,-0.007750886553999581,-0.007781080797819075,-0.06660413211162808,-0.040000000000000036,0.09180594086203397,0.19193953572482733,0.13333654771768155,0.21854223729949718,1.15,0.0,0.8538210553799976,-0.06660413211162808,-0.738726282208857,-0.040000000000000036,-0.10999999999999988,-0.22999999999999998,-0.02864583333333326,-0.058080808080808066
2024-09-06,217.6000061035156,218.7400054931641,211.08999633789065,212.4600067138672,203.8931884765625,7777000.0,22.3799991607666,3.72,-0.023755903469025896,-0.024042624933875507,0.12462309496363133,-0.009999999999999787,-0.03605647070489226,0.2243013491800746,0.15663081861611397,0.21716519496505274,1.15,0.0,0.8200979190318864,0.12462309496363133,-0.6950438821503592,-0.009999999999999787,-0.1499999999999999,-0.27,-0.03875968992248058,-0.06766917293233088
2024-09-09,215.19000244140625,218.1499938964844,214.17999267578125,216.80999755859372,208.0677795410156,8935100.0,19.450000762939453,3.7,0.020474401796570785,0.02026761897135183,-0.13092039802055044,-0.020000000000000018,0.14891346277484896,0.2767572095938861,0.1682353907728856,0.21780512805947397,1.15,0.0,0.8599401584302744,-0.13092039802055044,-0.7149892916762526,-0.020000000000000018,-0.20999999999999996,-0.23999999999999977,-0.053708439897698246,-0.060913705583756306
2024-09-10,218.6000061035156,218.63999938964844,200.6100006103516,205.55999755859372,197.2714080810547,28406900.0,19.07999992370605,3.65,-0.05188872339473716,-0.05328340323035527,-0.019023178648836403,-0.050000000000000266,2.1792481337645913,0.4310145731083136,0.26020438443098365,0.24481559149017165,1.15,0.0,0.864971445145405,-0.019023178648836403,-0.4358353901361494,-0.050000000000000266,-0.18999999999999995,-0.25,-0.04947916666666663,-0.0641025641025641
2024-09-11,205.25,207.6999969482422,201.8300018310547,207.22999572753903,198.87408447265625,13658700.0,17.690000534057617,3.65,0.008124220368230128,0.008091396548722408,-0.07285112134206151,0.0,-0.5191766789054773,0.4566433976921922,0.26004962538189125,0.24523331783504634,1.15,0.0,0.8838727143362195,-0.07285112134206151,-0.43185396990885666,0.0,-0.1200000000000001,-0.20000000000000018,-0.03183023872679047,-0.051948051948051965
2024-09-12,207.6499938964844,208.77999877929688,204.88999938964844,206.6000061035156,198.26947021484372,9054400.0,17.06999969482422,3.68,-0.0030401862536073576,-0.0030448170077874907,-0.035048096128643014,0.03000000000000025,-0.33709650259541535,0.46019927086457796,0.2568059675840562,0.2451641633819657,1.15,0.0,0.89230351139135,-0.035048096128643014,-0.4061190199665527,0.03000000000000025,-0.04999999999999982,-0.1499999999999999,-0.013404825737265313,-0.03916449086161877
2024-09-13,206.8600006103516,207.8500061035156,203.0200042724609,204.32000732421875,196.0814208984375,10226700.0,16.559999465942383,3.66,-0.011035734921948759,-0.011097080390322983,-0.029876991095463934,-0.020000000000000018,0.12947296342109915,0.4449501171875752,0.2578200866830394,0.24563866363735234,1.15,0.0,0.8992385155972948,-0.029876991095463934,-0.3809562068094137,-0.020000000000000018,-0.06000000000000005,-0.2599999999999998,-0.016129032258064502,-0.0663265306122448
2024-09-16,205.8300018310547,208.2100067138672,205.58999633789065,207.8600006103516,199.47866821289065,8634900.0,17.139999389648438,3.63,0.017325697146048258,0.017177318644064042,0.03502415111177348,-0.03000000000000025,-0.15565138314412275,0.43304486337916354,0.26251482023463657,0.2474602385516061,1.15,0.0,0.891351652645943,0.03502415111177348,-0.34685452032861963,-0.03000000000000025,-0.07000000000000028,-0.26000000000000023,-0.018918918918918948,-0.06683804627249368
2024-09-17,207.72999572753903,209.92999267578125,207.66000366210935,209.25,200.8126220703125,7573300.0,17.610000610351562,3.65,0.0066872005381457544,0.006664940396209793,0.027421309068831112,0.020000000000000018,-0.12294294085629254,0.17281703650453073,0.2624199587690185,0.24627521933484248,1.15,0.0,0.8849605566075712,0.027421309068831112,-0.3383630209407787,0.020000000000000018,0.0,-0.20999999999999996,0.0,-0.05440414507772018
2024-09-18,209.00999450683597,211.33999633789065,206.6999969482422,207.52999877929688,199.1619873046875,8259900.0,18.229999542236328,3.7,-0.008219775971288534,-0.008253744600880929,0.03520720672322497,0.050000000000000266,0.09066061030198203,0.18437739801956962,0.26335762542286795,0.2457488461448894,1.15,0.0,0.8765297854886462,0.03520720672322497,-0.33877600821925746,0.050000000000000266,0.050000000000000266,-0.11999999999999966,0.013698630136986356,-0.03141361256544495
2024-09-19,209.77999877929688,211.91000366210935,207.33999633789065,210.47999572753903,201.99302673339844,11635200.0,16.329999923706055,3.73,0.014214757881381601,0.014114675526493927,-0.10422378860340853,0.029999999999999805,0.40863690843714817,0.2040256883851565,0.26921419094115157,0.24703056356631328,1.15,0.0,0.9023660588854056,-0.10422378860340853,-0.3716382922655569,0.029999999999999805,0.04999999999999982,-0.06000000000000005,0.013586956521739024,-0.0158311345646438
2024-09-20,209.92999267578125,211.4199981689453,209.5,211.08999633789065,202.57843017578125,20885000.0,16.149999618530273,3.73,0.0028981368904157367,0.0028939453881100846,-0.011022676424785383,0.0,0.7949841859185918,0.15927803274640653,0.26686287480212784,0.24688984190552507,1.15,0.0,0.9048137104799985,-0.011022676424785383,-0.40318978842808806,0.0,0.06999999999999984,-0.1299999999999999,0.0191256830601092,-0.033678756476683946
2024-09-23,211.0,211.8000030517578,209.9900054931641,211.44000244140625,202.91433715820312,7223500.0,15.890000343322754,3.75,0.0016581576929508568,0.0016567844672903988,-0.01609902670890473,0.020000000000000018,-0.6541297581996648,0.12910367187776958,0.26500521944967403,0.24638840948361715,1.15,0.0,0.9083491913778404,-0.01609902670890473,-0.38980106583776475,0.020000000000000018,0.1200000000000001,-0.06000000000000005,0.03305785123966953,-0.015748031496062964
2024-09-24,211.1499938964844,212.9499969482422,210.3699951171875,211.58999633789065,203.0582733154297,7323200.0,15.390000343322754,3.74,0.0007093444418091455,0.0007090929759508285,-0.031466330345934046,-0.009999999999999787,0.013802173461618272,0.1265579645503387,0.2643593239432237,0.24457772382447063,1.15,0.0,0.9151482120578405,-0.031466330345934046,-0.3944924021756209,-0.009999999999999787,0.0900000000000003,-0.07999999999999963,0.024657534246575352,-0.020942408376963262
2024-09-25,211.67999267578125,212.2400054931641,208.6100006103516,210.19000244140625,201.7147674560547,8976500.0,15.40999984741211,3.79,-0.0066163561692854644,-0.0066383412816448965,0.0012995129072905787,0.04999999999999982,0.22576196198383225,0.11838817171999791,0.2637834805684673,0.2430757134912774,1.15,0.0,0.9148762579740539,0.0012995129072905787,-0.3876986297480796,0.04999999999999982,0.08999999999999986,-0.040000000000000036,0.024324324324324298,-0.010443864229765065
2024-09-26,211.1300048828125,211.6999969482422,209.00999450683597,209.77999877929688,201.32125854492188,7807500.0,15.369999885559082,3.79,-0.0019508185548117174,-0.0019527238796939626,-0.002595714617073419,0.0,-0.1302289310978667,0.06007402176810691,0.2623635478471452,0.24086249600557344,1.15,0.0,0.9154201791097298,-0.002595714617073419,-0.42394375086220476,0.0,0.06000000000000005,-0.04999999999999982,0.01608579088471851,-0.01302083333333326
2024-09-27,210.6499938964844,212.44000244140625,209.3300018310547,210.5,202.01222229003903,7032500.0,16.959999084472656,3.75,0.0034321449712324537,0.0034262686035392855,0.10344822451218505,-0.040000000000000036,-0.09926352865834132,0.06214468394575437,0.26212685473553227,0.24094791187855427,1.15,0.0,0.8937993042405359,0.10344822451218505,-0.386393707544926,-0.040000000000000036,0.020000000000000018,-0.1200000000000001,0.00536193029490617,-0.03100775193798455
2024-09-30,206.30999755859372,210.9600067138672,205.25999450683597,210.8600006103516,202.35772705078125,8663800.0,16.729999542236328,3.81,0.0017103161225866526,0.001708855197492359,-0.013561294495994303,0.06000000000000005,0.23196587273373614,0.06226267826567811,0.257282046848612,0.23929465087169244,1.15,0.0,0.8969268475286466,-0.013561294495994303,-0.37611915521965095,0.06000000000000005,0.06000000000000005,-0.10000000000000009,0.016000000000000014,-0.025575447570332477
2024-10-01,208.8999938964844,209.08999633789065,206.19000244140625,207.0399932861328,198.69174194335935,8540100.0,19.26000022888184,3.74,-0.018116358395851795,-0.0182824688864508,0.15122538887453674,-0.06999999999999984,-0.014277799579861084,0.13799805210809815,0.2556682153353199,0.24234224651466693,1.15,0.0,0.862523793550812,0.15122538887453674,-0.37378030210808094,-0.06999999999999984,0.0,-0.09999999999999964,0.0,-0.02604166666666663
2024-10-02,207.0800018310547,208.9499969482422,205.69000244140625,207.2899932861328,198.93167114257807,5810900.0,18.899999618530277,3.79,0.0012075448978001724,0.0012068164018621292,-0.018691620253031727,0.04999999999999982,-0.3195747122399035,0.14100039892416513,0.2560645054254479,0.24111180709185306,1.15,0.0,0.8674190967399978,-0.018691620253031727,-0.37544022186773746,0.04999999999999982,0.0,0.020000000000000018,0.0,0.0053050397877985045
2024-10-03,206.1699981689453,206.4900054931641,204.33999633789065,205.22999572753903,196.9547271728516,7251300.0,20.489999771118164,3.85,-0.009937804062931543,-0.00998751364800049,0.0841269938984015,0.06000000000000005,0.24787898604347003,0.14932740358730304,0.25675000580322194,0.24196541400981278,1.15,0.0,0.8457982089027011,0.0841269938984015,-0.41264863886075825,0.06000000000000005,0.06000000000000005,0.1200000000000001,0.0158311345646438,0.03217158176943702
2024-10-04,209.3000030517578,211.6699981689453,206.91000366210935,211.22000122070312,203.94537353515625,10211700.0,19.209999084472656,3.98,0.035493671376414904,0.03487829017515861,-0.06246953152482426,0.1299999999999999,0.408257829630549,0.32111363014386557,0.2768946773513399,0.2523898059717238,1.25,0.0869565217391306,0.8632037111805354,-0.06246953152482426,-0.3815465348847751,0.1299999999999999,0.22999999999999998,0.2599999999999998,0.06133333333333324,0.06989247311827951
2024-10-07,211.02999877929688,213.3300018310547,209.69000244140625,210.92999267578125,203.6653289794922,6718900.0,22.63999938964844,4.03,-0.0013731351234392841,-0.0013740787373781064,0.17855286145995897,0.050000000000000266,-0.34203903365747135,0.3219768662828715,0.2663536358844817,0.25105849498539223,1.25,0.0,0.8165624251659417,0.17855286145995897,-0.2543361583737806,0.050000000000000266,0.2200000000000002,0.33000000000000007,0.05774278215223094,0.08918918918918917
2024-10-08,210.5800018310547,211.3300018310547,208.3800048828125,210.75,203.49156188964844,6021800.0,21.420000076293945,4.04,-0.0008531991709852527,-0.0008535633525589502,-0.05388689691892434,0.009999999999999787,-0.10375210227864684,0.27568263253466146,0.18155550346662255,0.24601460990316285,1.25,0.0,0.833152026288108,-0.05388689691892434,-0.4481355828496804,0.009999999999999787,0.2999999999999998,0.3900000000000001,0.08021390374331538,0.10684931506849327
2024-10-09,209.6999969482422,214.2400054931641,209.3800048828125,213.4199981689453,206.0695953369141,7024000.0,20.86000061035156,4.06,0.012668994347115436,0.012589414068118174,-0.02614376582389244,0.019999999999999574,0.1664286425985586,0.2782352405752512,0.18438426029927876,0.24493151402195157,1.25,0.0,0.8407669221875707,-0.02614376582389244,-0.4451004211423941,0.019999999999999574,0.2699999999999996,0.4099999999999997,0.07124010554089688,0.11232876712328754
2024-10-10,214.80999755859372,214.80999755859372,211.47000122070312,212.83999633789065,205.5095672607422,7927100.0,20.93000030517578,4.09,-0.002717664754260718,-0.0027213643094062706,0.003355689970089726,0.03000000000000025,0.12857346241457868,0.2539230406950162,0.18427561303735804,0.2429811123026341,1.25,0.0,0.8398150634421635,0.003355689970089726,-0.4625216821392324,0.03000000000000025,0.23999999999999977,0.4099999999999997,0.06233766233766236,0.11141304347826075
2024-10-11,215.6699981689453,224.6300048828125,215.16000366210935,222.2899932861328,214.6341094970703,18320700.0,20.459999084472656,4.08,0.04439959831530027,0.04344217323466268,-0.022455863060207304,-0.009999999999999787,1.3111478346431862,0.31085799128460767,0.22975590278956767,0.2497527943629061,1.25,0.0,0.8462061594805351,-0.022455863060207304,-0.4750616023020495,-0.009999999999999787,0.10000000000000009,0.41999999999999993,0.025125628140703515,0.11475409836065564
2024-10-14,223.1999969482422,223.6999969482422,218.8800048828125,221.47999572753903,213.8520050048828,9048900.0,19.700000762939453,4.08,-0.0036438965550262825,-0.003650551718147645,-0.037145569674535084,0.0,-0.5060832828439961,0.3165730173833794,0.2264084568724904,0.24990640195196057,1.25,0.0,0.8565406480902744,-0.037145569674535084,-0.47449781079977776,0.0,0.04999999999999982,0.4500000000000002,0.012406947890818865,0.12396694214876036
2024-10-15,223.66000366210935,225.4499969482422,221.82000732421875,222.38999938964844,214.7306671142578,9235800.0,20.63999938964844,4.03,0.004108739169197628,0.00410032135028796,0.047715664482478326,-0.04999999999999982,0.02065444418658613,0.30794431866154665,0.226112611860326,0.24997163755009735,1.25,0.0,0.8437585078859422,0.047715664482478326,-0.47399841132250536,-0.04999999999999982,-0.009999999999999787,0.38000000000000034,-0.0024752475247524774,0.1041095890410959
2024-10-16,222.3300018310547,223.67999267578125,221.0399932861328,223.63999938964844,215.9376220703125,6382500.0,19.57999992370605,4.02,0.005620785201642775,0.005605047532998033,-0.05135656479108286,-0.010000000000000675,-0.3089391281751446,0.30930778135019554,0.22199306434536506,0.2501404762041269,1.25,0.0,0.8581724244654049,-0.05135656479108286,-0.46459743334140785,-0.010000000000000675,-0.040000000000000036,0.3199999999999994,-0.009852216748768461,0.08648648648648627
2024-10-17,224.2700042724609,225.8500061035156,223.30999755859372,224.4199981689453,216.69073486328125,6470200.0,19.11000061035156,4.09,0.0034876404850079368,0.003481572770842626,-0.024004050826652468,0.07000000000000028,0.013740697218957987,0.2969375234041272,0.21878044263008303,0.24940758114960188,1.25,0.0,0.864563494567571,-0.024004050826652468,-0.4363964919544241,0.07000000000000028,0.0,0.3599999999999999,0.0,0.09651474530831106
2024-10-18,225.0,225.9199981689453,223.1000061035156,225.3699951171875,217.6080322265625,7000500.0,18.030000686645508,4.08,0.004233209896399082,0.00422427506984128,-0.05651490786039193,-0.009999999999999787,0.08196037216778462,0.058137548392168725,0.2187815679330668,0.24947012033353044,1.25,0.0,0.8792493781989229,-0.05651490786039193,-0.4299383840197829,-0.009999999999999787,0.0,0.3500000000000001,0.0,0.09383378016085797
2024-10-21,225.22000122070312,225.6999969482422,222.8999938964844,223.0,215.31964111328125,5870000.0,18.3700008392334,4.19,-0.010516115098631484,-0.010571800174846584,0.018857467534081795,0.11000000000000032,-0.161488465109635,0.1066675023302094,0.2244390654180201,0.24850630995021175,1.25,0.0,0.8746260420616264,0.018857467534081795,-0.4303668909047285,0.11000000000000032,0.11000000000000032,0.4400000000000004,0.026960784313725616,0.11733333333333351
2024-10-22,223.0200042724609,225.27999877929688,221.1000061035156,224.1199951171875,216.4010772705078,9586800.0,18.200000762939453,4.2,0.005022468696469717,0.00500989817303721,-0.009254222565459602,0.009999999999999787,0.6331856899488926,0.10831809237795702,0.2243844127885123,0.2481471830476725,1.25,0.0,0.8769377101302747,-0.009254222565459602,-0.4411182250616474,0.009999999999999787,0.16999999999999993,0.45999999999999996,0.042183622828784184,0.12299465240641716
2024-10-23,223.66000366210935,224.8000030517578,222.52999877929688,223.41000366210935,215.7155303955078,6180500.0,19.239999771118164,4.24,-0.0031679457590825244,-0.003172974322200655,0.05714280025176999,0.040000000000000036,-0.35531146993783114,0.10550395270427282,0.22270373463775056,0.24501556626211365,1.25,0.0,0.8627957606027014,0.05714280025176999,-0.46107732803190016,0.040000000000000036,0.22000000000000064,0.4500000000000002,0.054726368159204064,0.1187335092348285
2024-10-24,221.8300018310547,225.05999755859372,221.66000366210935,224.97999572753903,217.2314453125,6002200.0,19.07999992370605,4.21,0.007027379596697525,0.007002802638598652,-0.008316000484173358,-0.03000000000000025,-0.02884879864088663,0.11572378388040667,0.22214079799131986,0.24407580350227479,1.25,0.0,0.864971445145405,-0.008316000484173358,-0.470360900480312,-0.03000000000000025,0.1200000000000001,0.41999999999999993,0.02933985330073363,0.1108179419525066
2024-10-25,225.0,225.6199951171875,220.8800048828125,222.30999755859372,214.6534118652344,6369700.0,20.32999992370605,4.25,-0.01186768077502287,-0.011938663860531051,0.06551362709634656,0.040000000000000036,0.06122754989837054,0.13773432639966987,0.22907363854160284,0.2404473721454472,1.25,0.0,0.8479738934454047,0.06551362709634656,-0.5143390240876877,0.040000000000000036,0.16999999999999993,0.5,0.04166666666666674,0.1333333333333333
2024-10-28,223.3500061035156,225.63999938964844,222.9499969482422,225.5,217.7335357666016,6843000.0,19.799999237060547,4.28,0.014349289278015265,0.014247312597548478,-0.026069881388808613,0.03000000000000025,0.0743049123192614,0.15970781507139478,0.23241040953410513,0.2232189554269537,1.25,0.0,0.8551808647032388,-0.026069881388808613,-0.5282659564889541,0.03000000000000025,0.08999999999999986,0.4700000000000002,0.021479713603818507,0.12335958005249359
2024-10-29,225.2100067138672,226.75,222.80999755859372,222.8999938964844,215.2230987548828,6580000.0,19.34000015258789,4.28,-0.01152985920556504,-0.011596843408942823,-0.023232277888761477,0.0,-0.03843343562764867,0.18327197471227263,0.2251357163584345,0.2196166875870345,1.25,0.0,0.8614359512794603,-0.023232277888761477,-0.39591356787489096,0.0,0.08000000000000007,0.54,0.01904761904761898,0.14438502673796783
2024-10-30,222.5399932861328,226.30999755859372,221.5800018310547,224.41000366210935,216.68109130859372,7110900.0,20.350000381469727,4.29,0.00677433120397275,0.00675148852688701,0.05222338267389759,0.009999999999999787,0.08068389057750758,0.1896052021368075,0.22508491938137917,0.21347978100595685,1.25,0.0,0.8477019263935154,0.05222338267389759,-0.3871922354304243,0.009999999999999787,0.04999999999999982,0.5,0.011792452830188704,0.13192612137203175
2024-10-31,224.6999969482422,225.69000244140625,221.82000732421875,221.9199981689453,214.27685546875,7829900.0,23.15999984741211,4.28,-0.011095734405452307,-0.011157751241384604,0.13808350925148427,-0.009999999999999787,0.10111237677368545,0.19644900160005618,0.22610431307658982,0.21515267124578238,1.25,0.0,0.8094914374340523,0.13808350925148427,-0.40915040822148785,-0.009999999999999787,0.07000000000000028,0.43000000000000016,0.016627078384798155,0.11168831168831184
2024-11-01,223.55999755859372,226.1499938964844,222.6999969482422,222.94000244140625,215.26171875,6923500.0,21.8799991607666,4.37,0.004596218658779128,0.004585688300025259,-0.055267732948130144,0.08999999999999986,-0.11576137626278749,0.18220753969257172,0.1950531317736513,0.21254738440064794,1.25,0.0,0.8268969397118866,-0.055267732948130144,-0.3337400582617924,0.08999999999999986,0.1200000000000001,0.3900000000000001,0.028235294117647136,0.09798994974874375
2024-11-04,222.6499938964844,223.75999450683597,219.1699981689453,219.77999877929688,212.2105407714844,8229600.0,21.979999542236328,4.31,-0.014174271190592669,-0.014275685630255419,0.004570401522182799,-0.0600000000000005,0.18864736043908437,0.1582206336930577,0.20380710059711976,0.21449624590719202,1.25,0.0,0.8255371303886454,0.004570401522182799,-0.3553709639816672,-0.0600000000000005,0.02999999999999936,0.27999999999999936,0.007009345794392274,0.06947890818858538
2024-11-05,220.02999877929688,221.9600067138672,220.0,221.4900054931641,213.86167907714844,5600700.0,20.489999771118164,4.26,0.007780661128619526,0.007750547884591325,-0.06778888999770039,-0.04999999999999982,-0.3194444444444444,0.16779721400755715,0.20446582924649753,0.21491291288337191,1.25,0.0,0.8457982089027011,-0.06778888999770039,-0.3904650721160364,-0.04999999999999982,-0.020000000000000462,0.21999999999999975,-0.004672897196261738,0.054455445544554504
2024-11-06,235.0,248.0,234.7700042724609,247.05999755859372,238.55099487304688,23987800.0,16.270000457763672,4.42,0.11544525369125158,0.10925365586561185,-0.20595409275225196,0.16000000000000014,3.2830003392433085,0.813192435623304,0.43063782255889527,0.3082639011416416,1.25,0.0,0.903181934104868,-0.20595409275225196,-0.7254446372455396,0.16000000000000014,0.1299999999999999,0.3600000000000003,0.030303030303030276,0.08866995073891637
2024-11-07,244.5,244.57000732421875,235.22000122070312,236.3800048828125,228.23883056640625,16451100.0,15.199999809265137,4.31,-0.04322834332394465,-0.04419051926378047,-0.06576525005492273,-0.11000000000000032,-0.31418887934700135,0.9180194432584589,0.4670771695964862,0.32254652414288754,1.25,0.0,0.9177318471783781,-0.06576525005492273,-0.5944890903629931,-0.11000000000000032,0.02999999999999936,0.21999999999999975,0.007009345794392274,0.05378973105134466
2024-11-08,239.33999633789065,239.33999633789065,235.77999877929688,236.97999572753903,228.81817626953125,9502100.0,14.9399995803833,4.3,0.0025383310179396545,0.0025351148969980407,-0.017105278430553206,-0.009999999999999787,-0.4224033651245206,0.9192652989791573,0.44474430115860236,0.32243213594909914,1.25,0.0,0.9212673410443228,-0.017105278430553206,-0.6134355674399569,-0.009999999999999787,-0.07000000000000028,0.21999999999999975,-0.016018306636155666,0.05392156862745101
2024-11-11,240.0,242.1000061035156,239.0,239.2899932861328,231.0485992431641,9017100.0,14.970000267028809,4.3,0.009747577792970308,0.009700376639959185,0.002008078145122605,0.0,-0.05104134875448585,0.8910636424722005,0.4445417921706274,0.32224232675649533,1.25,0.0,0.9208593904664888,0.002008078145122605,-0.6180290142921254,0.0,-0.009999999999999787,0.21999999999999975,-0.002320185614849146,0.05392156862745101
2024-11-12,240.5500030517578,241.4600067138672,238.75999450683597,239.55999755859372,231.30931091308597,6861000.0,14.710000038146973,4.43,0.0011283845510245971,0.001127748403678022,-0.017368084451840793,0.1299999999999999,-0.23911235319559498,0.8966223597388273,0.4446463296796771,0.32208238316473886,1.25,0.0,0.9243948843324336,-0.017368084451840793,-0.6299992870842258,0.1299999999999999,0.16999999999999993,0.39999999999999947,0.039906103286385,0.0992555831265507
2024-11-13,240.5800018310547,244.08999633789065,240.30999755859372,241.16000366210935,232.85418701171875,11472600.0,14.020000457763672,4.44,0.006678832306985072,0.006656627718808649,-0.04690683742990798,0.010000000000000675,0.6721469173589856,0.3533695881126259,0.4447211648106201,0.3219664534219205,1.25,0.0,0.9337775271648685,-0.04690683742990798,-0.6317602313942261,0.010000000000000675,0.020000000000000462,0.4200000000000008,0.00452488687782826,0.10447761194029881
2024-11-14,242.4199981689453,244.2899932861328,241.0500030517578,241.8699951171875,233.5397491455078,10172200.0,14.3100004196167,4.43,0.0029441692356364513,0.002939843657468756,0.020684732695029018,-0.010000000000000675,-0.1133483255757195,0.055741699275668556,0.4447300004642472,0.3219522239517558,1.25,0.0,0.9298340956891925,0.020684732695029018,-0.6293518815706383,-0.010000000000000675,0.1200000000000001,0.33999999999999986,0.0278422273781902,0.08312958435207829
2024-11-15,241.4600067138672,246.4199981689453,241.4600067138672,245.30999755859372,236.8612518310547,11518800.0,16.139999389648438,4.43,0.014222429790645252,0.01412223988126943,0.1278825238553527,0.0,0.13238040935097617,0.08289145135609353,0.4462569618379321,0.3225532740138596,1.25,0.0,0.9049496940059432,0.1278825238553527,-0.5459404121548801,0.0,0.1299999999999999,0.34999999999999964,0.03023255813953485,0.08578431372549011
2024-11-18,247.75999450683597,247.92999267578125,242.67999267578125,245.02999877929688,236.59092712402344,9051400.0,15.579999923706056,4.42,-0.0011412787230562493,-0.0011419304775543183,-0.03469637466662745,-0.009999999999999787,-0.21420634093829216,0.09477822824985617,0.44335193785044275,0.3224133483755824,1.25,0.0,0.9125645899054057,-0.03469637466662745,-0.5352131226718675,-0.009999999999999787,0.1200000000000001,0.22999999999999954,0.027906976744185963,0.054892601431980825
2024-11-19,242.25,245.1499938964844,241.5500030517578,243.08999633789065,234.7177276611328,6792700.0,16.350000381469727,4.39,-0.007917461103268186,-0.007948970625573638,0.049422365952137115,-0.03000000000000025,-0.2495415073911218,0.13140569305277933,0.44561637258091114,0.3230322182092436,1.25,0.0,0.9020940918335162,0.049422365952137115,-0.5417099375149945,-0.03000000000000025,-0.040000000000000036,0.1899999999999995,-0.009029345372460473,0.04523809523809508
2024-11-20,244.3999938964844,244.6100006103516,238.63999938964844,240.77999877929688,232.4872894287109,9015300.0,17.15999984741211,4.41,-0.009502640702290899,-0.009548078876657127,0.049541250583724494,0.020000000000000462,0.32720420451366916,0.15127476671725737,0.4475596250280077,0.3238141282345906,1.25,0.0,0.8910796855940536,0.049541250583724494,-0.5481648536340509,0.020000000000000462,-0.03000000000000025,0.16999999999999993,-0.006756756756756799,0.04009433962264142
2024-11-21,243.22999572753903,245.4900054931641,242.1100006103516,244.75999450683597,236.3302154541016,8783500.0,16.8700008392334,4.43,0.016529617747421232,0.016394490648924037,-0.016899709251596895,0.019999999999999574,-0.02571184541834437,0.19371725443554583,0.44970312813948216,0.32516423294446245,1.25,0.0,0.8950231041016268,-0.016899709251596895,-0.5490549367770541,0.019999999999999574,0.0,0.21999999999999975,0.0,0.052256532066508266
2024-11-22,243.6100006103516,249.1499938964844,243.02999877929688,248.5500030517578,239.9896697998047,7997300.0,15.239999771118164,4.41,0.015484496295455008,0.01536583485672258,-0.0966212796103989,-0.019999999999999574,-0.08950873797461145,0.1986075108654365,0.44713304278831884,0.32632349885311907,1.25,0.0,0.9171879260427023,-0.0966212796103989,-0.537500645919906,-0.019999999999999574,-0.019999999999999574,0.16000000000000014,-0.004514672686230181,0.03764705882352937
2024-11-25,249.58999633789065,254.30999755859372,249.05999755859372,250.2899932861328,241.6697540283203,10295400.0,14.600000381469728,4.27,0.007000652277729724,0.006976261479740505,-0.04199471123755005,-0.14000000000000057,0.28735948382579113,0.19726667558100539,0.44600685900273845,0.32587940123137155,1.25,0.0,0.9258906642135165,-0.04199471123755005,-0.5349566691453093,-0.14000000000000057,-0.15000000000000036,-0.010000000000000675,-0.03393665158371051,-0.00233644859813098
2024-11-26,250.4900054931641,251.0,248.33999633789065,249.97000122070312,241.3607482910156,6212100.0,14.100000381469728,4.3,-0.0012786280953821505,-0.0012794462377595476,-0.0342465744476691,0.03000000000000025,-0.3966140217961419,0.17580185638238116,0.4423372716209383,0.3226860437392959,1.25,0.0,0.9326896848935167,-0.0342465744476691,-0.539021794754051,0.03000000000000025,-0.08999999999999986,0.019999999999999574,-0.02050113895216399,0.004672897196261516
2024-11-27,249.3500061035156,251.19000244140625,248.7700042724609,249.7899932861328,241.1869659423828,5472300.0,14.100000381469728,4.25,-0.0007200108131221183,-0.0007202701453964577,0.0,-0.04999999999999982,-0.11909016274689721,0.1341824805743186,0.4429033764487933,0.3224511092472904,1.25,0.0,0.9326896848935167,0.0,-0.5523666300534675,-0.04999999999999982,-0.16000000000000014,-0.040000000000000036,-0.03628117913832207,-0.009324009324009341
2024-11-29,249.8600006103516,251.7700042724609,249.4499969482422,249.72000122070312,241.1194000244141,5494800.0,13.510000228881836,4.18,-0.0002801391762806693,-0.0002801784225895031,-0.041843981320970225,-0.07000000000000028,0.004111616687681563,0.11406278278265178,0.4391912696421343,0.3218183453612924,1.25,0.0,0.9407125313708132,-0.041843981320970225,-0.5552244662509945,-0.07000000000000028,-0.25,-0.10000000000000053,-0.05643340857787815,-0.02336448598130858
2024-12-02,249.5500030517578,250.25,245.02999877929688,246.25,237.76890563964844,8899700.0,13.34000015258789,4.19,-0.013895581958259684,-0.013993029335727455,-0.012583277084667777,0.010000000000000675,0.6196585862997743,0.1202230096606886,0.4448442407480487,0.3189383785970561,1.25,0.0,0.9430241994394615,-0.012583277084667777,-0.5584854195097311,0.010000000000000675,-0.21999999999999975,-0.17999999999999972,-0.049886621315192725,-0.041189931350114395
2024-12-03,248.22999572753903,249.0399932861328,244.6300048828125,244.82000732421875,236.3881683349609,6657700.0,13.300000190734863,4.23,-0.005807055808971562,-0.005823982318154159,-0.002998497855734139,0.040000000000000036,-0.25191860399788757,0.091984265901674,0.4409888809149911,0.3172295138550728,1.25,0.0,0.9435681205751374,-0.002998497855734139,-0.555567153036626,0.040000000000000036,-0.03999999999999915,-0.07999999999999918,-0.009367681498828828,-0.01856148491879328
2024-12-04,244.6999969482422,245.3500061035156,242.22999572753903,243.3999938964844,235.01705932617188,7346300.0,13.449999809265137,4.19,-0.005800243804276128,-0.005817130548185244,0.01127816664504766,-0.040000000000000036,0.10342911215584971,0.08777025727530316,0.44265426255912493,0.29602349469557726,1.25,0.0,0.9415284195583785,0.01127816664504766,-0.5645593109775835,-0.040000000000000036,-0.10999999999999943,-0.0699999999999994,-0.025581395348837077,-0.016431924882629012
2024-12-05,245.38999938964844,247.17999267578125,244.6199951171875,245.47999572753903,237.02542114257807,6572500.0,13.539999961853027,4.17,0.00854560014564254,0.008509293201172372,0.006691461253842901,-0.020000000000000462,-0.10533193580441857,0.13173503720492724,0.21086186072681753,0.29605592575166495,1.25,0.0,0.940304593761082,0.006691461253842901,0.14052709913103936,-0.020000000000000462,-0.08000000000000007,-0.25,-0.018823529411764683,-0.0565610859728507
2024-12-06,245.6999969482422,247.7400054931641,244.83999633789065,247.3600006103516,238.84066772460935,5519700.0,12.770000457763672,4.15,0.0076584468167206765,0.007629269785375278,-0.056868501200791455,-0.019999999999999574,-0.16018257892734877,0.15393838404750884,0.134143845360592,0.29594477474646647,1.25,0.0,0.9507750788648688,-0.056868501200791455,-0.15957793016002522,-0.019999999999999574,-0.02999999999999936,-0.15999999999999925,-0.007177033492822837,-0.03712296983758678
2024-12-09,247.1300048828125,247.8699951171875,243.75999450683597,243.80999755859372,235.41293334960935,7076500.0,14.1899995803833,4.2,-0.01435155247075548,-0.014455532044444717,0.1111980479026784,0.04999999999999982,0.28204431400257257,0.1562452687951055,0.14667164159251342,0.2967120920039778,1.25,0.0,0.931465872064323,0.1111980479026784,-0.32413694516102803,0.04999999999999982,0.009999999999999787,-0.09999999999999964,0.0023866348448686736,-0.023255813953488302
2024-12-10,243.88999938964844,247.9600067138672,242.22000122070312,242.8600006103516,234.49566650390625,9108300.0,14.18000030517578,4.22,-0.0038964165334998135,-0.003904027340750575,-0.0007046705780981988,0.019999999999999574,0.2871193386561153,0.15385469002050042,0.14441828108936255,0.2955671865242213,1.25,0.0,0.9316018426221649,-0.0007046705780981988,-0.3325348601369139,0.019999999999999574,-0.010000000000000675,-0.08000000000000007,-0.0023640661938535423,-0.018604651162790753
2024-12-11,244.0,244.2700042724609,242.17999267578125,243.52999877929688,235.14259338378903,7884400.0,13.579999923706056,4.26,0.002758801002712863,0.002755002495839187,-0.04231314305760059,0.040000000000000036,-0.1343719464664097,0.1510896828091294,0.1445915690570078,0.2954515014791206,1.25,0.0,0.9397606726254061,-0.04231314305760059,-0.33581213600564663,0.040000000000000036,0.0699999999999994,-0.16999999999999993,0.016706443914080937,-0.038374717832957095
2024-12-12,243.0,244.1000061035156,241.0399932861328,241.52999877929688,233.21145629882807,6113800.0,13.920000076293944,4.32,-0.008212621359538486,-0.008246530718439561,0.025036830228132967,0.0600000000000005,-0.224570037035158,0.13870346741912234,0.14628253872125857,0.29545036677605524,1.25,0.0,0.9351373364881096,0.025036830228132967,-0.3298474346622292,0.0600000000000005,0.15000000000000036,-0.1200000000000001,0.03597122302158273,-0.027027027027027084
2024-12-13,242.07000732421875,242.72000122070312,239.13999938964844,239.94000244140625,231.6762237548828,10392700.0,13.8100004196167,4.4,-0.0065830065482634925,-0.0066047701015281846,-0.007902274143272159,0.08000000000000007,0.6998756910595703,0.0997414032525413,0.1477211060198808,0.29506156998455935,1.25,0.0,0.9366331163691927,-0.007902274143272159,-0.32863897383061685,0.08000000000000007,0.25,-0.02999999999999936,0.06024096385542177,-0.006772009029345272
2024-12-16,240.6100006103516,240.6699981689453,237.5200042724609,239.5800018310547,231.32861328125,9032000.0,14.6899995803833,4.39,-0.0015004149670558853,-0.001501541716795051,0.06372187791657047,-0.010000000000000675,-0.13092844015510885,0.06894512791648022,0.1373985531584395,0.2951603217467836,1.25,0.0,0.9246668513843229,0.06372187791657047,-0.6580080333145347,-0.010000000000000675,0.1899999999999995,-0.040000000000000036,0.04523809523809508,-0.009029345372460473
2024-12-17,238.6499938964844,239.0200042724609,236.6300048828125,238.3600006103516,230.1506500244141,8083600.0,15.869999885559082,4.4,-0.00509216408695512,-0.005105173336780907,0.0803267759620312,0.010000000000000675,-0.10500442869796278,0.06990876983177063,0.13810172583197933,0.29553970983230726,1.25,0.0,0.9086211584297298,0.0803267759620312,-0.6536437632983129,0.010000000000000675,0.1800000000000006,-0.019999999999999574,0.042654028436019065,-0.004524886877827927
2024-12-18,239.0,239.07000732421875,229.52999877929688,230.3699951171875,222.435791015625,11322400.0,27.6200008392334,4.5,-0.03352090905661442,-0.03409561435629543,0.7403907396600702,0.09999999999999964,0.4006630709090009,0.20777047954878888,0.1795610157501957,0.3047043725151164,1.25,0.0,0.7488441594816244,0.7403907396600702,-0.7589587883315791,0.09999999999999964,0.2400000000000002,0.11000000000000032,0.05633802816901423,0.02505694760820054
2024-12-19,232.2700042724609,236.3600006103516,232.2700042724609,232.9600067138672,224.93663024902344,11790800.0,24.09000015258789,4.57,0.011242971385044598,0.011180238943710067,-0.1278059587033482,0.07000000000000028,0.041369320992015846,0.2630596906100486,0.1840747667072551,0.30485503973999106,1.25,0.0,0.7968452548194592,-0.1278059587033482,-0.7761146236239098,0.07000000000000028,0.25,0.16000000000000014,0.05787037037037046,0.03628117913832196
2024-12-20,231.9199981689453,239.2100067138672,231.58999633789065,237.6000061035156,229.41680908203125,32348400.0,18.36000061035156,4.52,0.019917515560039734,0.019721756928259396,-0.23785801186974176,-0.05000000000000071,1.7435288530040371,0.3258689334037146,0.1887212062860337,0.3069395493394212,1.25,0.0,0.8747620255875712,-0.23785801186974176,-0.8336697704285569,-0.05000000000000071,0.11999999999999922,0.08999999999999986,0.027272727272727115,0.020316027088036037
2024-12-23,236.07000732421875,238.6199951171875,234.8800048828125,238.38999938964844,230.1796112060547,8611500.0,16.780000686645508,4.59,0.003324961789311187,0.003319446326282013,-0.08605663786390239,0.07000000000000028,-0.7337889972919835,0.32808609128441474,0.1790522083968527,0.30693777085860136,1.25,0.0,0.8962469298989232,-0.08605663786390239,-0.8449222618955097,0.07000000000000028,0.20000000000000018,0.17999999999999972,0.04555808656036442,0.04081632653061207
2024-12-24,239.42999267578125,242.4900054931641,239.07000732421875,242.30999755859372,233.9646148681641,3729100.0,14.270000457763672,4.59,0.016443696478056546,0.016309962958555826,-0.14958284422952606,0.0,-0.5669627823259595,0.345927975950032,0.18815230830774637,0.30829854969039755,1.25,0.0,0.9303780168248684,-0.14958284422952606,-0.8478231285257686,0.0,0.1899999999999995,0.3200000000000003,0.04318181818181799,0.0749414519906324
2024-12-26,241.42999267578125,243.25999450683597,240.7899932861328,243.13999938964844,234.76600646972656,4451800.0,14.729999542236328,4.58,0.0034252683980184884,0.0034194155275128753,0.03223539381334706,-0.009999999999999787,0.1938001126277118,0.11787109294175774,0.18900251901715925,0.3052676619060919,1.25,0.0,0.924122930248647,0.03223539381334706,-0.842955966162331,-0.009999999999999787,0.08000000000000007,0.28000000000000025,0.017777777777777892,0.06511627906976747
2024-12-27,242.72000122070312,243.38999938964844,240.0399932861328,241.1699981689453,232.8638610839844,5730200.0,15.949999809265137,4.62,-0.008102303286346757,-0.008135305328203902,0.08282418906603617,0.040000000000000036,0.2871647423514083,0.17817967131572815,0.19048347261173854,0.3060726935609828,1.25,0.0,0.907533316158378,0.08282418906603617,-0.8435417008703849,0.040000000000000036,0.04999999999999982,0.3700000000000001,0.010940919037199182,0.08705882352941186
2024-12-30,238.7700042724609,240.83999633789065,237.1100006103516,239.32000732421875,231.07757568359372,5723800.0,17.399999618530273,4.55,-0.007670942979625561,-0.007700515995074647,0.0909090800379102,-0.07000000000000028,-0.001116889462845938,0.15949766594463524,0.1915391614579727,0.30570584017410923,1.25,0.0,0.8878161587799982,0.0909090800379102,-0.8452145456916454,-0.07000000000000028,0.03000000000000025,0.3700000000000001,0.006637168141592875,0.08851674641148333
