Date,Open,High,Low,Close,Adj_Close,Volume,VIX,Treasury_10Y
2018-01-02,107.62999725341797,108.0199966430664,106.80999755859375,107.94999694824219,85.51602935791016,13578800.0,9.770000457763672,2.46
2018-01-03,107.86000061035156,108.48999786376953,107.4800033569336,108.05999755859375,85.60317993164062,11901000.0,9.149999618530273,2.44
2018-01-04,108.36000061035156,110.02999877929688,108.19999694824219,109.04000091552734,86.8294906616211,12953700.0,9.220000267028809,2.46
2018-01-05,109.26000213623047,109.55000305175781,107.77999877929688,108.33999633789062,86.27206420898438,14155000.0,9.220000267028809,2.47
2018-01-08,108.1500015258789,108.68000030517578,107.69999694824219,108.5,86.39947509765625,12466500.0,9.520000457763672,2.49
2018-01-09,108.72000122070312,109.62999725341797,108.48999786376953,109.05000305175781,86.83747863769531,13292300.0,10.079999923706055,2.55
2018-01-10,109.47000122070312,110.69999694824219,109.38999938964844,110.25,87.79303741455078,15834500.0,9.819999694824219,2.55
2018-01-11,110.66999816894531,110.93000030517578,110.05000305175781,110.83999633789062,88.26285552978516,13676800.0,9.880000114440918,2.54
2018-01-12,111.6500015258789,112.8499984741211,110.83999633789062,112.66999816894531,89.7200698852539,18884200.0,10.15999984741211,2.55
2018-01-16,111.51000213623047,113.43000030517578,111.06999969482422,112.2699966430664,89.40153503417969,22703300.0,11.65999984741211,2.54
2018-01-17,111.88999938964844,113.30000305175781,111.30999755859375,112.98999786376953,89.97491455078125,14940300.0,11.90999984741211,2.57
2018-01-18,112.76000213623047,113.72000122070312,112.2699966430664,113.26000213623047,90.18994140625,14572900.0,12.220000267028809,2.62
2018-01-19,113.94000244140625,114.33999633789062,112.80000305175781,113.01000213623047,89.99083709716797,18785500.0,11.270000457763672,2.64
2018-01-22,112.66000366210938,114.38999938964844,112.5,114.33000183105469,91.04197692871094,12475700.0,11.029999732971191,2.66
2018-01-23,113.66999816894531,114.63999938964844,113.3499984741211,114.20999908447266,90.94638061523438,12320800.0,11.100000381469727,2.63
2018-01-24,114.86000061035156,116.0,114.66000366210938,115.66999816894531,92.1090316772461,15904500.0,11.470000267028809,2.65
2018-01-25,116.04000091552734,116.16999816894531,115.08000183105469,115.69999694824219,92.13289642333984,13510000.0,11.579999923706055,2.63
2018-01-26,115.69999694824219,116.31999969482422,114.95999908447266,116.31999969482422,92.62662506103516,13883900.0,11.079999923706055,2.66
2018-01-29,116.0199966430664,117.3499984741211,116.0199966430664,116.19999694824219,92.53105926513672,11679900.0,13.84000015258789,2.7
2018-01-30,115.52999877929688,116.5999984741211,114.9800033569336,115.11000061035156,91.6630630493164,14279100.0,14.789999961853027,2.73
2018-01-31,115.6500015258789,116.66000366210938,115.16000366210938,115.66999816894531,92.1090316772461,13141400.0,13.539999961853027,2.72
2018-02-01,115.7699966430664,116.98999786376953,115.4800033569336,116.87000274658203,93.06459045410156,13800600.0,13.470000267028809,2.78
2018-02-02,116.48999786376953,116.91999816894531,114.08999633789062,114.27999877929688,91.00212860107422,16477300.0,17.309999465942383,2.84
2018-02-05,113.0,114.58999633789062,103.9800033569336,108.80000305175781,86.63838195800781,30097600.0,37.31999969482422,2.77
2018-02-06,106.8499984741211,112.4800033569336,106.61000061035156,112.11000061035156,89.274169921875,33114800.0,29.979999542236328,2.79
2018-02-07,111.55000305175781,114.44999694824219,111.1500015258789,112.87000274658203,89.87934112548828,21878300.0,27.729999542236328,2.84
2018-02-08,113.11000061035156,113.11000061035156,107.83999633789062,107.87999725341797,85.90574645996094,27425800.0,33.459999084472656,2.85
2018-02-09,109.0999984741211,111.05000305175781,106.2300033569336,110.04000091552734,87.62579345703125,28188000.0,29.059999465942383,2.83
2018-02-12,111.16999816894531,112.7300033569336,110.06999969482422,111.73999786376953,88.9795150756836,18043300.0,25.610000610351562,2.86
2018-02-13,111.31999969482422,113.05000305175781,110.80000305175781,112.43000030517578,89.52897644042969,16358200.0,24.969999313354492,2.83
2018-02-14,112.62999725341797,115.2699966430664,112.52999877929688,115.02999877929688,91.59937286376953,15186900.0,19.260000228881836,2.91
2018-02-15,115.73999786376953,115.98999786376953,114.22000122070312,115.51000213623047,91.98159790039062,12130200.0,19.1299991607666,2.9
2018-02-16,114.55000305175781,116.06999969482422,114.5,114.68000030517578,91.32066345214844,13214300.0,19.459999084472656,2.87
2018-02-20,114.6500015258789,115.38999938964844,113.97000122070312,114.70999908447266,91.34456634521484,13461500.0,20.600000381469727,2.88
2018-02-21,115.0,117.44999694824219,114.66999816894531,115.19000244140625,91.7267837524414,14212500.0,20.020000457763672,2.94
2018-02-22,115.5,116.43000030517578,114.76000213623047,114.9800033569336,91.55955505371094,17070400.0,18.719999313354492,2.92
2018-02-23,115.30999755859375,117.38999938964844,115.30999755859375,117.30999755859375,93.41494750976562,12162500.0,16.489999771118164,2.88
2018-02-26,118.13999938964844,118.9000015258789,117.31999969482422,118.7699966430664,94.57757568359375,16511200.0,15.800000190734863,2.86
2018-02-27,118.91000366210938,119.33000183105469,117.3499984741211,117.36000061035156,93.45475006103516,17563300.0,18.59000015258789,2.9
2018-02-28,117.81999969482422,118.48999786376953,115.33999633789062,115.5,91.9736328125,17735600.0,19.850000381469727,2.87
2018-03-01,115.4800033569336,116.63999938964844,112.6500015258789,113.43000030517578,90.32528686523438,18690000.0,22.469999313354492,2.81
2018-03-02,112.38999938964844,113.55999755859375,111.12000274658203,113.31999969482422,90.23768615722656,18353700.0,19.59000015258789,2.86
2018-03-05,112.05000305175781,115.93000030517578,111.88999938964844,115.05999755859375,91.62327575683594,13933000.0,18.729999542236328,2.88
2018-03-06,115.63999938964844,115.81999969482422,114.31999969482422,115.16000366210938,91.70288848876953,10674400.0,18.360000610351562,2.88
2018-03-07,113.75,115.0999984741211,113.11000061035156,114.7300033569336,91.36048126220703,13006500.0,17.760000228881836,2.89
2018-03-08,115.11000061035156,115.2300033569336,113.20999908447266,114.73999786376953,91.36843872070312,11173700.0,16.540000915527344,2.86
2018-03-09,116.55000305175781,118.08000183105469,115.66999816894531,118.04000091552734,93.99625396728516,15366600.0,14.640000343322754,2.9
2018-03-12,118.0,118.75,117.25,117.66000366210938,93.69365692138672,12339300.0,15.779999732971191,2.87
2018-03-13,118.19999694824219,118.47000122070312,115.83000183105469,116.25,92.57086944580078,13312300.0,16.350000381469727,2.84
2018-03-14,116.55999755859375,116.58999633789062,114.5999984741211,114.94999694824219,91.5356674194336,12905100.0,17.229999542236328,2.81
2018-03-15,115.87000274658203,116.0,114.83000183105469,115.23999786376953,91.7665786743164,8748000.0,16.59000015258789,2.82
2018-03-16,115.33999633789062,116.5999984741211,115.33999633789062,115.44000244140625,91.92585754394531,19888900.0,15.800000190734863,2.85
2018-03-19,115.0999984741211,115.44999694824219,113.30000305175781,114.52999877929688,91.20121002197266,13214900.0,19.020000457763672,2.85
2018-03-20,114.87000274658203,115.44999694824219,114.44999694824219,114.63999938964844,91.28881072998047,9921200.0,18.200000762939453,2.89
2018-03-21,114.80999755859375,116.62999725341797,114.20999908447266,114.73999786376953,91.36843872070312,13633000.0,17.860000610351562,2.89
2018-03-22,113.19999694824219,113.5999984741211,109.54000091552734,109.94999694824219,87.55413818359375,22550400.0,23.34000015258789,2.83
2018-03-23,110.2699966430664,110.91999816894531,106.76000213623047,107.01000213623047,85.21297454833984,23081500.0,24.8700008392334,2.82
2018-03-26,109.19000244140625,111.16000366210938,108.6500015258789,110.30999755859375,87.8408203125,20217500.0,21.030000686645508,2.85
2018-03-27,111.06999969482422,111.69000244140625,107.30000305175781,108.16999816894531,86.13668823242188,18039900.0,22.5,2.78
2018-03-28,108.27999877929688,109.16999816894531,106.6500015258789,108.0,86.0013198852539,19189300.0,22.8700008392334,2.77
2018-03-29,108.5,110.77999877929688,107.77999877929688,109.97000122070312,87.570068359375,13274600.0,19.969999313354492,2.74
2018-04-02,109.95999908447266,110.7300033569336,106.08000183105469,107.8499984741211,85.88188171386719,18822500.0,23.6200008392334,2.73
2018-04-03,108.36000061035156,109.5,107.26000213623047,109.33000183105469,87.06040954589844,14050700.0,21.100000381469727,2.79
2018-04-04,107.0999984741211,111.20999908447266,107.0199966430664,110.98999786376953,88.38228607177734,15302600.0,20.059999465942383,2.79
2018-04-05,111.62999725341797,112.83000183105469,111.38999938964844,111.87999725341797,89.54277801513672,16627000.0,18.940000534057617,2.83
2018-04-06,110.55000305175781,111.55000305175781,107.81999969482422,109.08999633789062,87.30980682373047,18906000.0,21.489999771118164,2.77
2018-04-09,110.01000213623047,112.9800033569336,109.88999938964844,110.4000015258789,88.35828399658203,15974300.0,21.770000457763672,2.78
2018-04-10,112.12999725341797,112.87000274658203,111.41999816894531,112.51000213623047,90.04701232910156,13951400.0,20.469999313354492,2.8
2018-04-11,111.66000366210938,111.80999755859375,110.5199966430664,110.62000274658203,88.53435516357422,14503300.0,20.239999771118164,2.79
2018-04-12,111.55999755859375,114.38999938964844,111.5,113.37000274658203,90.73530578613281,16435500.0,18.489999771118164,2.83
2018-04-13,115.0199966430664,115.1500015258789,109.05000305175781,110.30000305175781,88.27825927734375,39152800.0,17.40999984741211,2.82
2018-04-16,110.94000244140625,111.47000122070312,109.79000091552734,110.20999908447266,88.20620727539062,16580500.0,16.559999465942383,2.83
2018-04-17,111.37000274658203,111.91999816894531,109.98999786376953,110.20999908447266,88.20620727539062,15501400.0,15.25,2.82
2018-04-18,110.52999877929688,111.06999969482422,108.88999938964844,109.31999969482422,87.49388885498047,16081400.0,15.600000381469727,2.87
2018-04-19,109.52999877929688,111.87000274658203,109.5,111.72000122070312,89.41471862792969,17911000.0,15.960000038146973,2.92
2018-04-20,112.30000305175781,112.73999786376953,110.87999725341797,111.47000122070312,89.21464538574219,15584400.0,16.8799991607666,2.96
2018-04-23,111.56999969482422,111.94999694824219,110.62999725341797,110.93000030517578,88.78246307373047,11285800.0,16.34000015258789,2.98
2018-04-24,111.75,112.9000015258789,109.58999633789062,110.41000366210938,88.36627960205078,16453100.0,18.020000457763672,3.0
2018-04-25,110.2699966430664,110.52999877929688,108.5999984741211,109.98999786376953,88.03013610839844,13548200.0,17.84000015258789,3.03
2018-04-26,109.97000122070312,110.81999969482422,109.33999633789062,110.0999984741211,88.11817932128906,10299500.0,16.239999771118164,3.0
2018-04-27,109.55000305175781,110.16000366210938,109.12999725341797,109.4000015258789,87.55795288085938,9384000.0,15.40999984741211,2.96
2018-04-30,109.75,110.30000305175781,108.75,108.77999877929688,87.06172180175781,13744900.0,15.930000305175781,2.95
2018-05-01,108.44999694824219,108.97000122070312,107.54000091552734,108.77999877929688,87.06172180175781,10503400.0,15.489999771118164,2.97
2018-05-02,108.11000061035156,109.48999786376953,107.7300033569336,107.91999816894531,86.37340545654297,12162100.0,15.970000267028809,2.97
2018-05-03,107.58999633789062,107.7699966430664,105.18000030517578,107.23999786376953,85.8292007446289,15379100.0,15.899999618530273,2.94
2018-05-04,106.43000030517578,108.73999786376953,105.9800033569336,108.43000030517578,86.78158569335938,11967900.0,14.770000457763672,2.95
2018-05-07,108.76000213623047,109.68000030517578,108.36000061035156,109.37000274658203,87.533935546875,9356700.0,14.75,2.95
2018-05-08,109.52999877929688,111.33999633789062,109.27999877929688,110.98999786376953,88.83049774169922,12543200.0,14.710000038146973,2.97
2018-05-09,111.44000244140625,113.63999938964844,111.02999877929688,113.41000366210938,90.76731872558594,11368100.0,13.420000076293945,3.0
2018-05-10,113.19000244140625,114.44000244140625,112.75,114.29000091552734,91.47161865234375,9159700.0,13.229999542236328,2.97
2018-05-11,114.48999786376953,114.7300033569336,113.66999816894531,113.86000061035156,91.12745666503906,10253000.0,12.649999618530273,2.97
2018-05-14,114.11000061035156,114.69999694824219,113.73999786376953,113.9000015258789,91.15951538085938,8710700.0,12.930000305175781,3.0
2018-05-15,113.91000366210938,113.91000366210938,112.56999969482422,113.02999877929688,90.46320343017578,11536200.0,14.630000114440918,3.08
2018-05-16,112.88999938964844,113.69000244140625,112.62999725341797,113.33999633789062,90.71131134033203,7571100.0,13.420000076293945,3.09
2018-05-17,113.19999694824219,113.41000366210938,112.19999694824219,112.95999908447266,90.40715026855469,8617200.0,13.430000305175781,3.11
2018-05-18,112.75,112.80000305175781,110.83999633789062,111.12999725341797,88.94255065917969,11806300.0,13.420000076293945,3.06
2018-05-21,112.05000305175781,112.54000091552734,111.91999816894531,112.1500015258789,89.75887298583984,9441900.0,13.079999923706055,3.06
2018-05-22,112.3499984741211,114.29000091552734,112.29000091552734,113.01000213623047,90.44718933105469,11507600.0,13.220000267028809,3.06
2018-05-23,112.51000213623047,112.7699966430664,111.12000274658203,112.48999786376953,90.03099060058594,11453900.0,12.579999923706055,3.01
2018-05-24,112.13999938964844,112.1500015258789,110.12000274658203,111.2300033569336,89.0225601196289,14084800.0,12.529999732971191,2.98
2018-05-25,110.45999908447266,111.08000183105469,110.19999694824219,110.66000366210938,88.56639099121094,8283500.0,13.220000267028809,2.93
2018-05-29,109.18000030517578,109.19999694824219,104.95999908447266,105.93000030517578,84.7807388305664,30643800.0,17.020000457763672,2.77
2018-05-30,107.63999938964844,108.5999984741211,106.6500015258789,108.3499984741211,86.7175521850586,17490800.0,14.9399995803833,2.84
2018-05-31,107.94999694824219,108.19000244140625,106.41999816894531,107.01000213623047,85.64511108398438,19808200.0,15.430000305175781,2.83
2018-06-01,108.33999633789062,108.94000244140625,107.80000305175781,108.4000015258789,86.75760650634766,13594200.0,13.460000038146973,2.89
2018-06-04,108.98999786376953,109.26000213623047,108.2699966430664,108.44999694824219,86.797607421875,9415400.0,12.739999771118164,2.94
2018-06-05,108.23999786376953,108.30999755859375,107.06999969482422,107.83999633789062,86.30937194824219,10415200.0,12.399999618530273,2.92
2018-06-06,108.66000366210938,110.73999786376953,108.4800033569336,110.36000061035156,88.32626342773438,15453600.0,11.640000343322754,2.97
2018-06-07,111.18000030517578,111.5,110.02999877929688,110.80000305175781,88.67840576171875,13444400.0,12.130000114440918,2.93
2018-06-08,110.62000274658203,111.13999938964844,110.05999755859375,111.11000061035156,88.92652130126953,10383200.0,12.180000305175781,2.93
2018-06-11,111.12000274658203,111.91000366210938,110.7699966430664,110.83000183105469,88.70243072509766,12642900.0,12.350000381469727,2.96
2018-06-12,111.13999938964844,111.52999877929688,109.5199966430664,110.19000244140625,88.1902084350586,15294100.0,12.34000015258789,2.96
2018-06-13,110.45999908447266,111.44999694824219,109.58000183105469,109.97000122070312,88.01414489746094,14979700.0,12.9399995803833,2.98
2018-06-14,110.27999877929688,110.36000061035156,107.77999877929688,108.02999877929688,86.46145629882812,20487300.0,12.119999885559082,2.94
2018-06-15,107.80000305175781,108.37999725341797,106.2699966430664,107.9000015258789,86.35740661621094,26028600.0,11.979999542236328,2.93
2018-06-18,107.26000213623047,108.4000015258789,106.69000244140625,108.18000030517578,86.58148956298828,9786800.0,12.3100004196167,2.92
2018-06-19,106.9000015258789,107.87999725341797,106.5999984741211,107.55000305175781,86.0772933959961,12707200.0,13.350000381469727,2.89
2018-06-20,108.18000030517578,108.63999938964844,107.44000244140625,107.54000091552734,86.06929016113281,8876900.0,12.789999961853027,2.93
2018-06-21,107.0999984741211,108.20999908447266,106.52999877929688,107.51000213623047,86.0452651977539,11048700.0,14.640000343322754,2.9
2018-06-22,108.16000366210938,108.37000274658203,105.51000213623047,105.75,84.63666534423828,19478900.0,13.770000457763672,2.9
2018-06-25,105.66000366210938,105.69999694824219,103.95999908447266,104.79000091552734,83.86836242675781,16907600.0,17.329999923706055,2.87
2018-06-26,104.70999908447266,105.20999908447266,103.11000061035156,104.86000061035156,83.92436218261719,17086800.0,15.920000076293945,2.88
2018-06-27,104.68000030517578,105.91999816894531,103.2300033569336,103.23999786376953,82.6277847290039,16276800.0,17.90999984741211,2.83
2018-06-28,103.68000030517578,105.45999908447266,103.51000213623047,104.93000030517578,83.9803695678711,14491300.0,16.850000381469727,2.84
2018-06-29,106.68000030517578,106.9000015258789,104.1500015258789,104.19999694824219,83.3961410522461,18972400.0,16.09000015258789,2.85
2018-07-02,103.72000122070312,105.08999633789062,103.37999725341797,105.08000183105469,84.1004409790039,11130000.0,15.600000381469727,2.87
2018-07-03,105.41000366210938,105.77999877929688,103.5199966430664,103.61000061035156,82.92391204833984,8311700.0,16.139999389648438,2.83
2018-07-05,104.12999725341797,104.37999725341797,103.52999877929688,103.72000122070312,83.46309661865234,10723400.0,14.970000267028809,2.84
2018-07-06,103.12000274658203,104.5,102.19999694824219,104.05999755859375,83.73665618896484,12173700.0,13.369999885559082,2.82
2018-07-09,104.70999908447266,107.45999908447266,104.70999908447266,107.27999877929688,86.32779693603516,13900800.0,12.6899995803833,2.86
2018-07-10,108.0199966430664,108.4000015258789,106.52999877929688,106.62000274658203,85.79669189453125,14575900.0,12.640000343322754,2.87
2018-07-11,106.30999755859375,107.05999755859375,106.20999908447266,106.38999938964844,85.61160278320312,10186500.0,13.630000114440918,2.85
2018-07-12,107.41999816894531,107.55999755859375,105.97000122070312,106.8499984741211,85.98176574707031,12456800.0,12.579999923706055,2.85
2018-07-13,107.30000305175781,107.80000305175781,105.13999938964844,106.36000061035156,85.58747100830078,21289100.0,12.180000305175781,2.83
2018-07-16,107.05000305175781,110.7699966430664,106.9800033569336,110.58000183105469,88.9832763671875,24662600.0,12.829999923706055,2.85
2018-07-17,110.69000244140625,110.93000030517578,109.75,110.5,88.91891479492188,14821900.0,12.0600004196167,2.86
2018-07-18,110.41999816894531,112.12000274658203,110.19999694824219,111.52999877929688,89.74774932861328,14244900.0,12.100000381469727,2.88
2018-07-19,111.05999755859375,111.08999633789062,109.7300033569336,109.88999938964844,88.42804718017578,16775300.0,12.869999885559082,2.84
2018-07-20,110.0,111.73999786376953,109.77999877929688,111.27999877929688,89.54656982421875,13578100.0,12.859999656677246,2.89
2018-07-23,111.05999755859375,114.23999786376953,110.93000030517578,113.3499984741211,91.2123031616211,18140000.0,12.619999885559082,2.96
2018-07-24,113.55000305175781,114.77999877929688,113.41999816894531,114.1500015258789,91.85604858398438,14000400.0,12.40999984741211,2.95
2018-07-25,113.87999725341797,115.5199966430664,113.37999725341797,115.18000030517578,92.68489837646484,13329100.0,12.289999961853027,2.94
2018-07-26,115.41999816894531,115.58999633789062,114.58000183105469,114.8499984741211,92.41932678222656,11897800.0,12.140000343322754,2.98
2018-07-27,115.18000030517578,116.30000305175781,114.80999755859375,116.02999877929688,93.36888122558594,12802700.0,13.029999732971191,2.96
2018-07-30,116.27999877929688,117.61000061035156,116.05999755859375,116.7300033569336,93.93218231201172,13411600.0,14.260000228881836,2.98
2018-07-31,117.08000183105469,117.08000183105469,114.81999969482422,114.94999694824219,92.49980163574219,15843800.0,12.829999923706055,2.96
2018-08-01,115.75,116.69000244140625,115.27999877929688,115.66000366210938,93.0711441040039,13531600.0,13.149999618530273,3.0
2018-08-02,114.56999969482422,116.25,114.33000183105469,116.1500015258789,93.4654541015625,11058100.0,12.1899995803833,2.98
2018-08-03,116.0,117.12999725341797,115.94000244140625,117.08999633789062,94.22186279296875,11016100.0,11.640000343322754,2.95
2018-08-06,116.79000091552734,117.52999877929688,116.18000030517578,117.12000274658203,94.24600982666016,9857400.0,11.270000457763672,2.94
2018-08-07,117.73999786376953,118.29000091552734,117.33000183105469,117.55000305175781,94.59202575683594,10562100.0,10.930000305175781,2.98
2018-08-08,117.33000183105469,118.2699966430664,117.27999877929688,117.79000091552734,94.78514099121094,8997100.0,10.850000381469727,2.96
2018-08-09,117.51000213623047,117.72000122070312,116.69999694824219,116.87999725341797,94.05287170410156,9694200.0,11.270000457763672,2.93
2018-08-10,115.5,115.94999694824219,114.68000030517578,115.7300033569336,93.1274642944336,12630600.0,13.15999984741211,2.87
2018-08-13,115.55999755859375,115.87999725341797,113.81999969482422,113.88999938964844,91.6468276977539,10336300.0,14.779999732971191,2.88
2018-08-14,114.2699966430664,115.04000091552734,113.6500015258789,114.6500015258789,92.2583999633789,10597600.0,13.3100004196167,2.89
2018-08-15,113.81999969482422,114.33000183105469,112.97000122070312,113.69999694824219,91.4939193725586,10152100.0,14.640000343322754,2.86
2018-08-16,114.3499984741211,115.30999755859375,114.30000305175781,114.7699966430664,92.35496520996094,10118600.0,13.449999809265137,2.87
2018-08-17,114.63999938964844,115.06999969482422,114.30000305175781,114.7699966430664,92.35496520996094,8505100.0,12.640000343322754,2.87
2018-08-20,114.58999633789062,115.05000305175781,114.11000061035156,114.62000274658203,92.23426055908203,8618700.0,12.489999771118164,2.82
2018-08-21,115.37000274658203,116.38999938964844,114.87999725341797,115.31999969482422,92.79754638671875,10976700.0,12.859999656677246,2.85
2018-08-22,115.30999755859375,115.41000366210938,114.77999877929688,114.97000122070312,92.5158920288086,8314700.0,12.25,2.82
2018-08-23,114.95999908447266,115.1500015258789,114.43000030517578,114.7300033569336,92.32278442382812,9265400.0,12.40999984741211,2.82
2018-08-24,114.9800033569336,115.22000122070312,114.44999694824219,114.68000030517578,92.28253936767578,8845700.0,11.989999771118164,2.82
2018-08-27,115.22000122070312,117.27999877929688,115.16999816894531,116.70999908447266,93.91605377197266,13768000.0,12.15999984741211,2.85
2018-08-28,117.0,117.02999877929688,115.97000122070312,116.13999938964844,93.45741271972656,8302600.0,12.5,2.88
2018-08-29,116.3499984741211,116.37000274658203,115.36000061035156,115.76000213623047,93.15161895751953,7221700.0,12.25,2.89
2018-08-30,115.58999633789062,116.04000091552734,114.9800033569336,115.19000244140625,92.69292449951172,8991800.0,13.529999732971191,2.86
2018-08-31,114.83000183105469,114.83999633789062,113.81999969482422,114.58000183105469,92.20207214355469,13065700.0,12.859999656677246,2.86
2018-09-04,114.33999633789062,115.23999786376953,113.62999725341797,115.1500015258789,92.6607437133789,10174200.0,13.15999984741211,2.9
2018-09-05,115.0,115.69999694824219,114.25,114.58999633789062,92.21011352539062,11462400.0,13.90999984741211,2.9
2018-09-06,114.5,114.69999694824219,113.5,114.0999984741211,91.8157958984375,9877600.0,14.649999618530273,2.88
2018-09-07,114.5,114.7699966430664,113.62999725341797,114.31999969482422,91.99283599853516,10955600.0,14.880000114440918,2.94
2018-09-10,114.8499984741211,114.97000122070312,113.66000366210938,113.70999908447266,91.50200653076172,8276900.0,14.15999984741211,2.94
2018-09-11,113.54000091552734,114.58000183105469,113.18000030517578,114.43000030517578,92.08135986328125,9333800.0,13.220000267028809,2.98
2018-09-12,114.25,114.87999725341797,112.8499984741211,113.08000183105469,90.9950180053711,10800800.0,13.140000343322754,2.97
2018-09-13,113.37000274658203,114.12999725341797,112.66999816894531,113.5199966430664,91.34909057617188,12470800.0,12.369999885559082,2.97
2018-09-14,113.80999755859375,114.48999786376953,113.2300033569336,113.5,91.33301544189453,10337900.0,12.069999694824219,2.99
2018-09-17,113.79000091552734,114.43000030517578,113.30000305175781,113.83999633789062,91.60658264160156,9561300.0,13.680000305175781,2.99
2018-09-18,114.33000183105469,114.66000366210938,113.55999755859375,114.30000305175781,91.97674560546875,7944200.0,12.789999961853027,3.05
2018-09-19,114.44000244140625,118.05999755859375,114.44000244140625,117.62000274658203,94.64836120605469,16052800.0,11.75,3.08
2018-09-20,118.5,119.23999786376953,118.08000183105469,118.62999725341797,95.46110534667969,15590000.0,11.800000190734863,3.07
2018-09-21,119.12999725341797,119.2300033569336,117.73999786376953,117.8499984741211,94.83342742919922,24788200.0,11.680000305175781,3.07
2018-09-24,117.76000213623047,118.45999908447266,116.43000030517578,116.72000122070312,93.92411804199219,12492500.0,12.199999809265137,3.08
2018-09-25,117.04000091552734,117.97000122070312,116.31999969482422,116.38999938964844,93.6585693359375,9308300.0,12.420000076293945,3.1
2018-09-26,116.75,116.87000274658203,114.66000366210938,115.0199966430664,92.55613708496094,14023600.0,12.890000343322754,3.06
2018-09-27,115.41999816894531,115.76000213623047,114.16000366210938,114.5199966430664,92.15377044677734,13283000.0,12.40999984741211,3.06
2018-09-28,113.6500015258789,114.23999786376953,112.5199966430664,112.83999633789062,90.80191802978516,15815100.0,12.119999885559082,3.05
2018-10-01,113.37000274658203,114.61000061035156,113.04000091552734,113.5,91.33301544189453,10146300.0,12.0,3.09
2018-10-02,113.36000061035156,114.12000274658203,112.80999755859375,113.97000122070312,91.71122741699219,13753100.0,12.050000190734863,3.05
2018-10-03,114.94000244140625,115.66000366210938,114.4800033569336,115.04000091552734,92.5722427368164,17142000.0,11.609999656677246,3.15
2018-10-04,114.55000305175781,116.80999755859375,114.20999908447266,115.2699966430664,93.40685272216797,16357400.0,14.220000267028809,3.19
2018-10-05,115.83000183105469,116.0999984741211,114.0199966430664,114.62000274658203,92.8801498413086,13777600.0,14.819999694824219,3.23
2018-10-08,114.25,115.77999877929688,113.3499984741211,115.31999969482422,93.4473648071289,14370900.0,15.6899995803833,3.23
2018-10-09,114.66999816894531,115.02999877929688,113.66999816894531,114.5199966430664,92.79910278320312,14069500.0,15.949999809265137,3.21
2018-10-10,114.69999694824219,114.94999694824219,111.47000122070312,111.47000122070312,90.3276138305664,23086400.0,22.959999084472656,3.22
2018-10-11,110.97000122070312,111.47000122070312,107.37999725341797,108.12999725341797,87.62108612060547,33705600.0,24.979999542236328,3.14
2018-10-12,110.37000274658203,110.83000183105469,105.5999984741211,106.94999694824219,86.66492462158203,32075700.0,21.309999465942383,3.15
2018-10-15,107.19999694824219,108.8499984741211,106.31999969482422,106.33999633789062,86.17058563232422,18903200.0,21.299999237060547,3.16
2018-10-16,107.16000366210938,108.77999877929688,106.7300033569336,108.62000274658203,88.0181655883789,19302800.0,17.6200008392334,3.16
2018-10-17,108.37999725341797,110.80000305175781,108.2300033569336,109.83000183105469,88.9986572265625,18794500.0,17.399999618530273,3.19
2018-10-18,109.0199966430664,109.83999633789062,107.80999755859375,108.08999633789062,87.58869934082031,17582500.0,20.059999465942383,3.17
2018-10-19,107.6500015258789,109.22000122070312,107.2699966430664,107.91000366210938,87.44284057617188,15234500.0,19.889999389648438,3.2
2018-10-22,108.1500015258789,108.33999633789062,106.11000061035156,106.36000061035156,86.18681335449219,16199100.0,19.639999389648438,3.2
2018-10-23,104.19999694824219,106.16000366210938,103.69999694824219,105.25,85.287353515625,21407500.0,20.709999084472656,3.17
2018-10-24,104.76000213623047,105.02999877929688,102.91000366210938,103.29000091552734,83.69908142089844,23168900.0,25.229999542236328,3.1
2018-10-25,104.18000030517578,105.9000015258789,103.72000122070312,104.86000061035156,84.9713134765625,17464700.0,24.219999313354492,3.14
2018-10-26,104.0,104.55999755859375,102.7300033569336,103.41999816894531,83.80445098876953,19174900.0,24.15999984741211,3.08
2018-10-29,104.45999908447266,106.62999725341797,103.69999694824219,104.8499984741211,84.96321105957031,18445200.0,24.700000762939453,3.08
2018-10-30,105.70999908447266,106.9800033569336,104.86000061035156,106.69999694824219,86.46231079101562,18019700.0,23.350000381469727,3.12
2018-10-31,108.08000183105469,110.4800033569336,107.79000091552734,109.0199966430664,88.34230041503906,20860000.0,21.229999542236328,3.15
2018-11-01,109.62000274658203,110.22000122070312,108.31999969482422,108.9800033569336,88.30989074707031,13065000.0,19.34000015258789,3.14
2018-11-02,109.9000015258789,110.80999755859375,107.48999786376953,108.37999725341797,87.82368469238281,19009200.0,19.510000228881836,3.22
2018-11-05,108.61000061035156,109.29000091552734,108.41999816894531,109.08999633789062,88.3990249633789,10276400.0,19.959999084472656,3.2
2018-11-06,108.66999816894531,109.66999816894531,107.76000213623047,109.5999984741211,88.81230163574219,10825000.0,19.90999984741211,3.22
2018-11-07,110.37000274658203,111.7300033569336,109.3499984741211,111.4800033569336,90.33572387695312,12679600.0,16.360000610351562,3.22
2018-11-08,111.01000213623047,112.93000030517578,111.0,112.37999725341797,91.06498718261719,11662500.0,16.719999313354492,3.24
2018-11-09,112.2300033569336,112.36000061035156,110.83000183105469,111.29000091552734,90.18174743652344,10432200.0,17.360000610351562,3.19
2018-11-12,111.41999816894531,111.94000244140625,108.5999984741211,108.94999694824219,88.28556823730469,13279700.0,20.450000762939453,3.19
2018-11-13,109.0999984741211,111.12000274658203,109.0999984741211,109.58999633789062,88.80418395996094,13746100.0,20.020000457763672,3.14
2018-11-14,110.2300033569336,110.70999908447266,105.9800033569336,107.33000183105469,86.97283172607422,18361400.0,21.25,3.12
2018-11-15,108.23999786376953,110.08000183105469,106.80999755859375,110.06999969482422,89.19315338134766,19100000.0,19.979999542236328,3.11
2018-11-16,109.44999694824219,110.76000213623047,108.55000305175781,109.98999786376953,89.12830352783203,13798600.0,18.139999389648438,3.08
2018-11-19,109.95999908447266,111.19999694824219,109.52999877929688,110.83000183105469,89.80901336669922,13987000.0,20.100000381469727,3.06
2018-11-20,109.77999877929688,110.48999786376953,107.9800033569336,108.44999694824219,87.88043212890625,18936200.0,22.479999542236328,3.06
2018-11-21,109.02999877929688,109.61000061035156,107.63999938964844,107.63999938964844,87.22403717041016,10619600.0,20.799999237060547,3.06
2018-11-23,106.73999786376953,107.38999938964844,106.05999755859375,106.6500015258789,86.42183685302734,6488400.0,21.520000457763672,3.05
2018-11-26,107.72000122070312,109.9800033569336,107.44999694824219,109.26000213623047,88.53677368164062,13948300.0,18.899999618530273,3.07
2018-11-27,108.76000213623047,110.02999877929688,108.62999725341797,109.72000122070312,88.90953063964844,9238200.0,19.020000457763672,3.06
2018-11-28,109.80000305175781,111.4000015258789,108.87000274658203,110.94000244140625,89.89813232421875,13977300.0,18.489999771118164,3.06
2018-11-29,110.2699966430664,110.80000305175781,109.63999938964844,110.05999755859375,89.18504333496094,11144300.0,18.790000915527344,3.03
2018-11-30,109.8499984741211,111.31999969482422,109.58000183105469,111.19000244140625,90.1007080078125,18652700.0,18.06999969482422,3.01
2018-12-03,112.37999725341797,112.88999938964844,111.73999786376953,112.23999786376953,90.9515609741211,16034500.0,16.440000534057617,2.98
2018-12-04,111.5999984741211,111.5999984741211,106.7300033569336,107.2300033569336,86.89181518554688,23555900.0,20.739999771118164,2.91
2018-12-06,105.01000213623047,105.36000061035156,102.87999725341797,105.19000244140625,85.23873138427734,27213900.0,21.190000534057617,2.87
2018-12-07,105.16000366210938,106.9800033569336,102.91000366210938,103.29000091552734,83.69908142089844,19248600.0,23.229999542236328,2.85
2018-12-10,102.87000274658203,103.48999786376953,99.27999877929688,101.36000061035156,82.13517761230469,23636400.0,22.639999389648438,2.85
2018-12-11,103.12999725341797,103.66000366210938,100.20999908447266,100.37000274658203,81.33293914794922,16860700.0,21.760000228881836,2.89
2018-12-12,101.66000366210938,102.9000015258789,100.05999755859375,101.0199966430664,81.8596420288086,22621500.0,21.459999084472656,2.91
2018-12-13,101.55000305175781,101.97000122070312,100.66999816894531,101.12000274658203,81.94068145751953,17250900.0,20.649999618530273,2.91
2018-12-14,99.98999786376953,101.94000244140625,99.86000061035156,100.29000091552734,81.26811981201172,19879500.0,21.6299991607666,2.89
2018-12-17,99.7699966430664,100.55999755859375,98.44000244140625,99.01000213623047,80.23088073730469,25113500.0,24.520000457763672,2.86
2018-12-18,99.41999816894531,100.88999938964844,98.12000274658203,98.54000091552734,79.85002136230469,20837200.0,25.579999923706055,2.82
2018-12-19,98.41000366210938,100.58000183105469,96.5999984741211,97.29000091552734,78.83710479736328,28767900.0,25.579999923706055,2.77
2018-12-20,96.61000061035156,98.27999877929688,95.69000244140625,96.44999694824219,78.15643310546875,31825200.0,28.3799991607666,2.79
2018-12-21,96.68000030517578,98.43000030517578,93.69000244140625,94.16999816894531,76.30887603759766,41313900.0,30.110000610351562,2.79
2018-12-24,92.88999938964844,94.22000122070312,92.13999938964844,92.13999938964844,74.66390991210938,17009300.0,36.06999969482422,2.74
2018-12-26,92.69000244140625,95.95999908447266,91.11000061035156,95.95999908447266,77.75936126708984,22542900.0,30.40999984741211,2.81
2018-12-27,94.81999969482422,97.1500015258789,93.55000305175781,97.04000091552734,78.634521484375,20304700.0,29.959999084472656,2.77
2018-12-28,97.94999694824219,98.31999969482422,96.44000244140625,96.83000183105469,78.46435546875,17963300.0,28.34000015258789,2.72
2018-12-31,97.58999633789062,98.80999755859375,96.7699966430664,97.62000274658203,79.1045150756836,13237200.0,25.420000076293945,2.69
2019-01-02,95.94999694824219,99.77999877929688,95.94000244140625,99.30999755859375,80.47396087646484,15670900.0,23.219999313354492,2.66
2019-01-03,98.63999938964844,98.88999938964844,96.69000244140625,97.11000061035156,79.33029174804688,16286400.0,25.450000762939453,2.56
2019-01-04,99.11000061035156,100.93000030517578,98.27999877929688,100.69000244140625,82.2548599243164,16935200.0,21.3799991607666,2.67
2019-01-07,100.43000030517578,101.47000122070312,99.70999908447266,100.76000213623047,82.31202697753906,15430700.0,21.399999618530273,2.7
2019-01-08,101.62999725341797,101.81999969482422,99.55000305175781,100.56999969482422,82.15681457519531,13578800.0,20.469999313354492,2.73
2019-01-09,100.80999755859375,101.48999786376953,99.93000030517578,100.4000015258789,82.01795196533203,14230300.0,19.979999542236328,2.74
2019-01-10,100.0199966430664,100.7300033569336,99.2699966430664,100.38999938964844,82.00978088378906,14376100.0,19.5,2.74
2019-01-11,99.88999938964844,100.16999816894531,98.94999694824219,99.91000366210938,81.61766052246094,15439900.0,18.190000534057617,2.71
2019-01-14,98.87000274658203,101.36000061035156,98.66000366210938,100.94000244140625,82.4590835571289,21258500.0,19.06999969482422,2.71
2019-01-15,98.88999938964844,102.47000122070312,98.5999984741211,101.68000030517578,83.06359100341797,26504900.0,18.600000381469727,2.72
2019-01-16,102.25,103.44999694824219,101.80000305175781,102.5,83.73345947265625,18533000.0,19.040000915527344,2.73
2019-01-17,102.11000061035156,103.5,101.91999816894531,102.91999816894531,84.0765380859375,14247600.0,18.059999465942383,2.75
2019-01-18,103.7699966430664,104.9000015258789,102.83000183105469,104.58999633789062,85.44080352783203,16428700.0,17.799999237060547,2.79
2019-01-22,103.08000183105469,103.58999633789062,102.12999725341797,102.94000244140625,84.09290313720703,17083700.0,20.799999237060547,2.74
2019-01-23,103.44000244140625,103.69999694824219,101.97000122070312,102.68000030517578,83.88050842285156,12146700.0,19.520000457763672,2.76
2019-01-24,102.12999725341797,103.08999633789062,101.94000244140625,102.73999786376953,83.92951202392578,11296800.0,18.889999389648438,2.72
2019-01-25,103.51000213623047,104.30999755859375,102.73999786376953,103.38999938964844,84.46051025390625,14369400.0,17.420000076293945,2.76
2019-01-28,102.88999938964844,104.23999786376953,102.58999633789062,103.87999725341797,84.86078643798828,12283100.0,18.8700008392334,2.75
2019-01-29,103.87999725341797,105.11000061035156,103.7300033569336,104.16999816894531,85.09770202636719,9743300.0,19.1299991607666,2.72
2019-01-30,104.13999938964844,105.23999786376953,103.77999877929688,104.41000366210938,85.29376220703125,12526300.0,17.65999984741211,2.7
2019-01-31,103.41000366210938,103.80000305175781,102.7300033569336,103.5,84.55037689208984,17520600.0,16.56999969482422,2.63
2019-02-01,104.0,104.8499984741211,103.5199966430664,103.87999725341797,84.86078643798828,13000800.0,16.139999389648438,2.7
2019-02-04,103.79000091552734,104.25,103.01000213623047,104.25,85.1630630493164,9871500.0,15.729999542236328,2.73
2019-02-05,104.5199966430664,104.55000305175781,103.29000091552734,103.79000091552734,84.78727722167969,12763000.0,15.569999694824219,2.71
2019-02-06,103.70999908447266,104.62000274658203,103.47000122070312,103.73999786376953,84.74645233154297,8745000.0,15.380000114440918,2.7
2019-02-07,103.25,103.5,101.44000244140625,102.37999725341797,83.63542175292969,13177500.0,16.3700008392334,2.65
2019-02-08,102.08000183105469,102.33999633789062,100.05999755859375,101.36000061035156,82.80218505859375,12892600.0,15.720000267028809,2.63
2019-02-11,101.76000213623047,102.01000213623047,100.7699966430664,100.87999725341797,82.4100570678711,10978500.0,15.970000267028809,2.65
2019-02-12,101.94999694824219,102.91999816894531,101.88999938964844,102.5999984741211,83.8151626586914,12852300.0,15.430000305175781,2.68
2019-02-13,102.9000015258789,103.8499984741211,102.9000015258789,103.08999633789062,84.21542358398438,10754100.0,15.649999618530273,2.71
2019-02-14,102.47000122070312,103.0999984741211,101.3499984741211,102.41999816894531,83.66809844970703,11518500.0,16.219999313354492,2.66
2019-02-15,103.9000015258789,105.69999694824219,103.66000366210938,105.55000305175781,86.22504425048828,14716900.0,14.90999984741211,2.66
2019-02-19,104.91000366210938,105.37000274658203,103.80999755859375,105.18000030517578,85.92279052734375,12764900.0,14.880000114440918,2.65
2019-02-20,105.20999908447266,105.80000305175781,104.87999725341797,105.69000244140625,86.33940887451172,10030300.0,14.020000457763672,2.65
2019-02-21,105.44999694824219,105.98999786376953,104.95999908447266,105.47000122070312,86.15968322753906,8400100.0,14.460000038146973,2.69
2019-02-22,105.69999694824219,106.08999633789062,104.77999877929688,105.0,85.7757339477539,10647300.0,13.510000228881836,2.65
2019-02-25,105.75,107.2699966430664,105.69000244140625,106.0999984741211,86.67433166503906,11230700.0,14.850000381469727,2.67
2019-02-26,104.5,105.47000122070312,103.94000244140625,105.29000091552734,86.01264953613281,15465400.0,15.170000076293945,2.64
2019-02-27,105.18000030517578,105.37999725341797,104.51000213623047,105.16000366210938,85.90644073486328,9968800.0,14.699999809265137,2.69
2019-02-28,105.01000213623047,105.20999908447266,104.18000030517578,104.36000061035156,85.25291442871094,15156900.0,14.779999732971191,2.73
2019-03-01,105.0999984741211,105.91000366210938,104.19999694824219,104.43000030517578,85.31012725830078,13813300.0,13.569999694824219,2.76
2019-03-04,104.91999816894531,105.91999816894531,103.2699966430664,104.19000244140625,85.11405181884766,12466300.0,14.630000114440918,2.72
2019-03-05,104.12999725341797,104.55000305175781,103.26000213623047,104.11000061035156,85.0487060546875,10856600.0,14.739999771118164,2.72
2019-03-06,103.86000061035156,104.56999969482422,103.55000305175781,103.72000122070312,84.7301025390625,9070800.0,15.739999771118164,2.69
2019-03-07,103.25,103.47000122070312,102.16000366210938,102.97000122070312,84.11742401123047,12705700.0,16.59000015258789,2.64
2019-03-08,101.98999786376953,103.2300033569336,101.98999786376953,103.01000213623047,84.15009307861328,10582400.0,16.049999237060547,2.62
2019-03-11,103.9800033569336,104.55000305175781,103.66000366210938,104.3499984741211,85.24474334716797,9763200.0,14.329999923706055,2.64
2019-03-12,104.58999633789062,104.79000091552734,103.75,104.04000091552734,84.99151611328125,10219100.0,13.770000457763672,2.61
2019-03-13,104.19000244140625,104.9800033569336,103.94999694824219,104.38999938964844,85.27743530273438,13022200.0,13.40999984741211,2.61
2019-03-14,104.5,105.87000274658203,104.45999908447266,105.33999633789062,86.053466796875,10926500.0,13.5,2.63
2019-03-15,105.41000366210938,106.80000305175781,105.2300033569336,106.55000305175781,87.04193115234375,24811700.0,12.880000114440918,2.59
2019-03-18,106.55000305175781,107.79000091552734,106.5,107.19000244140625,87.56478118896484,12935500.0,13.100000381469727,2.6
2019-03-19,108.19999694824219,108.4000015258789,106.55000305175781,106.80000305175781,87.24618530273438,12889300.0,13.5600004196167,2.61
2019-03-20,106.43000030517578,106.6500015258789,104.41000366210938,104.5199966430664,85.38360595703125,14920700.0,13.90999984741211,2.54
2019-03-21,103.48999786376953,103.48999786376953,102.27999877929688,102.87000274658203,84.03572082519531,19751000.0,13.630000114440918,2.54
2019-03-22,101.81999969482422,102.31999969482422,99.5199966430664,99.76000213623047,81.49512481689453,31115200.0,16.479999542236328,2.44
2019-03-25,99.58999633789062,100.56999969482422,98.08999633789062,98.93000030517578,80.81710052490234,21032300.0,16.329999923706055,2.43
2019-03-26,99.81999969482422,100.4000015258789,98.81999969482422,99.91999816894531,81.6258316040039,15987100.0,14.680000305175781,2.41
2019-03-27,99.87999725341797,100.44999694824219,99.08000183105469,99.58000183105469,81.34807586669922,12753200.0,15.149999618530273,2.39
2019-03-28,100.0,100.80000305175781,99.73999786376953,100.70999908447266,82.27116394042969,12454100.0,14.430000305175781,2.39
2019-03-29,101.54000091552734,101.98999786376953,100.58999633789062,101.2300033569336,82.69598388671875,14523400.0,13.710000038146973,2.41
2019-04-01,102.1500015258789,104.68000030517578,102.12000274658203,104.63999938964844,85.48165130615234,17499300.0,13.399999618530273,2.49
2019-04-02,104.5999984741211,105.44000244140625,104.33000183105469,105.13999938964844,85.89010620117188,10295400.0,13.359999656677246,2.48
2019-04-03,105.80999755859375,106.36000061035156,104.79000091552734,105.3499984741211,86.06163024902344,11499200.0,13.739999771118164,2.52
2019-04-04,104.55000305175781,105.7300033569336,104.44999694824219,105.55999755859375,86.89306640625,11952100.0,13.579999923706055,2.51
2019-04-05,105.80000305175781,106.11000061035156,104.98999786376953,105.30999755859375,86.687255859375,9933700.0,12.819999694824219,2.5
2019-04-08,105.11000061035156,105.6500015258789,104.91000366210938,105.6500015258789,86.96714782714844,8056300.0,13.180000305175781,2.52
2019-04-09,105.08000183105469,105.19999694824219,104.25,104.87000274658203,86.32506561279297,9092200.0,14.279999732971191,2.51
2019-04-10,105.12999725341797,105.72000122070312,104.47000122070312,105.33999633789062,86.71195220947266,10882300.0,13.300000190734863,2.48
2019-04-11,105.70999908447266,106.7300033569336,105.55999755859375,106.2300033569336,87.44459533691406,11183800.0,13.020000457763672,2.51
2019-04-12,109.44000244140625,111.8499984741211,108.87999725341797,111.20999908447266,91.54393005371094,25834100.0,12.010000228881836,2.56
2019-04-15,110.91999816894531,111.0,109.12000274658203,109.94000244140625,90.4985122680664,15163800.0,12.319999694824219,2.55
2019-04-16,109.9000015258789,111.38999938964844,109.86000061035156,111.0999984741211,91.45337677001953,11583200.0,12.180000305175781,2.6
2019-04-17,111.69999694824219,114.66000366210938,111.01000213623047,114.30000305175781,94.08750915527344,17791900.0,12.600000381469727,2.59
2019-04-18,114.52999877929688,114.94999694824219,113.33000183105469,113.45999908447266,93.39605712890625,12501900.0,12.09000015258789,2.57
2019-04-22,112.83000183105469,113.93000030517578,112.66000366210938,113.5999984741211,93.51129913330078,7975900.0,12.420000076293945,2.59
2019-04-23,113.0,114.37000274658203,112.8499984741211,113.73999786376953,93.62651062011719,9193100.0,12.279999732971191,2.57
2019-04-24,113.26000213623047,114.1500015258789,112.80999755859375,113.55000305175781,93.47013854980469,9245700.0,13.140000343322754,2.53
2019-04-25,113.01000213623047,114.1500015258789,112.5,113.61000061035156,93.51952362060547,9311800.0,13.25,2.54
2019-04-26,113.94999694824219,114.58000183105469,113.5999984741211,114.47000122070312,94.2274169921875,7889300.0,12.729999542236328,2.51
2019-04-29,114.5999984741211,117.16000366210938,114.44999694824219,116.12000274658203,95.58566284179688,14242200.0,13.109999656677246,2.54
2019-04-30,116.43000030517578,116.72000122070312,115.26000213623047,116.05000305175781,95.52803039550781,11389100.0,13.119999885559082,2.51
2019-05-01,115.72000122070312,117.0,115.11000061035156,115.16000366210938,94.7954330444336,10412900.0,14.800000190734863,2.52
2019-05-02,115.16999816894531,115.77999877929688,114.58000183105469,115.41000366210938,95.00121307373047,8613300.0,14.420000076293945,2.55
2019-05-03,116.0,116.68000030517578,115.66999816894531,116.12000274658203,95.58566284179688,8185400.0,12.869999885559082,2.54
2019-05-06,114.18000030517578,115.47000122070312,113.72000122070312,115.08999633789062,94.73779296875,9387000.0,15.4399995803833,2.51
2019-05-07,114.02999877929688,114.02999877929688,112.29000091552734,113.20999908447266,93.19024658203125,15017700.0,19.31999969482422,2.45
2019-05-08,112.66000366210938,113.66999816894531,112.45999908447266,112.61000061035156,92.69635009765625,9575800.0,19.399999618530273,2.49
2019-05-09,111.13999938964844,112.73999786376953,110.58000183105469,112.5199966430664,92.62227630615234,12205900.0,19.100000381469727,2.45
2019-05-10,111.75,112.83999633789062,110.54000091552734,112.51000213623047,92.61402893066406,13189000.0,16.040000915527344,2.47
2019-05-13,110.08000183105469,110.44999694824219,108.9800033569336,109.44999694824219,90.09516143798828,13783700.0,20.549999237060547,2.4
2019-05-14,109.55000305175781,111.72000122070312,109.5,110.31999969482422,90.8113021850586,10503600.0,18.059999465942383,2.42
2019-05-15,109.20999908447266,110.9000015258789,108.61000061035156,109.9000015258789,90.46558380126953,10142000.0,16.440000534057617,2.37
2019-05-16,110.62000274658203,112.16999816894531,110.58999633789062,111.30999755859375,91.62620544433594,9672700.0,15.289999961853027,2.4
2019-05-17,110.0,111.75,109.83000183105469,110.7699966430664,91.1817398071289,9570100.0,15.960000038146973,2.39
2019-05-20,110.58000183105469,111.80999755859375,110.37000274658203,111.3499984741211,91.6591796875,8518200.0,16.309999465942383,2.41
2019-05-21,111.44000244140625,111.91999816894531,111.22000122070312,111.7300033569336,91.97196197509766,7967900.0,14.949999809265137,2.43
2019-05-22,111.4000015258789,111.79000091552734,110.75,110.81999969482422,91.22286987304688,7918900.0,14.75,2.39
2019-05-23,109.63999938964844,109.79000091552734,107.5,108.63999938964844,89.42840576171875,14558000.0,16.920000076293945,2.31
2019-05-24,109.5199966430664,109.95999908447266,109.19000244140625,109.70999908447266,90.30916595458984,8537300.0,15.850000381469727,2.32
2019-05-28,109.19999694824219,109.83000183105469,108.44000244140625,108.5199966430664,89.32962036132812,11665500.0,17.5,2.26
2019-05-29,107.44999694824219,108.4000015258789,107.05999755859375,108.22000122070312,89.0826644897461,9966400.0,17.899999618530273,2.25
2019-05-30,108.6500015258789,109.18000030517578,106.54000091552734,107.05999755859375,88.12779998779297,10367800.0,17.299999237060547,2.22
2019-05-31,105.55999755859375,106.58999633789062,104.83999633789062,105.95999908447266,87.22232055664062,10952800.0,18.709999084472656,2.14
2019-06-03,105.80000305175781,106.86000061035156,105.30000305175781,106.45999908447266,87.63389587402344,11680700.0,18.860000610351562,2.07
2019-06-04,107.8499984741211,109.9000015258789,107.12999725341797,109.73999786376953,90.33386993408203,12858600.0,16.969999313354492,2.12
2019-06-05,109.86000061035156,110.37999725341797,108.63999938964844,110.12999725341797,90.65489959716797,8340500.0,16.09000015258789,2.12
2019-06-06,110.1500015258789,110.87000274658203,108.93000030517578,110.37000274658203,90.85248565673828,8726700.0,15.930000305175781,2.12
2019-06-07,109.69999694824219,110.0199966430664,108.95999908447266,109.16000366210938,89.8564453125,10618900.0,16.299999237060547,2.09
2019-06-10,110.75,111.20999908447266,110.22000122070312,110.33999633789062,90.8277587890625,11380600.0,15.9399995803833,2.15
2019-06-11,110.81999969482422,111.56999969482422,110.37000274658203,110.68000030517578,91.10765075683594,9847700.0,15.989999771118164,2.15
2019-06-12,110.69999694824219,110.9000015258789,108.88999938964844,109.2699966430664,89.94698333740234,9670500.0,15.90999984741211,2.13
2019-06-13,109.45999908447266,110.16000366210938,109.05000305175781,109.54000091552734,90.16925811767578,8406900.0,15.819999694824219,2.1
2019-06-14,109.56999969482422,110.30000305175781,108.62999725341797,109.81999969482422,90.39971923828125,9077400.0,15.279999732971191,2.09
2019-06-17,109.69999694824219,110.37000274658203,109.05999755859375,109.22000122070312,89.90580749511719,8128600.0,15.350000381469727,2.09
2019-06-18,109.01000213623047,111.41000366210938,108.9800033569336,110.70999908447266,91.13233947753906,11057300.0,15.149999618530273,2.06
2019-06-19,110.81999969482422,111.58999633789062,109.69999694824219,109.91000366210938,90.47382354736328,13126500.0,14.329999923706055,2.03
2019-06-20,110.87999725341797,111.08999633789062,109.02999877929688,110.19000244140625,90.70429992675781,13638000.0,14.75,2.01
2019-06-21,110.19000244140625,111.66999816894531,109.08999633789062,109.44000244140625,90.0869140625,27089500.0,15.399999618530273,2.07
2019-06-24,109.27999877929688,109.7699966430664,108.54000091552734,108.66000366210938,89.44485473632812,13039600.0,15.260000228881836,2.02
2019-06-25,108.68000030517578,108.9800033569336,107.66999816894531,107.76000213623047,88.70401000976562,18660100.0,16.280000686645508,2.0
2019-06-26,108.30000305175781,109.30999755859375,108.16000366210938,108.4800033569336,89.29669952392578,10324600.0,16.209999084472656,2.05
2019-06-27,108.83999633789062,109.55000305175781,108.44000244140625,108.83999633789062,89.59300994873047,10906600.0,15.819999694824219,2.01
2019-06-28,111.04000091552734,112.43000030517578,110.9000015258789,111.80000305175781,92.02957153320312,21634700.0,15.079999923706055,2.0
2019-07-01,113.2300033569336,114.5199966430664,113.08000183105469,113.68000030517578,93.57713317871094,12724500.0,14.0600004196167,2.03
2019-07-02,113.51000213623047,114.19999694824219,113.22000122070312,113.80000305175781,93.6759033203125,10174900.0,12.930000305175781,1.98
2019-07-03,113.33999633789062,113.87000274658203,112.26000213623047,112.81999969482422,93.52669525146484,6849400.0,12.569999694824219,1.96
2019-07-05,113.51000213623047,114.2699966430664,112.91999816894531,113.48999786376953,94.08212280273438,7929400.0,13.279999732971191,2.04
2019-07-08,112.95999908447266,113.4800033569336,112.5,112.87000274658203,93.56815338134766,6917200.0,13.960000038146973,2.05
2019-07-09,112.27999877929688,113.48999786376953,112.1500015258789,113.3499984741211,93.966064453125,8947300.0,14.09000015258789,2.07
2019-07-10,113.37000274658203,113.83000183105469,112.73999786376953,113.0199966430664,93.6925048828125,9242300.0,13.029999732971191,2.07
2019-07-11,113.37000274658203,114.36000061035156,113.12000274658203,114.0999984741211,94.58779907226562,11595200.0,12.930000305175781,2.13
2019-07-12,114.12999725341797,115.3499984741211,113.93000030517578,115.30000305175781,95.58259582519531,10783400.0,12.390000343322754,2.12
2019-07-15,115.54000091552734,115.56999969482422,113.52999877929688,113.9000015258789,94.42202758789062,12946600.0,12.680000305175781,2.09
2019-07-16,113.4800033569336,115.5,112.91999816894531,115.12000274658203,95.43336486816406,16945000.0,12.859999656677246,2.13
2019-07-17,114.43000030517578,114.94000244140625,113.7300033569336,113.98999786376953,94.49661254882812,13120900.0,13.970000267028809,2.06
2019-07-18,113.93000030517578,115.06999969482422,113.55000305175781,114.66999816894531,95.06034088134766,9397200.0,13.529999732971191,2.04
2019-07-19,114.88999938964844,115.12000274658203,113.4000015258789,113.54000091552734,94.12358856201172,10402800.0,14.449999809265137,2.05
2019-07-22,112.91000366210938,114.44999694824219,112.7699966430664,114.2699966430664,94.7287368774414,9061100.0,13.529999732971191,2.05
2019-07-23,114.87999725341797,116.44999694824219,114.81999969482422,116.36000061035156,96.46131896972656,12752200.0,12.609999656677246,2.08
2019-07-24,115.58000183105469,116.87999725341797,115.5199966430664,116.83000183105469,96.85093688964844,10011000.0,12.069999694824219,2.05
2019-07-25,116.88999938964844,117.23999786376953,115.31999969482422,115.70999908447266,95.92249298095703,10138400.0,12.739999771118164,2.08
2019-07-26,115.7699966430664,116.51000213623047,115.52999877929688,116.22000122070312,96.34528350830078,12800400.0,12.15999984741211,2.08
2019-07-29,116.45999908447266,117.18000030517578,115.79000091552734,115.8499984741211,96.03854370117188,8500400.0,12.829999923706055,2.06
2019-07-30,115.19000244140625,116.08000183105469,114.76000213623047,115.58999633789062,95.82299041748047,7121100.0,13.9399995803833,2.06
2019-07-31,116.0999984741211,116.18000030517578,114.86000061035156,116.0,96.16289520263672,13648000.0,16.1200008392334,2.02
2019-08-01,115.33000183105469,116.80000305175781,112.5999984741211,112.94000244140625,93.62617492675781,15664500.0,17.8700008392334,1.9
2019-08-02,112.4000015258789,113.43000030517578,111.4000015258789,112.93000030517578,93.61788940429688,11025500.0,17.610000610351562,1.86
2019-08-05,110.79000091552734,110.9800033569336,108.2699966430664,109.56999969482422,90.83245086669922,15855300.0,24.59000015258789,1.75
2019-08-06,110.05000305175781,110.5,108.33999633789062,110.43000030517578,91.54541778564453,10203500.0,20.170000076293945,1.73
2019-08-07,108.0,108.27999877929688,105.94000244140625,108.02999877929688,89.55583953857422,17320900.0,19.489999771118164,1.71
2019-08-08,109.05000305175781,110.08000183105469,108.72000122070312,109.86000061035156,91.07289123535156,10903300.0,16.90999984741211,1.72
2019-08-09,109.3499984741211,110.44999694824219,108.29000091552734,109.73999786376953,90.97339630126953,9980800.0,17.969999313354492,1.74
2019-08-12,108.44000244140625,108.51000213623047,107.20999908447266,107.68000030517578,89.26570892333984,9393700.0,21.09000015258789,1.65
2019-08-13,107.94999694824219,110.33000183105469,107.02999877929688,109.33999633789062,90.64180755615234,12124700.0,17.520000457763672,1.68
2019-08-14,106.30000305175781,106.91000366210938,104.44999694824219,104.80000305175781,86.87818908691406,19491800.0,22.100000381469727,1.59
2019-08-15,104.81999969482422,106.37999725341797,104.33999633789062,105.19999694824219,87.20980072021484,13365600.0,21.18000030517578,1.52
2019-08-16,106.37000274658203,107.9800033569336,105.87000274658203,107.72000122070312,89.298828125,11830600.0,18.469999313354492,1.55
2019-08-19,109.62999725341797,109.75,108.41999816894531,108.69000244140625,90.10298156738281,8265400.0,16.8799991607666,1.6
2019-08-20,107.8499984741211,108.44000244140625,107.23999786376953,107.30999755859375,88.9589614868164,8374000.0,17.5,1.55
2019-08-21,108.20999908447266,108.43000030517578,107.44999694824219,107.61000061035156,89.20765686035156,8189300.0,15.800000190734863,1.59
2019-08-22,108.37000274658203,109.2699966430664,107.93000030517578,108.72000122070312,90.1278305053711,9343400.0,16.68000030517578,1.62
2019-08-23,108.0,108.77999877929688,105.11000061035156,106.0199966430664,87.88956451416016,14762300.0,19.8700008392334,1.52
2019-08-26,106.62000274658203,106.98999786376953,106.01000213623047,106.87000274658203,88.5942153930664,8209500.0,19.31999969482422,1.54
2019-08-27,107.3499984741211,107.55999755859375,104.83999633789062,105.73999786376953,87.6574478149414,14331800.0,20.309999465942383,1.49
2019-08-28,105.08000183105469,107.20999908447266,105.04000091552734,106.80000305175781,88.53616333007812,10585500.0,19.350000381469727,1.47
2019-08-29,108.13999938964844,109.88999938964844,108.0199966430664,109.22000122070312,90.54232025146484,10002200.0,17.8799991607666,1.5
2019-08-30,109.83999633789062,110.55999755859375,109.47000122070312,109.86000061035156,91.07289123535156,10170300.0,18.979999542236328,1.5
2019-09-03,108.9800033569336,108.98999786376953,107.31999969482422,108.55999755859375,89.99518585205078,9868800.0,19.65999984741211,1.47
2019-09-04,109.44999694824219,110.22000122070312,108.55999755859375,109.87000274658203,91.0811767578125,6929200.0,17.329999923706055,1.47
2019-09-05,111.25,113.72000122070312,111.19999694824219,112.37000274658203,93.15364837646484,13224700.0,16.270000457763672,1.57
2019-09-06,112.66000366210938,112.9800033569336,111.95999908447266,112.61000061035156,93.35260009765625,7836600.0,15.0,1.55
2019-09-09,113.70999908447266,116.05999755859375,113.5999984741211,115.4000015258789,95.66548156738281,13985100.0,15.270000457763672,1.63
2019-09-10,116.30000305175781,117.2699966430664,115.7300033569336,116.87000274658203,96.88410186767578,14333100.0,15.199999809265137,1.72
2019-09-11,116.88999938964844,117.19999694824219,115.37999725341797,117.19000244140625,97.14939880371094,9919200.0,14.609999656677246,1.75
2019-09-12,116.55000305175781,118.47000122070312,115.91999816894531,117.91000366210938,97.74626159667969,12283500.0,14.220000267028809,1.79
2019-09-13,119.0,120.4000015258789,118.75,120.2300033569336,99.66951751708984,16257200.0,13.739999771118164,1.9
2019-09-16,118.9000015258789,119.87000274658203,118.37999725341797,119.16000366210938,98.78247833251953,11993900.0,14.670000076293945,1.84
2019-09-17,118.41999816894531,118.61000061035156,117.23999786376953,118.56999969482422,98.29339599609375,10735400.0,14.4399995803833,1.81
2019-09-18,118.31999969482422,120.08000183105469,117.75,119.76000213623047,99.27989196777344,10665600.0,13.949999809265137,1.8
2019-09-19,119.69999694824219,120.33999633789062,119.08999633789062,119.37999725341797,98.96485900878906,9382600.0,14.050000190734863,1.79
2019-09-20,119.73999786376953,120.33999633789062,118.87000274658203,118.9000015258789,98.56695556640625,21862800.0,15.319999694824219,1.74
2019-09-23,117.77999877929688,119.12000274658203,117.68000030517578,118.87999725341797,98.55037689208984,9135100.0,14.90999984741211,1.72
2019-09-24,118.75,119.26000213623047,117.04000091552734,117.33000183105469,97.26543426513672,11696500.0,17.049999237060547,1.64
2019-09-25,117.2699966430664,118.36000061035156,117.12000274658203,118.0,97.82087707519531,9389400.0,15.960000038146973,1.73
2019-09-26,117.87999725341797,118.05000305175781,116.94999694824219,117.02999877929688,97.01673889160156,9899200.0,16.06999969482422,1.7
2019-09-27,117.95999908447266,118.63999938964844,117.27999877929688,117.72000122070312,97.58875274658203,10207800.0,17.219999313354492,1.69
2019-09-30,118.36000061035156,118.7699966430664,117.22000122070312,117.69000244140625,97.56388092041016,9755000.0,16.239999771118164,1.68
2019-10-01,118.4000015258789,119.0,115.41000366210938,115.55000305175781,95.78984832763672,11250300.0,18.559999465942383,1.65
2019-10-02,114.80999755859375,114.9000015258789,112.93000030517578,113.25,93.88317108154297,12548700.0,20.559999465942383,1.6
2019-10-03,112.2699966430664,112.91000366210938,110.5199966430664,112.19000244140625,93.74946594238281,12735200.0,19.1200008392334,1.54
2019-10-04,112.33999633789062,114.94000244140625,112.2699966430664,114.62000274658203,95.78004455566406,9453100.0,17.040000915527344,1.52
2019-10-07,114.19000244140625,115.5,114.06999969482422,114.37000274658203,95.57113647460938,6771600.0,17.860000610351562,1.56
2019-10-08,113.05999755859375,113.05999755859375,111.66000366210938,111.81999969482422,93.44027709960938,10806300.0,20.280000686645508,1.54
2019-10-09,112.66999816894531,113.16000366210938,112.06999969482422,112.62999725341797,94.11713409423828,7273700.0,18.639999389648438,1.59
2019-10-10,113.13999938964844,115.4000015258789,113.0,114.20999908447266,95.43741607666016,10994100.0,17.56999969482422,1.67
2019-10-11,116.02999877929688,117.98999786376953,115.87000274658203,116.13999938964844,97.05020141601562,15076500.0,15.579999923706055,1.76
2019-10-14,115.8499984741211,116.87000274658203,115.66000366210938,116.44999694824219,97.30924224853516,8779000.0,14.569999694824219,1.76
2019-10-15,118.8499984741211,121.58999633789062,117.87000274658203,119.95999908447266,100.24231719970703,23379000.0,13.539999961853027,1.77
2019-10-16,119.95999908447266,120.62000274658203,119.37999725341797,119.68000030517578,100.00833892822266,11087700.0,13.680000305175781,1.75
2019-10-17,120.75,121.56999969482422,119.87999725341797,120.3499984741211,100.56822204589844,10818500.0,13.789999961853027,1.76
2019-10-18,120.0,121.0199966430664,119.86000061035156,120.55999755859375,100.7436752319336,10417400.0,14.25,1.76
2019-10-21,122.05000305175781,123.7699966430664,121.98999786376953,123.55000305175781,103.24224090576172,12714600.0,14.0,1.8
2019-10-22,123.44999694824219,125.0999984741211,123.12000274658203,124.79000091552734,104.2784194946289,12549100.0,14.460000038146973,1.78
2019-10-23,124.19999694824219,125.1500015258789,124.16999816894531,125.12000274658203,104.55416870117188,8828300.0,14.010000228881836,1.77
2019-10-24,125.29000091552734,125.66000366210938,124.06999969482422,125.02999877929688,104.47895812988281,8020500.0,13.710000038146973,1.77
2019-10-25,125.0,126.6500015258789,124.75,126.02999877929688,105.3145980834961,9055700.0,12.649999618530273,1.8
2019-10-28,126.56999969482422,127.20999908447266,126.4000015258789,126.51000213623047,105.7156982421875,9522200.0,13.109999656677246,1.85
2019-10-29,126.05999755859375,127.41999816894531,125.94000244140625,126.43000030517578,105.64885711669922,9797300.0,13.199999809265137,1.84
2019-10-30,126.05000305175781,126.26000213623047,124.91999816894531,125.7300033569336,105.06392669677734,8513700.0,12.329999923706055,1.78
2019-10-31,125.48999786376953,125.7300033569336,123.86000061035156,124.91999816894531,104.38705444335938,11589100.0,13.220000267028809,1.69
2019-11-01,126.19999694824219,127.98999786376953,126.0199966430664,127.80000305175781,106.79366302490234,11682600.0,12.300000190734863,1.73
2019-11-04,129.0800018310547,129.4199981689453,128.55999755859375,128.82000732421875,107.64602661132812,9159900.0,12.829999923706055,1.79
2019-11-05,129.38999938964844,130.3000030517578,128.83999633789062,129.10000610351562,107.87997436523438,13747600.0,13.100000381469727,1.86
2019-11-06,128.69000244140625,129.83999633789062,128.5800018310547,129.3000030517578,108.047119140625,11231100.0,12.619999885559082,1.81
2019-11-07,130.42999267578125,131.2899932861328,129.9199981689453,130.0,108.6320571899414,13528900.0,12.729999542236328,1.92
2019-11-08,129.8800048828125,130.39999389648438,129.25,130.3800048828125,108.9496078491211,9293400.0,12.069999694824219,1.94
2019-11-11,129.60000610351562,130.10000610351562,129.35000610351562,129.9199981689453,108.56520080566406,8679000.0,12.6899995803833,1.94
2019-11-12,129.6300048828125,130.6199951171875,129.00999450683594,129.16000366210938,107.93013763427734,9099000.0,12.680000305175781,1.92
2019-11-13,128.1300048828125,128.82000732421875,127.41999816894531,128.47999572753906,107.36188507080078,8023300.0,13.0,1.88
2019-11-14,127.72000122070312,128.83999633789062,127.58999633789062,128.60000610351562,107.462158203125,8483400.0,13.050000190734863,1.82
2019-11-15,129.22999572753906,129.52999877929688,128.39999389648438,129.52999877929688,108.23932647705078,10163600.0,12.050000190734863,1.84
2019-11-18,129.55999755859375,130.64999389648438,128.99000549316406,130.6199951171875,109.15013885498047,8749300.0,12.460000038146973,1.81
2019-11-19,130.99000549316406,131.25,130.17999267578125,130.5800018310547,109.11672973632812,8824500.0,12.859999656677246,1.79
2019-11-20,130.3000030517578,130.6199951171875,128.94000244140625,129.6300048828125,108.32286834716797,11782800.0,12.779999732971191,1.73
2019-11-21,130.0,130.72000122070312,129.38999938964844,129.92999267578125,108.57353973388672,7705500.0,13.130000114440918,1.77
2019-11-22,130.14999389648438,131.22000122070312,130.10000610351562,130.7899932861328,109.29219818115234,8167900.0,12.34000015258789,1.77
2019-11-25,131.25,132.07000732421875,130.8699951171875,131.49000549316406,109.87715148925781,10068500.0,11.869999885559082,1.76
2019-11-26,131.82000732421875,131.82000732421875,130.36000061035156,131.6699981689453,110.02755737304688,10490700.0,11.539999961853027,1.74
2019-11-27,132.2899932861328,132.42999267578125,131.64999389648438,132.05999755859375,110.35343933105469,6607900.0,11.75,1.77
2019-11-29,131.8699951171875,132.41000366210938,131.4499969482422,131.75999450683594,110.10276794433594,5712000.0,12.619999885559082,1.78
2019-12-02,132.30999755859375,132.74000549316406,131.35000610351562,131.47000122070312,109.86044311523438,8615600.0,14.90999984741211,1.83
2019-12-03,129.77000427246094,129.9600067138672,128.58999633789062,129.77999877929688,108.4482192993164,10361300.0,15.960000038146973,1.72
2019-12-04,130.3800048828125,132.47000122070312,129.99000549316406,132.33999633789062,110.5874252319336,10318200.0,14.800000190734863,1.77
2019-12-05,132.67999267578125,133.30999755859375,132.17999267578125,133.05999755859375,111.18909454345703,9587400.0,14.520000457763672,1.8
2019-12-06,134.69000244140625,135.77999877929688,134.64999389648438,135.0399932861328,112.84364318847656,10170600.0,13.619999885559082,1.84
2019-12-09,134.6300048828125,135.4600067138672,134.41000366210938,134.41000366210938,112.31719970703125,8498200.0,15.859999656677246,1.83
2019-12-10,133.25,134.77000427246094,132.8800048828125,134.5,112.39242553710938,7532900.0,15.680000305175781,1.85
2019-12-11,134.2899932861328,135.02000427246094,134.00999450683594,134.17999267578125,112.1249771118164,9011900.0,14.989999771118164,1.79
2019-12-12,134.49000549316406,138.47000122070312,134.2100067138672,138.02000427246094,115.33380126953125,13717400.0,13.9399995803833,1.9
2019-12-13,137.9499969482422,138.8300018310547,136.22000122070312,136.80999755859375,114.32274627685547,10592100.0,12.630000114440918,1.82
2019-12-16,138.3800048828125,138.83999633789062,137.32000732421875,137.33999633789062,114.76556396484375,11372000.0,12.140000343322754,1.89
2019-12-17,137.72999572753906,138.6699981689453,137.22999572753906,138.17999267578125,115.4675064086914,11546800.0,12.289999961853027,1.89
2019-12-18,138.14999389648438,139.02000427246094,137.72000122070312,138.0399932861328,115.35050201416016,10381500.0,12.579999923706055,1.92
2019-12-19,137.75999450683594,138.22000122070312,137.10000610351562,137.35000610351562,114.7739486694336,9350400.0,12.5,1.92
2019-12-20,138.02000427246094,138.8800048828125,136.89999389648438,137.24000549316406,114.68201446533203,29992600.0,12.510000228881836,1.92
2019-12-23,137.60000610351562,137.91000366210938,136.8800048828125,137.1999969482422,114.64860534667969,9738400.0,12.609999656677246,1.93
2019-12-24,137.3300018310547,137.6300048828125,137.05999755859375,137.5800018310547,114.96613311767578,3324300.0,12.670000076293945,1.9
2019-12-26,137.88999938964844,139.10000610351562,137.77999877929688,139.0399932861328,116.18616485595703,6770900.0,12.649999618530273,1.9
2019-12-27,139.3000030517578,139.77000427246094,138.6699981689453,139.13999938964844,116.26973724365234,7868200.0,13.430000305175781,1.88
2019-12-30,139.89999389648438,140.0800018310547,138.47000122070312,138.6300048828125,115.84355926513672,6963000.0,14.819999694824219,1.9
2019-12-31,138.50999450683594,139.47999572753906,138.2899932861328,139.39999389648438,116.4869613647461,7201600.0,13.779999732971191,1.92
2020-01-02,139.7899932861328,141.10000610351562,139.25999450683594,141.08999633789062,117.89922332763672,10803700.0,12.470000267028809,1.88
2020-01-03,137.5,139.22999572753906,137.0800018310547,138.33999633789062,116.34333801269531,10386800.0,14.020000457763672,1.8
2020-01-06,136.55999755859375,138.27000427246094,136.5,138.22999572753906,116.25084686279297,10259000.0,13.850000381469727,1.81
2020-01-07,137.27999877929688,137.86000061035156,135.82000732421875,135.8800048828125,114.2745361328125,10531300.0,13.789999961853027,1.83
2020-01-08,135.6999969482422,137.5800018310547,135.60000610351562,136.94000244140625,115.16598510742188,9695300.0,13.449999809265137,1.87
2020-01-09,138.0500030517578,138.22999572753906,137.0399932861328,137.44000244140625,115.58648681640625,9469000.0,12.539999961853027,1.85
2020-01-10,137.2100067138672,137.25,135.80999755859375,136.07000732421875,114.43431854248047,10190900.0,12.5600004196167,1.83
2020-01-13,136.19000244140625,137.1999969482422,135.75999450683594,137.1999969482422,115.3846206665039,12355200.0,12.319999694824219,1.85
2020-01-14,137.94000244140625,140.75999450683594,137.69000244140625,138.8000030517578,116.73023223876953,24906000.0,12.390000343322754,1.82
2020-01-15,137.85000610351562,138.60000610351562,136.14999389648438,136.72000122070312,114.98094940185547,16293400.0,12.420000076293945,1.79
2020-01-16,137.4499969482422,137.89999389648438,136.83999633789062,137.25,115.42666625976562,10783800.0,12.319999694824219,1.81
2020-01-17,137.5399932861328,138.2899932861328,137.32000732421875,138.1999969482422,116.22564697265625,14697700.0,12.100000381469727,1.84
2020-01-21,137.19000244140625,138.07000732421875,136.69000244140625,136.83999633789062,115.08187103271484,8474200.0,12.850000381469727,1.78
2020-01-22,137.24000549316406,137.39999389648438,136.3800048828125,136.67999267578125,114.94731140136719,7549100.0,12.90999984741211,1.77
2020-01-23,135.7100067138672,136.74000549316406,134.72000122070312,136.5399932861328,114.82958984375,9345700.0,12.979999542236328,1.74
2020-01-24,136.3699951171875,136.42999267578125,132.32000732421875,133.14999389648438,111.97858428955078,15166400.0,14.5600004196167,1.7
2020-01-27,130.27000427246094,132.94000244140625,129.7100067138672,132.02999877929688,111.03668212890625,12860500.0,18.229999542236328,1.61
2020-01-28,132.83999633789062,134.97000122070312,132.47999572753906,134.42999267578125,113.0550537109375,13062800.0,16.280000686645508,1.65
2020-01-29,134.80999755859375,135.5399932861328,133.69000244140625,134.22999572753906,112.8868637084961,9326000.0,16.389999389648438,1.6
2020-01-30,132.69000244140625,136.1300048828125,132.69000244140625,135.88999938964844,114.28294372558594,9048900.0,15.489999771118164,1.57
2020-01-31,134.49000549316406,134.8300018310547,131.47000122070312,132.36000061035156,111.3142318725586,12785200.0,18.84000015258789,1.51
2020-02-03,132.66000366210938,134.24000549316406,132.66000366210938,133.3699951171875,112.16361999511719,10021100.0,17.969999313354492,1.54
2020-02-04,135.5500030517578,136.60000610351562,135.0800018310547,135.2899932861328,113.77830505371094,9157100.0,16.049999237060547,1.61
2020-02-05,136.57000732421875,137.72999572753906,136.00999450683594,137.58999633789062,115.71260070800781,10150700.0,15.149999618530273,1.66
2020-02-06,138.24000549316406,138.2899932861328,137.11000061035156,137.61000061035156,115.72942352294922,8992300.0,14.960000038146973,1.65
2020-02-07,136.72999572753906,137.6699981689453,136.3000030517578,137.1699981689453,115.3593978881836,6379800.0,15.470000267028809,1.59
2020-02-10,136.9499969482422,137.85000610351562,136.75,137.74000549316406,115.83878326416016,5960700.0,15.039999961853027,1.56
2020-02-11,138.25999450683594,138.82000732421875,137.77999877929688,138.0,116.05742645263672,6578600.0,15.180000305175781,1.59
2020-02-12,138.60000610351562,139.2899932861328,137.8000030517578,138.0,116.05742645263672,7958000.0,13.739999771118164,1.62
2020-02-13,137.75,138.33999633789062,136.39999389648438,137.8800048828125,115.95648956298828,7447500.0,14.149999618530273,1.61
2020-02-14,137.83999633789062,138.19000244140625,136.94000244140625,137.4600067138672,115.6032943725586,6627600.0,13.680000305175781,1.59
2020-02-18,137.33999633789062,137.7100067138672,135.0500030517578,135.63999938964844,114.07266235351562,8996400.0,14.829999923706055,1.55
2020-02-19,136.91000366210938,138.38999938964844,136.33999633789062,137.49000549316406,115.62849426269531,7071200.0,14.380000114440918,1.56
2020-02-20,137.1699981689453,138.36000061035156,136.52999877929688,137.49000549316406,115.62849426269531,7422800.0,15.5600004196167,1.52
2020-02-21,136.5500030517578,136.9199981689453,134.9199981689453,135.80999755859375,114.21564483642578,9772800.0,17.079999923706055,1.46
2020-02-24,131.44000244140625,133.1999969482422,130.8000030517578,132.16000366210938,111.14600372314453,13618400.0,25.030000686645508,1.38
2020-02-25,131.0,132.22999572753906,125.58999633789062,126.26000213623047,106.18412780761719,20797200.0,27.850000381469727,1.33
2020-02-26,126.93000030517578,128.9499969482422,126.33999633789062,126.63999938964844,106.50371551513672,24825600.0,27.559999465942383,1.33
2020-02-27,122.91000366210938,125.62000274658203,121.30000305175781,121.37000274658203,102.0716552734375,23005500.0,39.15999984741211,1.3
2020-02-28,117.5199966430664,118.48999786376953,112.66000366210938,116.11000061035156,97.64801788330078,45931400.0,40.11000061035156,1.13
2020-03-02,116.62999725341797,121.58000183105469,114.45999908447266,121.5199966430664,102.19781494140625,27355400.0,33.41999816894531,1.1
2020-03-03,120.97000122070312,122.94999694824219,116.23999786376953,116.95999908447266,98.36284637451172,32547700.0,36.81999969482422,1.02
2020-03-04,118.33000183105469,120.19000244140625,114.69999694824219,119.8499984741211,100.79336547851562,25795900.0,31.989999771118164,1.02
2020-03-05,115.66999816894531,116.43000030517578,112.58000183105469,113.97000122070312,95.84829711914062,25025600.0,39.619998931884766,0.92
2020-03-06,106.26000213623047,110.31999969482422,105.0199966430664,108.08000183105469,90.89482879638672,38159400.0,41.939998626708984,0.74
2020-03-09,96.56999969482422,99.2300033569336,93.0,93.44000244140625,78.58267211914062,40352000.0,54.459999084472656,0.54
2020-03-10,99.0,101.27999877929688,94.58000183105469,100.69999694824219,84.68827819824219,31102700.0,47.29999923706055,0.76
2020-03-11,97.69999694824219,100.05000305175781,94.55000305175781,95.95999908447266,80.70195770263672,38127000.0,53.900001525878906,0.82
2020-03-12,89.58999633789062,96.95999908447266,86.31999969482422,88.05000305175781,74.0496826171875,49725200.0,75.47000122070312,0.88
2020-03-13,95.98999786376953,103.98999786376953,92.0,103.91000366210938,87.38787078857422,38543300.0,57.83000183105469,0.94
2020-03-16,85.19999694824219,93.9800033569336,84.55000305175781,88.36000061035156,74.31038665771484,38589700.0,82.69000244140625,0.73
2020-03-17,90.88999938964844,97.44000244140625,87.5,93.76000213623047,78.85176086425781,35239800.0,75.91000366210938,1.02
2020-03-18,87.66999816894531,90.79000091552734,80.36000061035156,83.88999938964844,70.55113983154297,41525600.0,76.44999694824219,1.18
2020-03-19,81.55999755859375,88.11000061035156,76.91000366210938,85.30000305175781,71.73694610595703,32175100.0,72.0,1.12
2020-03-20,86.30000305175781,89.45999908447266,82.4800033569336,83.5,70.22315979003906,30150800.0,66.04000091552734,0.92
2020-03-23,82.68000030517578,83.75,78.08999633789062,79.02999877929688,66.46391296386719,32536600.0,61.59000015258789,0.76
2020-03-24,84.9000015258789,90.0999984741211,82.9000015258789,88.43000030517578,74.3692626953125,34363200.0,61.66999816894531,0.84
2020-03-25,89.23999786376953,95.1500015258789,84.54000091552734,91.7300033569336,77.14454650878906,38111700.0,63.95000076293945,0.88
2020-03-26,94.08000183105469,98.56999969482422,93.54000091552734,98.12000274658203,82.51851654052734,29826300.0,61.0,0.83
2020-03-27,93.19000244140625,94.83999633789062,90.55000305175781,91.12999725341797,76.63995361328125,30041500.0,65.54000091552734,0.72
2020-03-30,90.6500015258789,94.08999633789062,89.30000305175781,93.5,78.63309478759766,21656900.0,57.08000183105469,0.7
2020-03-31,92.05000305175781,94.16999816894531,89.33999633789062,90.02999877929688,75.71482849121094,23379300.0,53.540000915527344,0.7
2020-04-01,85.0999984741211,86.55999755859375,83.25,84.36000061035156,70.94641876220703,28029600.0,57.060001373291016,0.62
2020-04-02,83.51000213623047,87.91000366210938,82.95999908447266,87.51000213623047,73.59555053710938,24018000.0,50.90999984741211,0.63
2020-04-03,86.0,87.4800033569336,82.7699966430664,84.05000305175781,71.42022705078125,21199400.0,46.79999923706055,0.62
2020-04-06,88.98999786376953,90.98999786376953,87.69999694824219,89.45999908447266,76.01728820800781,26820800.0,45.2400016784668,0.67
2020-04-07,94.44999694824219,94.5,90.37999725341797,90.63999938964844,77.01997375488281,22563800.0,46.70000076293945,0.75
2020-04-08,92.0999984741211,94.86000061035156,90.55000305175781,94.30000305175781,80.1300048828125,22903300.0,43.349998474121094,0.77
2020-04-09,96.91999816894531,104.38999938964844,96.88999938964844,102.76000213623047,87.31875610351562,42055900.0,41.66999816894531,0.73
2020-04-13,103.11000061035156,103.11000061035156,97.30000305175781,98.19000244140625,83.43548583984375,26911900.0,41.16999816894531,0.76
2020-04-14,101.0199966430664,102.0,93.63999938964844,95.5,81.14971160888672,46151300.0,37.7599983215332,0.76
2020-04-15,91.1500015258789,92.02999877929688,90.12999725341797,90.79000091552734,77.14743041992188,30118600.0,40.84000015258789,0.63
2020-04-16,90.2300033569336,90.56999969482422,87.05000305175781,87.33000183105469,74.20733642578125,32449600.0,40.11000061035156,0.61
2020-04-17,92.0,95.69999694824219,90.95999908447266,95.18000030517578,80.87776947021484,30191900.0,38.150001525878906,0.65
2020-04-20,92.47000122070312,94.70999908447266,90.45999908447266,91.70999908447266,77.92919158935547,23679400.0,43.83000183105469,0.63
2020-04-21,88.62000274658203,91.37999725341797,88.33000183105469,89.05000305175781,75.66889190673828,23035000.0,45.40999984741211,0.58
2020-04-22,90.69000244140625,91.87000274658203,89.18000030517578,89.33999633789062,75.91529083251953,16662400.0,41.97999954223633,0.63
2020-04-23,89.73999786376953,91.27999877929688,89.26000213623047,89.38999938964844,75.95780944824219,16638800.0,41.380001068115234,0.61
2020-04-24,90.63999938964844,91.0999984741211,88.48999786376953,90.70999908447266,77.07945251464844,15809200.0,35.93000030517578,0.6
2020-04-27,91.94000244140625,95.62999725341797,91.54000091552734,94.62000274658203,80.40191650390625,22870200.0,33.290000915527344,0.67
2020-04-28,97.80999755859375,98.36000061035156,95.02999877929688,95.29000091552734,80.97124481201172,20238900.0,33.56999969482422,0.62
2020-04-29,99.08000183105469,99.44999694824219,97.2699966430664,97.86000061035156,83.15508270263672,20462600.0,31.229999542236328,0.63
2020-04-30,95.5999984741211,96.83999633789062,94.55000305175781,95.76000213623047,81.37061309814453,19127600.0,34.150001525878906,0.64
2020-05-01,93.5,93.73999786376953,91.83999633789062,93.25,79.23777770996094,18547700.0,37.189998626708984,0.64
2020-05-04,92.0199966430664,92.66999816894531,90.80000305175781,92.13999938964844,78.2945785522461,15725900.0,35.970001220703125,0.64
2020-05-05,93.6500015258789,94.20999908447266,91.9000015258789,92.0,78.17561340332031,18064100.0,33.61000061035156,0.66
2020-05-06,92.16000366210938,92.76000213623047,89.93000030517578,90.2699966430664,76.70556640625,20978000.0,34.119998931884766,0.72
2020-05-07,91.33999633789062,92.91000366210938,90.58000183105469,91.20999908447266,77.50433349609375,16771900.0,31.440000534057617,0.63
2020-05-08,92.80000305175781,94.08000183105469,92.11000061035156,92.69999694824219,78.77043914794922,20487800.0,27.979999542236328,0.69
2020-05-11,91.11000061035156,91.11000061035156,89.33000183105469,89.97000122070312,76.45063781738281,31907600.0,27.56999969482422,0.73
2020-05-12,90.1500015258789,90.79000091552734,86.9000015258789,87.02999877929688,73.95243835449219,27962900.0,33.040000915527344,0.69
2020-05-13,86.37999725341797,86.86000061035156,83.4000015258789,84.02999877929688,71.40324401855469,35451600.0,35.279998779296875,0.64
2020-05-14,82.72000122070312,88.11000061035156,82.4000015258789,87.5199966430664,74.36880493164062,35152500.0,32.61000061035156,0.63
2020-05-15,86.8499984741211,87.27999877929688,85.30000305175781,85.9000015258789,72.99222564697266,26099000.0,31.889999389648438,0.64
2020-05-18,88.69000244140625,91.1500015258789,87.87999725341797,90.44999694824219,76.85850524902344,30504400.0,29.299999237060547,0.73
2020-05-19,90.05000305175781,91.19999694824219,88.58999633789062,88.66999816894531,75.34600067138672,19597300.0,30.530000686645508,0.7
2020-05-20,90.70999908447266,92.38999938964844,90.37000274658203,91.33000183105469,77.60628509521484,20552400.0,27.989999771118164,0.68
2020-05-21,90.2699966430664,91.76000213623047,89.66999816894531,90.16999816894531,76.62059783935547,14621400.0,29.530000686645508,0.68
2020-05-22,90.01000213623047,90.36000061035156,88.72000122070312,89.47000122070312,76.02578735351562,13557900.0,28.15999984741211,0.66
2020-05-26,92.88999938964844,97.5,92.61000061035156,95.81999969482422,81.4216079711914,41233900.0,28.010000228881836,0.69
2020-05-27,102.06999969482422,102.58000183105469,98.80000305175781,101.37000274658203,86.13764190673828,39402000.0,27.6200008392334,0.68
2020-05-28,102.94000244140625,102.94999694824219,99.4000015258789,99.86000061035156,84.85454559326172,24713900.0,28.59000015258789,0.7
2020-05-29,98.66000366210938,99.18000030517578,96.77999877929688,97.30999755859375,82.68771362304688,26526400.0,27.510000228881836,0.65
2020-06-01,97.75,99.51000213623047,97.37999725341797,98.5999984741211,83.78388214111328,15176800.0,28.229999542236328,0.66
2020-06-02,100.27999877929688,100.41999816894531,97.93000030517578,98.93000030517578,84.06426239013672,21195000.0,26.84000015258789,0.68
2020-06-03,101.58000183105469,104.91999816894531,101.05999755859375,104.2699966430664,88.60185241699219,25941100.0,25.65999984741211,0.77
2020-06-04,103.81999969482422,106.61000061035156,102.79000091552734,106.44000244140625,90.44579315185547,26784700.0,25.809999465942383,0.82
2020-06-05,114.93000030517578,115.7699966430664,109.52999877929688,111.2300033569336,94.51602172851562,42231000.0,24.520000457763672,0.91
2020-06-08,113.41000366210938,114.19000244140625,111.94000244140625,113.44999694824219,96.40242767333984,24881800.0,25.809999465942383,0.88
2020-06-09,110.6500015258789,111.62999725341797,109.01000213623047,110.54000091552734,93.92969512939453,17031100.0,27.56999969482422,0.84
2020-06-10,110.45999908447266,110.51000213623047,105.8499984741211,106.05999755859375,90.12285614013672,24913300.0,27.56999969482422,0.75
2020-06-11,100.02999877929688,101.58000183105469,96.54000091552734,97.20999908447266,82.60271453857422,36259200.0,40.790000915527344,0.66
2020-06-12,100.70999908447266,101.12999725341797,97.33000183105469,99.87000274658203,84.86302947998047,24856800.0,36.09000015258789,0.71
2020-06-15,96.41999816894531,101.43000030517578,95.87000274658203,101.25,86.03567504882812,22153600.0,34.400001525878906,0.71
2020-06-16,105.37000274658203,105.68000030517578,99.30999755859375,102.05999755859375,86.72393798828125,22193600.0,33.66999816894531,0.75
2020-06-17,102.52999877929688,102.54000091552734,99.20999908447266,99.4800033569336,84.53163146972656,15639800.0,33.470001220703125,0.74
2020-06-18,98.66999816894531,100.5199966430664,98.12999725341797,98.94000244140625,84.07279205322266,16591900.0,32.939998626708984,0.71
2020-06-19,100.52999877929688,100.5999984741211,96.7300033569336,97.80999755859375,83.11256408691406,40371200.0,35.119998931884766,0.7
2020-06-22,97.25,97.94999694824219,96.54000091552734,96.75,82.21186065673828,16216900.0,31.770000457763672,0.71
2020-06-23,98.97000122070312,99.97000122070312,97.8499984741211,97.93000030517578,83.21454620361328,15381400.0,31.3700008392334,0.72
2020-06-24,96.75,96.83999633789062,94.30999755859375,94.66000366210938,80.43592071533203,22919800.0,33.84000015258789,0.69
2020-06-25,94.3499984741211,98.20999908447266,94.26000213623047,97.95999908447266,83.24005889892578,25743600.0,32.220001220703125,0.68
2020-06-26,95.11000061035156,95.37000274658203,92.0,92.58999633789062,78.67694854736328,41896300.0,34.72999954223633,0.64
2020-06-29,93.4000015258789,94.48999786376953,92.18000030517578,93.0,79.02535247802734,18499700.0,31.780000686645508,0.64
2020-06-30,92.83000183105469,94.66000366210938,92.56999969482422,94.05999755859375,79.92604064941406,19137000.0,30.43000030517578,0.66
2020-07-01,94.88999938964844,95.70999908447266,93.02999877929688,93.26000213623047,79.24628448486328,18755700.0,28.6200008392334,0.69
2020-07-02,94.73999786376953,94.95999908447266,91.93000030517578,92.66000366210938,79.50367736816406,27845600.0,27.68000030517578,0.68
2020-07-06,94.43000030517578,95.19999694824219,93.4800033569336,95.0,81.51144409179688,18625300.0,27.940000534057617,0.69
2020-07-07,93.81999969482422,94.0999984741211,92.0,92.31999969482422,79.21195220947266,25757200.0,29.43000030517578,0.65
2020-07-08,92.29000091552734,93.33999633789062,91.80000305175781,93.30000305175781,80.05281829833984,18762200.0,28.079999923706055,0.67
2020-07-09,93.5199966430664,94.12000274658203,90.77999877929688,91.27999877929688,78.31961822509766,25600800.0,29.260000228881836,0.62
2020-07-10,92.0,96.83999633789062,91.87000274658203,96.2699966430664,82.60110473632812,28954200.0,27.290000915527344,0.65
2020-07-13,98.7300033569336,99.2699966430664,96.2300033569336,97.6500015258789,83.78519439697266,32079200.0,32.189998626708984,0.64
2020-07-14,98.37000274658203,99.94999694824219,96.63999938964844,98.20999908447266,84.26566314697266,42731700.0,29.520000457763672,0.63
2020-07-15,100.88999938964844,101.29000091552734,98.6500015258789,99.7300033569336,85.56986999511719,22508400.0,27.760000228881836,0.64
2020-07-16,98.77999877929688,101.22000122070312,98.55000305175781,100.01000213623047,85.8100814819336,16886900.0,28.0,0.62
2020-07-17,100.0,100.08000183105469,98.13999938964844,98.16000366210938,84.22278594970703,16137700.0,25.68000030517578,0.64
2020-07-20,97.43000030517578,98.38999938964844,97.26000213623047,97.30000305175781,83.48487854003906,14458100.0,24.459999084472656,0.62
2020-07-21,97.70999908447266,100.05000305175781,97.63999938964844,99.41000366210938,85.2952880859375,17798100.0,24.84000015258789,0.61
2020-07-22,99.6500015258789,100.12999725341797,97.52999877929688,98.69000244140625,84.67750549316406,14271200.0,24.31999969482422,0.6
2020-07-23,98.5,99.3499984741211,97.97000122070312,98.9800033569336,84.92636108398438,12870200.0,26.079999923706055,0.59
2020-07-24,99.5999984741211,99.80000305175781,97.94000244140625,98.27999877929688,84.32571411132812,12744200.0,25.84000015258789,0.59
2020-07-27,97.51000213623047,97.62999725341797,96.16999816894531,96.9000015258789,83.14167022705078,11959100.0,24.739999771118164,0.62
2020-07-28,96.5,97.88999938964844,96.5,97.31999969482422,83.50203704833984,11754300.0,25.440000534057617,0.59
2020-07-29,97.06999969482422,99.70999908447266,97.0,99.68000030517578,85.5269546508789,12743500.0,24.100000381469727,0.58
2020-07-30,97.54000091552734,97.73999786376953,96.05000305175781,97.0199966430664,83.24462890625,14834800.0,24.760000228881836,0.55
2020-07-31,96.4800033569336,96.93000030517578,95.25,96.63999938964844,82.91859436035156,14535000.0,24.459999084472656,0.55
2020-08-03,97.0199966430664,97.56999969482422,95.8499984741211,96.0999984741211,82.45526123046875,12962800.0,24.280000686645508,0.56
2020-08-04,95.91000366210938,95.94999694824219,95.02999877929688,95.55000305175781,81.98334503173828,13366200.0,23.760000228881836,0.52
2020-08-05,95.87000274658203,98.47000122070312,95.72000122070312,97.20999908447266,83.40765380859375,15260900.0,22.989999771118164,0.55
2020-08-06,97.58000183105469,98.0999984741211,96.54000091552734,97.23999786376953,83.43340301513672,10482100.0,22.649999618530273,0.55
2020-08-07,96.93000030517578,99.48999786376953,96.55999755859375,99.37999725341797,85.26954650878906,14743700.0,22.209999084472656,0.57
2020-08-10,100.11000061035156,102.04000091552734,100.02999877929688,100.63999938964844,86.35066223144531,14989900.0,22.1299991607666,0.59
2020-08-11,103.86000061035156,106.16000366210938,103.51000213623047,103.81999969482422,89.07914733886719,31518600.0,24.030000686645508,0.64
2020-08-12,106.16000366210938,106.43000030517578,101.70999908447266,102.94000244140625,88.32408905029297,19240800.0,22.280000686645508,0.69
2020-08-13,102.0,103.36000061035156,101.63999938964844,102.37000274658203,87.83501434326172,13598600.0,22.1299991607666,0.71
2020-08-14,101.5,103.30999755859375,101.41999816894531,102.41000366210938,87.86934661865234,12134400.0,22.049999237060547,0.71
2020-08-17,101.5,102.0,99.52999877929688,99.70999908447266,85.55267333984375,14988000.0,21.350000381469727,0.69
2020-08-18,99.91000366210938,99.91000366210938,98.12000274658203,98.31999969482422,84.36006164550781,13246500.0,21.510000228881836,0.67
2020-08-19,98.91999816894531,100.58999633789062,98.33999633789062,98.55000305175781,84.55738830566406,13533000.0,22.540000915527344,0.68
2020-08-20,97.26000213623047,98.02999877929688,96.80000305175781,97.37000274658203,83.54495239257812,13672600.0,22.719999313354492,0.65
2020-08-21,97.2699966430664,98.56999969482422,96.94000244140625,97.31999969482422,83.50203704833984,12228300.0,22.540000915527344,0.64
2020-08-24,98.44999694824219,100.20999908447266,97.41999816894531,100.05999755859375,85.85298919677734,17898300.0,22.3700008392334,0.65
2020-08-25,101.2699966430664,101.9800033569336,99.80000305175781,100.5,86.23052978515625,13648900.0,22.030000686645508,0.69
2020-08-26,99.94000244140625,100.2699966430664,99.05000305175781,99.08999633789062,85.0207290649414,12052400.0,23.270000457763672,0.69
2020-08-27,99.0,102.6500015258789,99.0,102.3499984741211,87.8178482055664,22163900.0,24.469999313354492,0.74
2020-08-28,103.13999938964844,103.25,101.80999755859375,102.7699966430664,88.17822265625,13756700.0,22.959999084472656,0.74
2020-08-31,102.12000274658203,102.18000030517578,100.0199966430664,100.19000244140625,85.96453094482422,14219400.0,26.40999984741211,0.72
2020-09-01,99.55000305175781,100.87000274658203,99.04000091552734,100.13999938964844,85.92163848876953,11595600.0,26.1200008392334,0.68
2020-09-02,99.94999694824219,101.94000244140625,99.55999755859375,101.6500015258789,87.21726989746094,14475700.0,26.56999969482422,0.66
2020-09-03,103.31999969482422,104.98999786376953,100.63999938964844,101.33000183105469,86.94268035888672,23281200.0,33.599998474121094,0.63
2020-09-04,104.05000305175781,105.20999908447266,101.37000274658203,103.5199966430664,88.82174682617188,26325500.0,30.75,0.72
2020-09-08,102.9800033569336,103.56999969482422,99.4800033569336,99.91999816894531,85.73287963867188,22108600.0,31.459999084472656,0.69
2020-09-09,100.80000305175781,101.69000244140625,99.55999755859375,100.87000274658203,86.5479965209961,13434000.0,28.809999465942383,0.71
2020-09-10,101.4000015258789,102.41999816894531,99.63999938964844,99.83000183105469,85.65564727783203,15922800.0,29.709999084472656,0.68
2020-09-11,99.97000122070312,101.36000061035156,99.58999633789062,101.06999969482422,86.7196044921875,13784300.0,26.8700008392334,0.67
2020-09-14,101.51000213623047,103.45999908447266,101.37000274658203,102.47000122070312,87.92082214355469,19017400.0,25.850000381469727,0.68
2020-09-15,102.7300033569336,102.8499984741211,99.13999938964844,99.27999877929688,85.18375396728516,23683000.0,25.59000015258789,0.68
2020-09-16,99.43000030517578,101.12999725341797,98.76000213623047,99.69999694824219,85.54412078857422,19270600.0,26.040000915527344,0.69
2020-09-17,98.69999694824219,99.33999633789062,97.70999908447266,98.55999755859375,84.56596374511719,18290100.0,26.459999084472656,0.69
2020-09-18,97.88999938964844,99.48999786376953,97.44000244140625,98.3499984741211,84.38579559326172,20121600.0,25.829999923706055,0.7
2020-09-21,95.19999694824219,96.05000305175781,93.81999969482422,95.30999755859375,81.77743530273438,28378800.0,27.780000686645508,0.68
2020-09-22,94.95999908447266,95.66000366210938,93.66999816894531,94.2699966430664,80.88508605957031,19257000.0,26.860000610351562,0.68
2020-09-23,94.77999877929688,95.3499984741211,92.66000366210938,92.73999786376953,79.57231903076172,19952700.0,28.579999923706055,0.68
2020-09-24,92.31999969482422,94.30000305175781,91.37999725341797,92.66000366210938,79.50367736816406,18366500.0,28.510000228881836,0.67
2020-09-25,92.05000305175781,93.72000122070312,91.87000274658203,93.47000122070312,80.19869995117188,13293100.0,26.3799991607666,0.66
2020-09-28,95.05999755859375,96.93000030517578,94.3499984741211,96.16000366210938,82.50674438476562,20894100.0,26.190000534057617,0.67
2020-09-29,96.02999877929688,96.02999877929688,94.33000183105469,95.3499984741211,81.8117446899414,12848200.0,26.270000457763672,0.66
2020-09-30,95.3499984741211,97.19999694824219,95.26000213623047,96.2699966430664,82.60110473632812,16400600.0,26.3700008392334,0.69
2020-10-01,97.12000274658203,97.7699966430664,96.02999877929688,96.97000122070312,83.20172882080078,15778700.0,26.700000762939453,0.68
2020-10-02,95.25,98.58999633789062,95.08999633789062,97.88999938964844,83.99110412597656,15149600.0,27.6299991607666,0.7
2020-10-05,98.31999969482422,99.25,97.52999877929688,99.04000091552734,85.76637268066406,13871900.0,27.959999084472656,0.78
2020-10-06,100.06999969482422,100.86000061035156,97.51000213623047,98.0199966430664,84.88306427001953,19220400.0,29.479999542236328,0.76
2020-10-07,98.95999908447266,100.3499984741211,98.66999816894531,99.7300033569336,86.36387634277344,16358500.0,28.059999465942383,0.81
2020-10-08,100.51000213623047,101.91999816894531,99.9000015258789,101.77999877929688,88.1391372680664,15659000.0,26.360000610351562,0.78
2020-10-09,102.0,102.11000061035156,100.11000061035156,101.19999694824219,87.63687133789062,13689100.0,25.0,0.79
2020-10-12,101.0999984741211,103.0,100.8499984741211,102.44000244140625,88.71067810058594,16058000.0,25.06999969482422,0.79
2020-10-13,103.0,103.22000122070312,100.26000213623047,100.77999877929688,87.27316284179688,21697300.0,26.06999969482422,0.74
2020-10-14,101.02999877929688,101.93000030517578,100.0999984741211,100.22000122070312,86.7882080078125,15204100.0,26.399999618530273,0.73
2020-10-15,99.0999984741211,101.77999877929688,99.04000091552734,101.72000122070312,88.0871810913086,17171200.0,26.969999313354492,0.74
2020-10-16,101.41000366210938,102.33000183105469,100.72000122070312,101.51000213623047,87.90531921386719,13275000.0,27.40999984741211,0.76
2020-10-19,101.5999984741211,101.87000274658203,99.55999755859375,99.80000305175781,86.42450714111328,11725700.0,29.18000030517578,0.78
2020-10-20,100.30999755859375,101.7699966430664,100.12000274658203,100.37000274658203,86.91812133789062,11257100.0,29.350000381469727,0.81
2020-10-21,100.36000061035156,100.98999786376953,99.33000183105469,99.37000274658203,86.05216217041016,10730500.0,28.649999618530273,0.83
2020-10-22,99.31999969482422,103.23999786376953,99.30999755859375,102.87999725341797,89.09171295166016,14837200.0,28.110000610351562,0.87
2020-10-23,103.5,104.44999694824219,102.93000030517578,103.80999755859375,89.89705657958984,15087600.0,27.549999237060547,0.85
2020-10-26,102.6500015258789,102.69999694824219,100.25,101.23999786376953,87.67152404785156,12410700.0,32.459999084472656,0.81
2020-10-27,100.51000213623047,100.91999816894531,99.16000366210938,99.33000183105469,86.01750183105469,10391700.0,33.349998474121094,0.79
2020-10-28,97.5,98.30000305175781,96.06999969482422,96.54000091552734,83.6014175415039,16389500.0,40.279998779296875,0.79
2020-10-29,96.12000274658203,97.9800033569336,95.23999786376953,97.16999816894531,84.14697265625,14208800.0,37.59000015258789,0.85
2020-10-30,97.91000366210938,98.41999816894531,96.2300033569336,98.04000091552734,84.9003677368164,15194500.0,38.02000045776367,0.88
2020-11-02,99.38999938964844,100.87999725341797,97.86000061035156,100.25,86.814208984375,15011600.0,37.130001068115234,0.87
2020-11-03,103.0199966430664,104.73999786376953,102.69000244140625,103.41000366210938,89.55068969726562,17482600.0,35.54999923706055,0.9
2020-11-04,101.0,102.06999969482422,98.93000030517578,100.25,86.814208984375,18886500.0,29.56999969482422,0.78
2020-11-05,101.05999755859375,105.0999984741211,101.0,104.3499984741211,90.3647232055664,17837400.0,27.579999923706055,0.79
2020-11-06,105.02999877929688,105.0999984741211,102.38999938964844,102.95999908447266,89.16099548339844,12552800.0,24.860000610351562,0.83
2020-11-09,113.16000366210938,118.9000015258789,110.3499984741211,116.9000015258789,101.23271942138672,47792400.0,25.75,0.96
2020-11-10,117.3499984741211,117.44999694824219,114.69000244140625,116.5199966430664,100.90361785888672,20539300.0,24.799999237060547,0.98
2020-11-11,116.88999938964844,116.95999908447266,113.95999908447266,114.77999877929688,99.3968276977539,14443400.0,23.450000762939453,0.98
2020-11-12,112.52999877929688,113.95999908447266,112.05999755859375,113.37000274658203,98.17582702636719,22063000.0,25.350000381469727,0.88
2020-11-13,114.69999694824219,114.86000061035156,113.56999969482422,114.08000183105469,98.79066467285156,11847900.0,23.100000381469727,0.89
2020-11-16,117.79000091552734,118.61000061035156,115.7300033569336,117.30000305175781,101.57909393310547,19858600.0,22.450000762939453,0.91
2020-11-17,115.38999938964844,116.44000244140625,114.58000183105469,116.11000061035156,100.548583984375,14553200.0,22.709999084472656,0.87
2020-11-18,117.33999633789062,118.61000061035156,115.19999694824219,115.25,99.80384063720703,12571200.0,23.84000015258789,0.88
2020-11-19,114.18000030517578,115.81999969482422,113.55999755859375,115.55999755859375,100.07230377197266,10202500.0,23.110000610351562,0.86
2020-11-20,114.43000030517578,115.6500015258789,114.08999633789062,114.56999969482422,99.21499633789062,12718900.0,23.700000762939453,0.83
2020-11-23,116.05000305175781,118.16999816894531,115.56999969482422,117.87000274658203,102.07270812988281,13209200.0,22.65999984741211,0.86
2020-11-24,120.06999969482422,123.5,119.70999908447266,123.31999969482422,106.79228973388672,20121600.0,21.639999389648438,0.88
2020-11-25,121.37000274658203,122.37999725341797,120.47000122070312,122.02999877929688,105.67517852783203,11715600.0,21.25,0.88
2020-11-27,122.0,122.3499984741211,121.08000183105469,121.22000122070312,104.97373962402344,5983600.0,20.84000015258789,0.84
2020-11-30,120.0,120.72000122070312,117.7699966430664,117.87999725341797,102.08136749267578,14411800.0,20.56999969482422,0.84
2020-12-01,120.33999633789062,121.58000183105469,119.62999725341797,119.73999786376953,103.69209289550781,12668900.0,20.770000457763672,0.92
2020-12-02,119.69999694824219,122.30999755859375,119.2699966430664,122.04000091552734,105.68382263183594,10811300.0,21.170000076293945,0.95
2020-12-03,121.8499984741211,121.88999938964844,120.36000061035156,121.23999786376953,104.99104309082031,12904400.0,21.280000686645508,0.92
2020-12-04,122.4800033569336,123.29000091552734,121.69000244140625,122.33999633789062,105.9436264038086,13583700.0,20.790000915527344,0.97
2020-12-07,121.1500015258789,122.16999816894531,120.20999908447266,121.87999725341797,105.54527282714844,9724300.0,21.299999237060547,0.94
2020-12-08,121.04000091552734,122.33000183105469,120.76000213623047,122.0,105.6491928100586,9592100.0,20.68000030517578,0.92
2020-12-09,123.16999816894531,123.30000305175781,120.44000244140625,121.05000305175781,104.82652282714844,13073900.0,22.270000457763672,0.95
2020-12-10,119.98999786376953,120.77999877929688,119.55999755859375,120.2699966430664,104.15106201171875,13668400.0,22.520000457763672,0.92
2020-12-11,118.94000244140625,120.0199966430664,118.37000274658203,119.55999755859375,103.53620910644531,9981600.0,23.309999465942383,0.9
2020-12-14,121.33999633789062,121.41999816894531,118.11000061035156,118.30000305175781,102.445068359375,12112400.0,24.719999313354492,0.9
2020-12-15,119.29000091552734,120.9000015258789,118.62000274658203,120.31999969482422,104.19436645507812,12590200.0,22.889999389648438,0.92
2020-12-16,120.30000305175781,121.08000183105469,119.86000061035156,120.66999816894531,104.49744415283203,11169400.0,22.5,0.92
2020-12-17,121.26000213623047,121.44999694824219,119.58000183105469,119.66999816894531,103.63147735595703,11618000.0,21.93000030517578,0.94
2020-12-18,119.13999938964844,119.87999725341797,118.2699966430664,119.08000183105469,103.12052917480469,28954800.0,21.56999969482422,0.95
2020-12-21,123.16999816894531,125.0,121.08999633789062,123.55000305175781,106.991455078125,28323600.0,25.15999984741211,0.95
2020-12-22,123.38999938964844,123.5199966430664,121.61000061035156,121.66999816894531,105.36341857910156,11788200.0,24.229999542236328,0.93
2020-12-23,122.77999877929688,126.5199966430664,122.3499984741211,125.06999969482422,108.3077392578125,14973200.0,23.309999465942383,0.96
2020-12-24,125.08999633789062,125.55000305175781,123.56999969482422,124.5199966430664,107.83145904541016,4164900.0,21.530000686645508,0.94
2020-12-28,125.81999969482422,126.6500015258789,124.79000091552734,125.33999633789062,108.54154968261719,8072600.0,21.700000762939453,0.94
2020-12-29,126.19999694824219,126.27999877929688,124.88999938964844,125.01000213623047,108.25578308105469,8389200.0,23.079999923706055,0.94
2020-12-30,125.48999786376953,125.8499984741211,124.9000015258789,125.36000061035156,108.55888366699219,7398000.0,22.770000457763672,0.93
2020-12-31,125.08999633789062,127.33000183105469,124.81999969482422,127.06999969482422,110.03968811035156,8580200.0,22.75,0.93
2021-01-04,127.5,127.86000061035156,124.77999877929688,125.87000274658203,109.00051879882812,16819900.0,26.969999313354492,0.93
2021-01-05,124.98999786376953,126.30000305175781,123.7699966430664,125.6500015258789,109.59364318847656,13731200.0,25.34000015258789,0.96
2021-01-06,129.8800048828125,132.77000427246094,127.87999725341797,131.5500030517578,114.73967742919922,24909100.0,25.06999969482422,1.04
2021-01-07,135.69000244140625,138.19000244140625,134.9199981689453,135.8699951171875,118.50763702392578,21940400.0,22.3700008392334,1.08
2021-01-08,135.97000122070312,136.35000610351562,134.1199951171875,136.02000427246094,118.63850402832031,12035100.0,21.559999465942383,1.13
2021-01-11,134.5800018310547,138.1999969482422,134.11000061035156,138.0500030517578,120.40904235839844,15937900.0,24.079999923706055,1.15
2021-01-12,139.44000244140625,141.66000366210938,138.8300018310547,140.22000122070312,122.30176544189453,18033500.0,23.329999923706055,1.15
2021-01-13,138.58999633789062,140.7899932861328,138.10000610351562,140.35000610351562,122.41519165039062,14816800.0,22.209999084472656,1.1
2021-01-14,140.49000549316406,142.75,140.0,141.1699981689453,123.13036346435547,18565600.0,23.25,1.15
2021-01-15,137.42999267578125,141.64999389648438,137.00999450683594,138.63999938964844,120.92366027832031,27881000.0,24.34000015258789,1.11
2021-01-19,139.86000061035156,140.6999969482422,137.82000732421875,138.0399932861328,120.4003677368164,19843800.0,23.239999771118164,1.1
2021-01-20,137.82000732421875,138.1699981689453,135.44000244140625,135.97000122070312,118.59486389160156,16028800.0,21.579999923706055,1.1
2021-01-21,135.69000244140625,136.16000366210938,134.32000732421875,134.8300018310547,117.60054016113281,13411700.0,21.31999969482422,1.12
2021-01-22,132.69000244140625,134.39999389648438,132.1999969482422,133.7899932861328,116.69345092773438,12933200.0,21.90999984741211,1.1
2021-01-25,132.13999938964844,133.1699981689453,130.05999755859375,132.1199951171875,115.2368392944336,14212800.0,23.190000534057617,1.05
2021-01-26,132.75,133.1699981689453,131.33999633789062,131.5800018310547,114.76583862304688,11307800.0,23.020000457763672,1.05
2021-01-27,129.58999633789062,129.85000610351562,127.3499984741211,127.86000061035156,111.5212173461914,17603900.0,37.209999084472656,1.04
2021-01-28,129.89999389648438,132.1699981689453,128.99000549316406,130.11000061035156,113.48371124267578,13761800.0,30.209999084472656,1.07
2021-01-29,131.19000244140625,131.72000122070312,128.19000244140625,128.6699981689453,112.22769927978516,14808100.0,33.09000015258789,1.11
2021-02-01,129.39999389648438,130.07000732421875,128.47999572753906,129.6199951171875,113.05632019042969,11080700.0,30.239999771118164,1.09
2021-02-02,131.94000244140625,134.38999938964844,131.22000122070312,133.61000061035156,116.53646850585938,12253600.0,25.559999465942383,1.12
2021-02-03,133.64999389648438,135.75999450683594,133.50999450683594,135.13999938964844,117.87093353271484,10600800.0,22.90999984741211,1.15
2021-02-04,135.47000122070312,138.66000366210938,135.47000122070312,138.25,120.58355712890625,12419500.0,21.770000457763672,1.15
2021-02-05,139.38999938964844,139.49000549316406,137.3800048828125,137.97999572753906,120.34801483154297,10051300.0,20.8700008392334,1.19
2021-02-08,138.1999969482422,140.3000030517578,138.17999267578125,140.13999938964844,122.23201751708984,10136400.0,21.239999771118164,1.19
2021-02-09,139.42999267578125,139.97999572753906,138.5399932861328,139.5800018310547,121.74356842041016,8614800.0,21.6299991607666,1.18
2021-02-10,140.0,140.8699951171875,139.0399932861328,139.66000366210938,121.81336975097656,10323200.0,21.989999771118164,1.15
2021-02-11,139.66000366210938,140.5500030517578,138.22000122070312,139.27000427246094,121.47315216064453,9201000.0,21.25,1.16
2021-02-12,139.0500030517578,141.61000061035156,139.0,141.25,123.20018005371094,8324600.0,19.969999313354492,1.2
2021-02-16,143.5500030517578,145.32000732421875,142.39999389648438,144.64999389648438,126.16569519042969,12130600.0,21.459999084472656,1.3
2021-02-17,143.9499969482422,145.3800048828125,143.1199951171875,145.10000610351562,126.55816650390625,10810100.0,21.5,1.29
2021-02-18,144.0,145.7899932861328,143.39999389648438,145.58999633789062,126.98558044433594,10587800.0,22.489999771118164,1.29
2021-02-19,145.86000061035156,148.83999633789062,145.86000061035156,148.02000427246094,129.10504150390625,11969800.0,22.049999237060547,1.34
2021-02-22,146.8699951171875,150.19000244140625,146.7899932861328,149.41000366210938,130.31741333007812,11488400.0,23.450000762939453,1.37
2021-02-23,151.50999450683594,152.30999755859375,149.58999633789062,150.61000061035156,131.36407470703125,16234400.0,23.110000610351562,1.37
2021-02-24,150.11000061035156,153.75999450683594,150.11000061035156,153.25999450683594,133.6754150390625,15061400.0,21.34000015258789,1.38
2021-02-25,154.27000427246094,154.89999389648438,150.58999633789062,151.17999267578125,131.86123657226562,18127700.0,28.889999389648438,1.54
2021-02-26,150.3000030517578,150.8699951171875,146.50999450683594,147.1699981689453,128.3636474609375,19829200.0,27.950000762939453,1.44
2021-03-01,149.52000427246094,151.3800048828125,148.47999572753906,150.5,131.2681121826172,14845500.0,23.350000381469727,1.45
2021-03-02,150.0800018310547,151.77999877929688,149.83999633789062,150.00999450683594,130.84071350097656,14221700.0,24.100000381469727,1.42
2021-03-03,151.22999572753906,154.97999572753906,150.82000732421875,152.91000366210938,133.37017822265625,14324100.0,26.670000076293945,1.47
2021-03-04,152.61000061035156,154.3800048828125,148.6199951171875,150.55999755859375,131.3204803466797,20093900.0,28.56999969482422,1.54
2021-03-05,153.22000122070312,153.49000549316406,147.97000122070312,150.91000366210938,131.62574768066406,18465100.0,24.65999984741211,1.56
2021-03-08,152.47000122070312,155.4600067138672,150.75,152.91000366210938,133.37017822265625,17133300.0,25.469999313354492,1.59
2021-03-09,151.5,154.25,149.82000732421875,151.8300018310547,132.42816162109375,16238800.0,24.030000686645508,1.55
2021-03-10,151.91000366210938,156.16000366210938,151.50999450683594,155.1300048828125,135.3064727783203,14342200.0,22.559999465942383,1.53
2021-03-11,154.11000061035156,156.14999389648438,153.36000061035156,154.32000732421875,134.59999084472656,11771500.0,21.90999984741211,1.54
2021-03-12,156.86000061035156,157.6300048828125,155.07000732421875,156.14999389648438,136.19615173339844,12849500.0,20.690000534057617,1.64
2021-03-15,156.35000610351562,156.9199981689453,153.9600067138672,155.3699951171875,135.5158233642578,12101100.0,20.030000686645508,1.62
2021-03-16,154.08999633789062,154.60000610351562,152.19000244140625,153.50999450683594,133.89346313476562,12805600.0,19.790000915527344,1.62
2021-03-17,155.33999633789062,156.8800048828125,153.0500030517578,155.08999633789062,135.2716064453125,13952400.0,19.229999542236328,1.63
2021-03-18,157.60000610351562,161.69000244140625,157.11000061035156,157.64999389648438,137.50445556640625,21898500.0,21.579999923706055,1.71
2021-03-19,155.50999450683594,155.94000244140625,151.19000244140625,155.13999938964844,135.31520080566406,54418800.0,20.950000762939453,1.74
2021-03-22,152.8000030517578,153.97000122070312,150.61000061035156,150.97000122070312,131.6780548095703,19944800.0,18.8799991607666,1.69
2021-03-23,150.3300018310547,152.1199951171875,148.9600067138672,149.4600067138672,130.36106872558594,17076300.0,20.299999237060547,1.63
2021-03-24,150.0,153.17999267578125,149.86000061035156,150.6199951171875,131.37278747558594,13079800.0,21.200000762939453,1.62
2021-03-25,150.0,152.97000122070312,149.3300018310547,152.5500030517578,133.05616760253906,15608300.0,19.809999465942383,1.63
2021-03-26,154.3000030517578,155.4499969482422,152.5500030517578,155.08999633789062,135.2716064453125,16754400.0,18.860000610351562,1.67
2021-03-29,152.1199951171875,153.72999572753906,151.0399932861328,152.67999267578125,133.16954040527344,17570300.0,20.739999771118164,1.73
2021-03-30,154.4600067138672,155.8699951171875,153.8800048828125,154.47999572753906,134.7395477294922,13184300.0,19.610000610351562,1.73
2021-03-31,153.27999877929688,154.49000549316406,152.1199951171875,152.22999572753906,132.777099609375,16736700.0,19.399999618530273,1.74
2021-04-01,151.89999389648438,153.7899932861328,151.5500030517578,153.7100067138672,134.06796264648438,16561500.0,17.329999923706055,1.69
2021-04-05,154.39999389648438,154.94000244140625,152.60000610351562,153.6199951171875,134.77859497070312,13508000.0,17.90999984741211,1.73
2021-04-06,152.7899932861328,154.27999877929688,151.86000061035156,152.5399932861328,133.8310546875,13071600.0,18.1200008392334,1.67
2021-04-07,153.10000610351562,155.22999572753906,152.64999389648438,154.92999267578125,135.92796325683594,16903500.0,17.15999984741211,1.68
2021-04-08,154.0,155.50999450683594,152.30999755859375,155.1199951171875,136.09463500976562,12335500.0,16.950000762939453,1.64
2021-04-09,155.80999755859375,157.0399932861328,154.97000122070312,156.27999877929688,137.11236572265625,12122400.0,16.690000534057617,1.67
2021-04-12,155.5800018310547,157.25,155.57000732421875,155.9499969482422,136.82281494140625,12273400.0,16.90999984741211,1.69
2021-04-13,154.75,155.1999969482422,152.42999267578125,154.08999633789062,135.19094848632812,16113600.0,16.649999618530273,1.64
2021-04-14,151.47000122070312,153.8300018310547,150.92999267578125,151.2100067138672,132.66416931152344,19939600.0,16.989999771118164,1.64
2021-04-15,151.25,152.1999969482422,149.32000732421875,152.1699981689453,133.5064239501953,17694100.0,16.56999969482422,1.56
2021-04-16,153.8699951171875,154.50999450683594,152.69000244140625,153.3000030517578,134.49786376953125,13773400.0,16.25,1.59
2021-04-19,153.4199981689453,153.8800048828125,152.22000122070312,152.64999389648438,133.92755126953125,11900200.0,17.290000915527344,1.61
2021-04-20,151.74000549316406,151.75,148.64999389648438,149.27000427246094,130.96214294433594,13716700.0,18.68000030517578,1.58
2021-04-21,147.7899932861328,150.61000061035156,146.7899932861328,150.5399932861328,132.0763702392578,12236700.0,17.5,1.57
2021-04-22,150.22999572753906,150.3000030517578,147.25999450683594,147.3699951171875,129.29515075683594,15256100.0,18.709999084472656,1.57
2021-04-23,147.17999267578125,151.1300048828125,146.69000244140625,150.19000244140625,131.769287109375,14041900.0,17.329999923706055,1.58
2021-04-26,150.77999877929688,152.4600067138672,150.3800048828125,150.55999755859375,132.09390258789062,10799100.0,17.639999389648438,1.58
2021-04-27,150.5,151.57000732421875,150.11000061035156,151.25,132.6992950439453,12821200.0,17.559999465942383,1.63
2021-04-28,152.42999267578125,152.88999938964844,151.39999389648438,152.22999572753906,133.5590362548828,8943700.0,17.280000686645508,1.63
2021-04-29,153.5399932861328,155.27999877929688,153.1999969482422,155.19000244140625,136.15603637695312,12976900.0,17.610000610351562,1.65
2021-04-30,154.10000610351562,154.49000549316406,153.00999450683594,153.80999755859375,134.94528198242188,11705100.0,18.610000610351562,1.65
2021-05-03,154.85000610351562,155.47999572753906,153.1300048828125,153.36000061035156,134.5504913330078,11801100.0,18.309999465942383,1.63
2021-05-04,152.8699951171875,155.63999938964844,152.13999938964844,155.47999572753906,136.41046142578125,12977700.0,19.479999542236328,1.61
2021-05-05,156.0,158.27999877929688,154.6300048828125,157.52000427246094,138.20028686523438,10506700.0,19.149999618530273,1.59
2021-05-06,158.07000732421875,160.82000732421875,157.16000366210938,160.69000244140625,140.98147583007812,13542400.0,18.389999389648438,1.58
2021-05-07,157.22000122070312,161.5,157.02000427246094,161.24000549316406,141.46401977539062,14257800.0,16.690000534057617,1.6
2021-05-10,161.5,163.72999572753906,161.1199951171875,161.22000122070312,141.4464569091797,14014300.0,19.65999984741211,1.63
2021-05-11,161.0800018310547,162.38999938964844,158.0399932861328,158.5399932861328,139.0951385498047,15451700.0,21.84000015258789,1.64
2021-05-12,159.61000061035156,160.77999877929688,157.02999877929688,157.4499969482422,138.13882446289062,14381700.0,27.59000015258789,1.69
2021-05-13,158.17999267578125,162.4499969482422,157.67999267578125,161.5,141.69212341308594,15395000.0,23.1299991607666,1.66
2021-05-14,162.38999938964844,164.4499969482422,161.99000549316406,164.00999450683594,143.894287109375,10584000.0,18.809999465942383,1.63
2021-05-17,163.3699951171875,164.85000610351562,163.02999877929688,164.6699981689453,144.4733123779297,9886800.0,19.719999313354492,1.64
2021-05-18,164.67999267578125,165.5,162.24000549316406,162.35000610351562,142.43788146972656,11098100.0,21.34000015258789,1.64
2021-05-19,161.0,161.17999267578125,158.63999938964844,161.11000061035156,141.34991455078125,13278900.0,22.18000030517578,1.68
2021-05-20,160.8300018310547,161.86000061035156,159.52000427246094,160.8300018310547,141.10430908203125,10426000.0,20.670000076293945,1.63
2021-05-21,161.33999633789062,163.22000122070312,160.94000244140625,162.66000366210938,142.70986938476562,10249000.0,20.149999618530273,1.63
2021-05-24,163.36000061035156,164.22999572753906,162.1199951171875,163.5399932861328,143.48191833496094,9440300.0,18.399999618530273,1.61
2021-05-25,163.85000610351562,165.6999969482422,161.55999755859375,161.85000610351562,141.99916076660156,12609100.0,18.84000015258789,1.56
2021-05-26,163.57000732421875,163.74000549316406,161.30999755859375,161.8300018310547,141.98165893554688,13058300.0,17.360000610351562,1.58
2021-05-27,163.9499969482422,164.75,162.57000732421875,164.35000610351562,144.1925811767578,15707500.0,16.739999771118164,1.61
2021-05-28,164.67999267578125,164.94000244140625,163.25999450683594,164.24000549316406,144.0960693359375,10291300.0,16.760000228881836,1.58
2021-06-01,165.8699951171875,166.91000366210938,165.47999572753906,166.0500030517578,145.68405151367188,9445400.0,17.899999618530273,1.62
2021-06-02,167.25999450683594,167.44000244140625,165.52999877929688,166.05999755859375,145.69281005859375,10498600.0,17.479999542236328,1.59
2021-06-03,165.41000366210938,167.25,164.66000366210938,166.1699981689453,145.78936767578125,13354400.0,18.040000915527344,1.63
2021-06-04,166.2100067138672,166.6699981689453,165.02999877929688,166.44000244140625,146.02626037597656,8510800.0,16.420000076293945,1.56
2021-06-07,167.0,167.10000610351562,165.13999938964844,165.66000366210938,145.3419189453125,7267200.0,16.420000076293945,1.57
2021-06-08,164.49000549316406,165.75999450683594,163.16000366210938,165.0,144.76284790039062,10370700.0,17.06999969482422,1.53
2021-06-09,164.13999938964844,164.22000122070312,162.27999877929688,162.94000244140625,142.9554901123047,12377400.0,17.889999389648438,1.5
2021-06-10,164.36000061035156,165.24000549316406,160.30999755859375,160.39999389648438,140.72703552246094,12119400.0,16.100000381469727,1.45
2021-06-11,160.42999267578125,161.1999969482422,159.05999755859375,160.2899932861328,140.63050842285156,13683800.0,15.649999618530273,1.47
2021-06-14,160.14999389648438,160.3300018310547,156.66000366210938,157.57000732421875,138.244140625,19917900.0,16.389999389648438,1.51
2021-06-15,156.6999969482422,156.9199981689453,154.1300048828125,155.17999267578125,136.1472625732422,24485500.0,17.020000457763672,1.51
2021-06-16,154.72999572753906,157.6199951171875,153.11000061035156,156.27000427246094,137.10353088378906,25321200.0,18.149999618530273,1.57
2021-06-17,157.10000610351562,157.4600067138672,151.25,151.75999450683594,133.14674377441406,29722400.0,17.75,1.52
2021-06-18,149.3000030517578,149.6999969482422,147.55999755859375,147.9199981689453,129.77772521972656,43595700.0,20.700000762939453,1.45
2021-06-21,149.0800018310547,151.1999969482422,149.02000427246094,150.42999267578125,131.97987365722656,18664800.0,17.889999389648438,1.5
2021-06-22,150.60000610351562,150.97000122070312,148.66000366210938,150.2100067138672,131.786865234375,14251200.0,16.65999984741211,1.48
2021-06-23,150.1999969482422,152.0399932861328,150.08999633789062,151.1199951171875,132.58522033691406,12733300.0,16.31999969482422,1.5
2021-06-24,151.9199981689453,153.1199951171875,151.22000122070312,152.50999450683594,133.80474853515625,13733200.0,15.970000267028809,1.49
2021-06-25,152.58999633789062,154.5,151.6699981689453,154.0500030517578,135.15585327148438,15484900.0,15.619999885559082,1.54
2021-06-28,153.6999969482422,154.47999572753906,152.1199951171875,154.3300018310547,135.4015350341797,14125800.0,15.760000228881836,1.49
2021-06-29,155.0,156.30999755859375,153.61000061035156,154.13999938964844,135.2348175048828,14528700.0,16.020000457763672,1.49
2021-06-30,153.75,156.0800018310547,153.7100067138672,155.5399932861328,136.46310424804688,12531000.0,15.829999923706055,1.45
2021-07-01,156.25999450683594,157.13999938964844,155.4199981689453,157.0800018310547,137.81422424316406,10479400.0,15.479999542236328,1.48
2021-07-02,155.9499969482422,156.32000732421875,155.1199951171875,156.02999877929688,137.68186950683594,11424000.0,15.069999694824219,1.44
2021-07-06,155.77999877929688,155.77999877929688,152.35000610351562,153.41000366210938,135.3699188232422,15083400.0,16.440000534057617,1.37
2021-07-07,152.00999450683594,154.27999877929688,151.5500030517578,153.58999633789062,135.52880859375,12271800.0,16.200000762939453,1.33
2021-07-08,151.61000061035156,152.52999877929688,150.0399932861328,150.94000244140625,133.19041442871094,17834600.0,19.0,1.3
2021-07-09,153.0500030517578,156.14999389648438,152.5800018310547,155.77000427246094,137.4524383544922,13694500.0,16.18000030517578,1.37
2021-07-12,154.35000610351562,159.16000366210938,153.94000244140625,158.0,139.4202117919922,19940400.0,16.170000076293945,1.38
2021-07-13,156.0500030517578,157.38999938964844,153.5,155.64999389648438,137.34654235839844,22671700.0,17.1200008392334,1.42
2021-07-14,155.9499969482422,157.27999877929688,152.9499969482422,155.1199951171875,136.87887573242188,14622800.0,16.329999923706055,1.37
2021-07-15,153.89999389648438,156.52999877929688,153.6999969482422,155.4600067138672,137.1789093017578,11539300.0,17.010000228881836,1.31
2021-07-16,155.9600067138672,156.27999877929688,151.02000427246094,151.91000366210938,134.04632568359375,14002700.0,18.450000762939453,1.31
2021-07-19,148.5500030517578,149.82000732421875,145.7100067138672,146.97000122070312,129.68728637695312,22172900.0,22.5,1.19
2021-07-20,146.52000427246094,151.1199951171875,146.3300018310547,149.7100067138672,132.10501098632812,15385200.0,19.729999542236328,1.23
2021-07-21,152.0500030517578,153.64999389648438,151.36000061035156,152.86000061035156,134.88462829589844,12356700.0,17.90999984741211,1.3
2021-07-22,152.8800048828125,153.44000244140625,149.97000122070312,150.92999267578125,133.18161010742188,9913300.0,17.690000534057617,1.27
2021-07-23,151.47999572753906,152.83999633789062,150.25,150.63999938964844,132.9257049560547,9666100.0,17.200000762939453,1.3
2021-07-26,150.19000244140625,151.9600067138672,150.1699981689453,151.64999389648438,133.81690979003906,8208000.0,17.579999923706055,1.29
2021-07-27,150.39999389648438,152.49000549316406,149.8000030517578,151.4499969482422,133.64044189453125,11218700.0,19.360000610351562,1.25
2021-07-28,152.2899932861328,152.77000427246094,150.8800048828125,151.6999969482422,133.86106872558594,9217300.0,18.309999465942383,1.26
2021-07-29,153.13999938964844,153.8699951171875,151.91000366210938,153.0,135.00819396972656,9063500.0,17.700000762939453,1.28
2021-07-30,152.5800018310547,153.6699981689453,151.1999969482422,151.77999877929688,133.931640625,9805200.0,18.239999771118164,1.24
2021-08-02,152.02999877929688,154.4499969482422,151.07000732421875,151.1699981689453,133.3933563232422,10203200.0,19.459999084472656,1.2
2021-08-03,151.9499969482422,153.32000732421875,149.52000427246094,152.88999938964844,134.9110870361328,10394800.0,18.040000915527344,1.19
2021-08-04,151.25,153.3699951171875,150.91000366210938,151.24000549316406,133.4551544189453,10155000.0,17.969999313354492,1.19
2021-08-05,152.27999877929688,153.69000244140625,152.00999450683594,153.14999389648438,135.14053344726562,9151500.0,17.280000686645508,1.23
2021-08-06,155.19000244140625,157.82000732421875,155.11000061035156,157.5,138.97903442382812,13328800.0,16.149999618530273,1.31
2021-08-09,157.52000427246094,158.5500030517578,155.89999389648438,157.3300018310547,138.8290252685547,9516900.0,16.719999313354492,1.33
2021-08-10,156.74000549316406,159.97999572753906,156.30999755859375,159.25999450683594,140.53204345703125,8667000.0,16.790000915527344,1.36
2021-08-11,160.0,161.5,159.0800018310547,161.16000366210938,142.20863342285156,9156500.0,16.170000076293945,1.35
2021-08-12,161.8800048828125,162.3699951171875,160.5500030517578,161.7899932861328,142.7645263671875,8844200.0,15.59000015258789,1.36
2021-08-13,161.7899932861328,162.16000366210938,159.57000732421875,159.97999572753906,141.16737365722656,8980900.0,15.449999809265137,1.29
2021-08-16,158.94000244140625,159.02999877929688,156.77999877929688,158.92999267578125,140.24087524414062,8755800.0,16.1200008392334,1.26
2021-08-17,157.57000732421875,158.86000061035156,155.27000427246094,157.00999450683594,138.54661560058594,9347200.0,17.90999984741211,1.26
2021-08-18,156.30999755859375,158.00999450683594,155.33999633789062,155.5800018310547,137.28477478027344,8065500.0,21.56999969482422,1.27
2021-08-19,153.16000366210938,155.55999755859375,153.00999450683594,154.27999877929688,136.13766479492188,9517700.0,21.670000076293945,1.24
2021-08-20,154.35000610351562,154.89999389648438,153.16000366210938,154.72000122070312,136.52593994140625,6974100.0,18.559999465942383,1.26
2021-08-23,155.3300018310547,157.08999633789062,155.24000549316406,156.6999969482422,138.27310180664062,7934600.0,17.149999618530273,1.25
2021-08-24,157.0,158.5500030517578,156.8699951171875,157.6699981689453,139.1290283203125,7670900.0,17.219999313354492,1.29
2021-08-25,158.50999450683594,161.77999877929688,157.8000030517578,160.9199981689453,141.99685668945312,11335000.0,16.790000915527344,1.35
2021-08-26,162.25999450683594,163.8300018310547,161.14999389648438,161.75,142.72923278808594,11027500.0,18.84000015258789,1.34
2021-08-27,161.75,163.16000366210938,161.25999450683594,163.0500030517578,143.8763427734375,8780200.0,16.389999389648438,1.31
2021-08-30,163.2100067138672,163.49000549316406,159.8800048828125,160.44000244140625,141.57327270507812,7937600.0,16.190000534057617,1.29
2021-08-31,160.44000244140625,161.3699951171875,159.35000610351562,159.9499969482422,141.1409149169922,12340800.0,16.479999542236328,1.3
2021-09-01,160.22000122070312,160.75999450683594,158.97000122070312,159.72000122070312,140.93797302246094,8729900.0,16.110000610351562,1.31
2021-09-02,160.02000427246094,161.61000061035156,159.42999267578125,160.4600067138672,141.59092712402344,8813300.0,16.40999984741211,1.29
2021-09-03,160.38999938964844,160.88999938964844,159.14999389648438,159.49000549316406,140.7349853515625,7959700.0,16.40999984741211,1.33
2021-09-07,159.99000549316406,161.3800048828125,158.9600067138672,159.2100067138672,140.48793029785156,9285600.0,18.139999389648438,1.38
2021-09-08,158.88999938964844,159.5800018310547,158.0399932861328,158.5,139.8614044189453,7852700.0,17.959999084472656,1.35
2021-09-09,158.27000427246094,160.8300018310547,158.0800018310547,159.19000244140625,140.4702606201172,7904300.0,18.799999237060547,1.3
2021-09-10,160.55999755859375,160.72000122070312,157.22000122070312,157.36000061035156,138.85545349121094,8311600.0,20.950000762939453,1.35
2021-09-13,158.52999877929688,160.0500030517578,158.07000732421875,159.86000061035156,141.0614776611328,10052800.0,19.3700008392334,1.33
2021-09-14,160.4499969482422,161.33999633789062,156.25999450683594,157.07000732421875,138.59954833984375,11685600.0,19.459999084472656,1.28
2021-09-15,156.72000122070312,158.69000244140625,156.47000122070312,158.16000366210938,139.56137084960938,11691500.0,18.18000030517578,1.31
2021-09-16,159.41000366210938,160.85000610351562,157.22000122070312,158.08999633789062,139.4996337890625,10880900.0,18.690000534057617,1.34
2021-09-17,157.3800048828125,159.00999450683594,157.0,157.67999267578125,139.1378173828125,25581600.0,20.809999465942383,1.37
2021-09-20,153.88999938964844,154.55999755859375,150.49000549316406,152.9600067138672,134.9728546142578,15819900.0,25.709999084472656,1.31
2021-09-21,153.52999877929688,154.5500030517578,152.5800018310547,152.97999572753906,134.99053955078125,8999900.0,24.360000610351562,1.33
2021-09-22,155.1999969482422,157.25,155.10000610351562,155.91000366210938,137.57598876953125,11236200.0,20.8700008392334,1.32
2021-09-23,158.0,161.7100067138672,157.6699981689453,161.17999267578125,142.2262420654297,12336100.0,18.6299991607666,1.41
2021-09-24,161.44000244140625,163.58999633789062,160.82000732421875,163.0399932861328,143.86753845214844,10102400.0,17.75,1.47
2021-09-27,165.0,167.39999389648438,164.61000061035156,166.97999572753906,147.34420776367188,13220900.0,18.760000228881836,1.48
2021-09-28,167.6999969482422,169.3000030517578,165.66000366210938,166.0800018310547,146.55003356933594,13387900.0,23.25,1.54
2021-09-29,166.2100067138672,166.89999389648438,165.0399932861328,165.9499969482422,146.43536376953125,7777100.0,22.559999465942383,1.55
2021-09-30,166.9199981689453,166.99000549316406,162.7899932861328,163.69000244140625,144.44110107421875,13161200.0,23.139999389648438,1.52
2021-10-01,164.0,168.3000030517578,163.60000610351562,167.1300048828125,147.47659301757812,11285000.0,21.100000381469727,1.48
2021-10-04,166.97000122070312,170.44000244140625,165.72999572753906,166.9499969482422,147.3177490234375,14120000.0,22.959999084472656,1.49
2021-10-05,167.2100067138672,170.13999938964844,166.6699981689453,168.66000366210938,149.72348022460938,12292900.0,21.299999237060547,1.54
2021-10-06,167.99000549316406,169.10000610351562,166.0,169.02000427246094,150.04307556152344,8692600.0,21.0,1.53
2021-10-07,171.1999969482422,171.50999450683594,169.5399932861328,170.08999633789062,150.99288940429688,10195400.0,19.540000915527344,1.58
2021-10-08,170.02000427246094,171.33999633789062,169.3000030517578,170.22000122070312,151.10833740234375,8190100.0,18.770000457763672,1.61
2021-10-11,170.8000030517578,171.2899932861328,166.4600067138672,166.63999938964844,147.93026733398438,12154700.0,20.0,1.61
2021-10-12,165.75,166.69000244140625,164.77000427246094,165.36000061035156,146.7940216064453,13032600.0,19.850000381469727,1.59
2021-10-13,164.07000732421875,165.41000366210938,160.60000610351562,161.0,142.92349243164062,22753500.0,18.639999389648438,1.56
2021-10-14,161.75,164.00999450683594,160.05999755859375,163.47000122070312,145.11619567871094,15176800.0,16.860000610351562,1.52
2021-10-15,165.35000610351562,167.1699981689453,164.13999938964844,166.61000061035156,147.90362548828125,14267400.0,16.299999237060547,1.59
2021-10-18,166.47999572753906,168.61000061035156,165.91000366210938,166.5500030517578,147.8503875732422,12672900.0,16.309999465942383,1.59
2021-10-19,167.39999389648438,168.64999389648438,166.5800018310547,168.57000732421875,149.6436309814453,8053900.0,15.699999809265137,1.65
2021-10-20,168.3000030517578,170.8699951171875,167.4600067138672,170.83999633789062,151.6587371826172,8185600.0,15.489999771118164,1.65
2021-10-21,170.75999450683594,171.3300018310547,168.67999267578125,169.5,150.46914672851562,8415200.0,15.010000228881836,1.68
2021-10-22,170.02999877929688,172.08999633789062,169.6999969482422,171.77999877929688,152.4931640625,8817900.0,15.430000305175781,1.66
2021-10-25,172.7100067138672,172.9600067138672,170.47999572753906,170.94000244140625,151.7474822998047,10159200.0,15.239999771118164,1.64
2021-10-26,171.0,172.49000549316406,170.5399932861328,171.39999389648438,152.15582275390625,8015100.0,15.979999542236328,1.63
2021-10-27,170.32000732421875,170.6999969482422,167.33999633789062,167.8300018310547,148.9866485595703,9847000.0,16.979999542236328,1.54
2021-10-28,168.3000030517578,170.50999450683594,167.9600067138672,170.36000061035156,151.2325897216797,7212900.0,16.530000686645508,1.57
2021-10-29,171.17999267578125,172.24000549316406,169.38999938964844,169.88999938964844,150.8153533935547,8140100.0,16.260000228881836,1.55
2021-11-01,172.0399932861328,172.3300018310547,169.00999450683594,169.8000030517578,150.73548889160156,7435500.0,16.40999984741211,1.58
2021-11-02,169.8000030517578,171.69000244140625,168.9199981689453,170.47000122070312,151.3302459716797,7173800.0,16.030000686645508,1.56
2021-11-03,170.1300048828125,171.1300048828125,169.14999389648438,170.52999877929688,151.3834991455078,8402700.0,15.100000381469727,1.6
2021-11-04,170.0,170.1999969482422,166.49000549316406,168.2899932861328,149.39500427246094,9574200.0,15.4399995803833,1.53
2021-11-05,168.89999389648438,170.08999633789062,167.41000366210938,168.0500030517578,149.18199157714844,7975600.0,16.479999542236328,1.45
2021-11-08,169.0500030517578,170.9199981689453,168.74000549316406,169.05999755859375,150.07858276367188,6413700.0,17.219999313354492,1.51
2021-11-09,167.35000610351562,168.47000122070312,166.60000610351562,167.77999877929688,148.94227600097656,7990300.0,17.780000686645508,1.46
2021-11-10,167.4499969482422,168.9499969482422,167.08999633789062,167.6199951171875,148.80023193359375,6999200.0,18.729999542236328,1.56
2021-11-11,167.52000427246094,168.67999267578125,166.89999389648438,167.61000061035156,148.79135131835938,5815300.0,17.65999984741211,1.56
2021-11-12,167.64999389648438,167.74000549316406,165.72000122070312,166.86000061035156,148.12557983398438,8113400.0,16.290000915527344,1.58
2021-11-15,167.2100067138672,167.7899932861328,166.0,166.55999755859375,147.85923767089844,6492500.0,16.489999771118164,1.63
2021-11-16,167.05999755859375,167.07000732421875,165.1199951171875,165.36000061035156,146.7940216064453,9706100.0,16.3700008392334,1.63
2021-11-17,165.2100067138672,165.55999755859375,163.38999938964844,164.47000122070312,146.0039520263672,9909600.0,17.110000610351562,1.6
2021-11-18,164.38999938964844,164.85000610351562,162.55999755859375,163.0500030517578,144.74331665039062,8122500.0,17.59000015258789,1.59
2021-11-19,161.3000030517578,162.11000061035156,159.4499969482422,160.9199981689453,142.85250854492188,12193600.0,17.90999984741211,1.54
2021-11-22,164.16000366210938,165.97999572753906,162.99000549316406,164.35000610351562,145.8974151611328,14549900.0,19.170000076293945,1.63
2021-11-23,165.5,168.55999755859375,165.3699951171875,168.27999877929688,149.3861541748047,12354400.0,19.3799991607666,1.67
2021-11-24,168.4600067138672,169.44000244140625,166.44000244140625,166.9600067138672,148.21434020996094,9629800.0,18.579999923706055,1.64
2021-11-26,162.13999938964844,162.64999389648438,158.82000732421875,161.92999267578125,143.74908447265625,13619300.0,28.6200008392334,1.48
2021-11-29,163.30999755859375,164.77999877929688,159.82000732421875,161.22999572753906,143.12771606445312,12104400.0,22.959999084472656,1.52
2021-11-30,159.16000366210938,160.6300048828125,158.2899932861328,158.8300018310547,140.9971466064453,18922600.0,27.190000534057617,1.43
2021-12-01,161.0,163.27000427246094,157.8000030517578,157.88999938964844,140.16270446777344,12253400.0,31.1200008392334,1.43
2021-12-02,159.8300018310547,163.25,158.8000030517578,161.2100067138672,143.10992431640625,12969900.0,27.950000762939453,1.44
2021-12-03,161.5,161.8300018310547,157.19000244140625,158.2899932861328,140.51776123046875,12681800.0,30.670000076293945,1.35
2021-12-06,161.00999450683594,162.61000061035156,159.4600067138672,160.16000366210938,142.1778106689453,11186500.0,27.18000030517578,1.43
2021-12-07,161.8800048828125,163.38999938964844,161.16000366210938,162.57000732421875,144.31724548339844,9851600.0,21.889999389648438,1.48
2021-12-08,162.66000366210938,163.27000427246094,160.1699981689453,160.7100067138672,142.6660919189453,11705700.0,19.899999618530273,1.52
2021-12-09,159.64999389648438,160.92999267578125,158.64999389648438,160.4600067138672,142.4441375732422,11189600.0,21.579999923706055,1.49
2021-12-10,161.32000732421875,161.6999969482422,159.1300048828125,159.82000732421875,141.87603759765625,10405400.0,18.690000534057617,1.48
2021-12-13,159.5,159.7899932861328,157.27999877929688,157.9199981689453,140.1893310546875,12069000.0,20.309999465942383,1.42
2021-12-14,157.4499969482422,160.88999938964844,157.3000030517578,159.1300048828125,141.26351928710938,12563600.0,21.889999389648438,1.44
2021-12-15,159.85000610351562,159.85000610351562,157.35000610351562,157.94000244140625,140.2070770263672,14014200.0,19.290000915527344,1.47
2021-12-16,160.38999938964844,161.82000732421875,158.6999969482422,160.41000366210938,142.39974975585938,19542800.0,20.56999969482422,1.44
2021-12-17,159.32000732421875,159.3800048828125,155.17999267578125,156.75999450683594,139.15953063964844,28082000.0,21.56999969482422,1.41
2021-12-20,154.50999450683594,154.6999969482422,151.83999633789062,153.94000244140625,136.6561737060547,15148000.0,22.8700008392334,1.43
2021-12-21,155.41000366210938,157.17999267578125,155.08999633789062,156.08999633789062,138.56478881835938,11291300.0,21.010000228881836,1.48
2021-12-22,155.75,157.05999755859375,155.24000549316406,156.6999969482422,139.1063232421875,7273000.0,18.6299991607666,1.46
2021-12-23,157.61000061035156,159.1199951171875,157.2100067138672,157.25999450683594,139.60340881347656,8055200.0,17.959999084472656,1.5
2021-12-27,157.60000610351562,158.1999969482422,156.33999633789062,158.16000366210938,140.40237426757812,6188100.0,17.68000030517578,1.48
2021-12-28,158.1999969482422,160.14999389648438,158.0800018310547,158.63999938964844,140.8284912109375,6342300.0,17.540000915527344,1.49
2021-12-29,158.85000610351562,159.6300048828125,158.14999389648438,158.55999755859375,140.75746154785156,6398900.0,16.950000762939453,1.55
2021-12-30,159.11000061035156,160.24000549316406,158.3699951171875,158.47999572753906,140.68641662597656,6948200.0,17.329999923706055,1.52
2021-12-31,158.4499969482422,159.2899932861328,157.9600067138672,158.35000610351562,140.571044921875,5805900.0,17.219999313354492,1.52
2022-01-03,159.86000061035156,162.63999938964844,159.50999450683594,161.6999969482422,143.544921875,13120900.0,16.600000381469727,1.63
2022-01-04,164.30999755859375,168.5800018310547,164.22999572753906,167.8300018310547,148.9866485595703,20195800.0,16.90999984741211,1.66
2022-01-05,167.82000732421875,168.36000061035156,163.72999572753906,163.77999877929688,146.2628936767578,17539400.0,19.729999542236328,1.71
2022-01-06,166.91000366210938,167.3699951171875,163.8699951171875,165.52000427246094,147.8167724609375,14047500.0,19.610000610351562,1.73
2022-01-07,165.6699981689453,167.52999877929688,165.05999755859375,167.16000366210938,149.2814178466797,13913300.0,18.760000228881836,1.76
2022-01-10,169.07000732421875,169.30999755859375,165.52999877929688,167.32000732421875,149.42425537109375,12922500.0,19.399999618530273,1.78
2022-01-11,168.25999450683594,168.52000427246094,166.30999755859375,167.49000549316406,149.57608032226562,11854100.0,18.40999984741211,1.75
2022-01-12,168.4600067138672,169.58999633789062,167.17999267578125,168.44000244140625,150.42445373535156,12568000.0,17.6200008392334,1.74
2022-01-13,168.33999633789062,169.80999755859375,167.88999938964844,168.22999572753906,150.2369384765625,13623400.0,20.309999465942383,1.7
2022-01-14,160.75999450683594,161.02999877929688,156.89999389648438,157.88999938964844,141.00286865234375,40158400.0,19.190000534057617,1.78
2022-01-18,155.77999877929688,155.77999877929688,150.5399932861328,151.27000427246094,135.09091186523438,32324800.0,22.790000915527344,1.87
2022-01-19,151.57000732421875,152.22999572753906,148.5500030517578,148.92999267578125,133.00119018554688,22380000.0,23.850000381469727,1.83
2022-01-20,148.99000549316406,150.61000061035156,147.36000061035156,147.66000366210938,131.8669891357422,14860800.0,25.59000015258789,1.83
2022-01-21,147.5,147.50999450683594,144.27000427246094,145.0800018310547,129.56295776367188,20705400.0,28.850000381469727,1.75
2022-01-24,142.27999877929688,145.47999572753906,139.57000732421875,144.9499969482422,129.4468231201172,28471400.0,29.899999618530273,1.75
2022-01-25,143.64999389648438,146.85000610351562,140.7899932861328,146.52999877929688,130.8578643798828,18915900.0,31.15999984741211,1.78
2022-01-26,148.72000122070312,150.57000732421875,145.9600067138672,147.9199981689453,132.09921264648438,20709100.0,31.959999084472656,1.85
2022-01-27,149.4199981689453,150.3800048828125,144.1300048828125,145.30999755859375,129.76832580566406,17536800.0,30.489999771118164,1.81
2022-01-28,144.19000244140625,146.75999450683594,142.1699981689453,146.61000061035156,130.92930603027344,14117000.0,27.65999984741211,1.78
2022-01-31,145.63999938964844,148.7899932861328,144.6699981689453,148.60000610351562,132.70643615722656,13985700.0,24.829999923706055,1.79
2022-02-01,148.69000244140625,151.47000122070312,148.3000030517578,151.14999389648438,134.9837188720703,14584900.0,21.959999084472656,1.81
2022-02-02,150.5,150.94000244140625,148.07000732421875,149.94000244140625,133.90313720703125,12441100.0,22.09000015258789,1.78
2022-02-03,150.0,151.64999389648438,148.2899932861328,148.6999969482422,132.79576110839844,12474900.0,24.350000381469727,1.82
2022-02-04,149.10000610351562,153.5,148.77000427246094,152.55999755859375,136.242919921875,16654400.0,23.219999313354492,1.93
2022-02-07,153.27000427246094,153.6199951171875,150.85000610351562,153.07000732421875,136.69837951660156,12572300.0,22.860000610351562,1.92
2022-02-08,155.0,158.47999572753906,154.8000030517578,155.9499969482422,139.27032470703125,20411400.0,21.440000534057617,1.96
2022-02-09,156.58999633789062,157.42999267578125,155.82000732421875,156.60000610351562,139.85079956054688,9131100.0,19.959999084472656,1.94
2022-02-10,156.66000366210938,159.02999877929688,155.22000122070312,155.9499969482422,139.27032470703125,16455600.0,23.90999984741211,2.03
2022-02-11,155.61000061035156,158.19000244140625,152.97000122070312,153.9199981689453,137.4574432373047,16830000.0,27.360000610351562,1.92
2022-02-14,152.72999572753906,153.67999267578125,150.32000732421875,152.49000549316406,136.18040466308594,17026500.0,28.329999923706055,1.98
2022-02-15,154.50999450683594,155.94000244140625,153.85000610351562,154.72000122070312,138.17189025878906,9500000.0,25.700000762939453,2.05
2022-02-16,153.74000549316406,156.10000610351562,153.74000549316406,155.0,138.42193603515625,9076500.0,24.290000915527344,2.03
2022-02-17,153.0,153.72999572753906,150.6699981689453,151.42999267578125,135.2337646484375,11367500.0,28.110000610351562,1.97
2022-02-18,152.1300048828125,154.13999938964844,151.1300048828125,152.13999938964844,135.86782836914062,11733300.0,27.75,1.92
2022-02-22,150.60000610351562,153.24000549316406,150.41000366210938,151.8699951171875,135.62672424316406,11333500.0,28.809999465942383,1.94
2022-02-23,153.1199951171875,153.3000030517578,147.97000122070312,148.69000244140625,132.78683471679688,11799000.0,31.020000457763672,1.99
2022-02-24,142.94000244140625,144.99000549316406,139.77999877929688,144.5500030517578,129.0896453857422,25655100.0,30.31999969482422,1.96
2022-02-25,145.25,150.1300048828125,144.91000366210938,147.97000122070312,132.1438446044922,18367700.0,27.59000015258789,1.97
2022-02-28,143.5500030517578,145.05999755859375,140.8800048828125,141.8000030517578,126.63374328613281,31315300.0,30.149999618530273,1.83
2022-03-01,140.0399932861328,140.47999572753906,133.5800018310547,136.4499969482422,121.8559799194336,36840400.0,33.31999969482422,1.72
2022-03-02,137.2899932861328,140.0399932861328,136.61000061035156,139.27999877929688,124.38327026367188,19405600.0,30.739999771118164,1.86
2022-03-03,139.83999633789062,140.97999572753906,137.05999755859375,138.2899932861328,123.49919891357422,16640800.0,30.479999542236328,1.86
2022-03-04,134.94000244140625,135.4199981689453,132.39999389648438,134.39999389648438,120.02525329589844,21016000.0,31.979999542236328,1.74
2022-03-07,132.1699981689453,132.69000244140625,128.9499969482422,129.2100067138672,115.39031982421875,27560100.0,36.45000076293945,1.78
2022-03-08,129.63999938964844,131.7899932861328,127.2699966430664,128.3000030517578,114.57764434814453,19207800.0,35.130001068115234,1.86
2022-03-09,132.89999389648438,135.24000549316406,132.44000244140625,133.44000244140625,119.16791534423828,17536200.0,32.45000076293945,1.94
2022-03-10,131.86000061035156,133.4499969482422,130.32000732421875,131.86000061035156,117.75688934326172,15604200.0,30.229999542236328,1.98
2022-03-11,132.49000549316406,134.0800018310547,128.4199981689453,128.88999938964844,115.10455322265625,20061800.0,30.75,2.0
2022-03-14,129.4600067138672,132.9199981689453,129.22999572753906,130.1699981689453,116.24762725830078,15786900.0,31.770000457763672,2.14
2022-03-15,131.8000030517578,133.5500030517578,131.1300048828125,132.47999572753906,118.31057739257812,15096600.0,29.829999923706055,2.15
2022-03-16,134.8699951171875,138.49000549316406,134.42999267578125,138.39999389648438,123.59740447998047,20354900.0,26.670000076293945,2.19
2022-03-17,136.86000061035156,140.19000244140625,135.9199981689453,140.14999389648438,125.16020202636719,17050500.0,25.670000076293945,2.2
2022-03-18,140.19000244140625,140.85000610351562,138.4600067138672,140.10000610351562,125.11559295654297,23656500.0,23.8700008392334,2.14
2022-03-21,140.35000610351562,140.75999450683594,138.72999572753906,139.64999389648438,124.71371459960938,12676100.0,23.530000686645508,2.32
2022-03-22,142.27000427246094,143.92999267578125,141.72000122070312,142.6199951171875,127.36599731445312,13548600.0,22.940000534057617,2.38
2022-03-23,140.97999572753906,141.58999633789062,139.1999969482422,139.77999877929688,124.82979583740234,12093200.0,23.56999969482422,2.32
2022-03-24,140.3000030517578,140.7100067138672,139.11000061035156,140.69000244140625,125.64249420166016,10017600.0,21.670000076293945,2.34
2022-03-25,141.08999633789062,143.17999267578125,140.8000030517578,141.9199981689453,126.74091339111328,8383500.0,20.809999465942383,2.48
2022-03-28,140.0,140.97000122070312,137.89999389648438,140.8699951171875,125.80323028564453,10818100.0,19.6299991607666,2.46
2022-03-29,143.35000610351562,143.60000610351562,140.24000549316406,141.17999267578125,126.08006286621094,11316500.0,18.899999618530273,2.41
2022-03-30,141.89999389648438,142.1199951171875,139.91000366210938,140.5399932861328,125.50852966308594,8771000.0,19.329999923706055,2.35
2022-03-31,139.8300018310547,140.35000610351562,136.25999450683594,136.32000732421875,121.73988342285156,17353900.0,20.559999465942383,2.32
2022-04-01,137.39999389648438,137.41000366210938,133.8000030517578,135.30999755859375,120.83788299560547,15721300.0,19.6299991607666,2.39
2022-04-04,134.1199951171875,136.94000244140625,132.88999938964844,135.91000366210938,121.37371826171875,17416400.0,18.56999969482422,2.42
2022-04-05,134.07000732421875,135.39999389648438,133.00999450683594,133.33999633789062,119.96125030517578,12110300.0,21.030000686645508,2.54
2022-04-06,131.5800018310547,132.55999755859375,130.9600067138672,131.49000549316406,118.29688262939453,12914700.0,22.100000381469727,2.61
2022-04-07,130.9499969482422,131.9199981689453,128.72999572753906,131.08999633789062,117.93700408935547,12994200.0,21.549999237060547,2.66
2022-04-08,131.6699981689453,133.89999389648438,131.49000549316406,133.49000549316406,120.09617614746094,13126900.0,21.15999984741211,2.72
2022-04-11,133.0,134.89999389648438,132.57000732421875,133.0,119.65534973144531,10466400.0,24.3700008392334,2.79
2022-04-12,132.13999938964844,134.5800018310547,130.6999969482422,131.5399932861328,118.34185028076172,12989900.0,24.260000228881836,2.72
2022-04-13,126.94000244140625,129.25,126.01000213623047,127.30000305175781,114.52725982666016,30838000.0,21.81999969482422,2.7
2022-04-14,126.5,128.3000030517578,125.0199966430664,126.12000274658203,113.46569061279297,18835200.0,22.700000762939453,2.83
2022-04-18,125.66999816894531,129.24000549316406,125.54000091552734,128.4600067138672,115.5708999633789,11834400.0,22.170000076293945,2.85
2022-04-19,128.4499969482422,131.32000732421875,128.22999572753906,131.1199951171875,117.96399688720703,15015400.0,21.3700008392334,2.93
2022-04-20,132.52000427246094,133.50999450683594,131.33999633789062,131.5800018310547,118.37784576416016,13430200.0,20.31999969482422,2.85
2022-04-21,132.22000122070312,132.80999755859375,129.9600067138672,130.55999755859375,117.46018981933594,12174200.0,22.68000030517578,2.9
2022-04-22,130.27999877929688,130.52000427246094,126.69000244140625,126.80999755859375,114.08643341064453,14318800.0,28.209999084472656,2.9
2022-04-25,126.01000213623047,127.12000274658203,123.11000061035156,126.7699966430664,114.05044555664062,17149000.0,27.020000457763672,2.81
2022-04-26,124.63999938964844,126.41000366210938,122.87000274658203,123.0199966430664,110.67670440673828,17209500.0,33.52000045776367,2.77
2022-04-27,122.33000183105469,123.55999755859375,121.22000122070312,121.41999816894531,109.23724365234375,17215200.0,31.600000381469727,2.82
2022-04-28,122.80999755859375,123.6500015258789,121.13999938964844,123.33999633789062,110.96459197998047,13015600.0,29.989999771118164,2.85
2022-04-29,123.05000305175781,123.61000061035156,118.9000015258789,119.36000061035156,107.3839340209961,14874800.0,33.400001525878906,2.89
2022-05-02,119.87999725341797,120.70999908447266,118.22000122070312,120.44999694824219,108.36457061767578,18545000.0,32.34000015258789,2.99
2022-05-03,121.52999877929688,124.16999816894531,120.77999877929688,123.02999877929688,110.68569946289062,15720900.0,29.25,2.97
2022-05-04,122.80000305175781,127.4000015258789,122.73999786376953,127.0999984741211,114.34733581542969,17128500.0,25.420000076293945,2.93
2022-05-05,125.25,126.0999984741211,122.16000366210938,123.91999816894531,111.48639678955078,15055400.0,31.200000762939453,3.05
2022-05-06,123.80000305175781,124.29000091552734,121.18000030517578,123.72000122070312,111.30648803710938,14417900.0,30.190000534057617,3.12
2022-05-09,122.11000061035156,123.33000183105469,120.5,121.86000061035156,109.63311004638672,14312300.0,34.75,3.05
2022-05-10,123.11000061035156,123.77999877929688,117.55999755859375,118.88999938964844,106.96111297607422,16382400.0,32.9900016784668,2.99
2022-05-11,119.30000305175781,122.88999938964844,117.94000244140625,118.13999938964844,106.2863540649414,14630300.0,32.560001373291016,2.91
2022-05-12,117.0,118.31999969482422,115.37000274658203,118.04000091552734,106.1963882446289,16318800.0,31.770000457763672,2.84
2022-05-13,119.41000366210938,120.25,117.95999908447266,119.08999633789062,107.14102935791016,10443200.0,28.8700008392334,2.93
2022-05-16,118.54000091552734,119.45999908447266,117.2300033569336,118.26000213623047,106.39432525634766,10269000.0,27.469999313354492,2.88
2022-05-17,121.04000091552734,122.97000122070312,120.80999755859375,122.18000030517578,109.92100524902344,11160200.0,26.100000381469727,2.98
2022-05-18,121.30000305175781,121.97000122070312,119.52999877929688,120.08999633789062,108.04068756103516,12664900.0,30.959999084472656,2.89
2022-05-19,118.19000244140625,119.6500015258789,117.62999725341797,118.30999755859375,106.43930053710938,12765800.0,29.350000381469727,2.84
2022-05-20,119.45999908447266,119.66999816894531,115.0199966430664,117.33999633789062,105.56661224365234,13150100.0,29.43000030517578,2.78
2022-05-23,120.45999908447266,126.56999969482422,120.44999694824219,124.5999984741211,112.09818267822266,24376700.0,28.479999542236328,2.86
2022-05-24,124.36000061035156,127.48999786376953,123.11000061035156,126.36000061035156,113.68158721923828,19324900.0,29.450000762939453,2.76
2022-05-25,126.27999877929688,127.86000061035156,125.16999816894531,127.23999786376953,114.47328186035156,12780400.0,28.3700008392334,2.75
2022-05-26,128.3699951171875,130.19000244140625,128.2100067138672,129.44000244140625,116.45255279541016,15990900.0,27.5,2.75
2022-05-27,130.16000366210938,131.27000427246094,129.13999938964844,131.27000427246094,118.09894561767578,11177800.0,25.719999313354492,2.74
2022-05-31,130.17999267578125,133.14999389648438,129.7100067138672,132.22999572753906,118.96263122558594,17015000.0,26.190000534057617,2.85
2022-06-01,132.8699951171875,132.8699951171875,128.6699981689453,129.91000366210938,116.87541961669922,10768000.0,25.690000534057617,2.94
2022-06-02,129.89999389648438,132.00999450683594,128.6699981689453,132.0,118.75572967529297,8374800.0,24.719999313354492,2.92
2022-06-03,131.2100067138672,131.77000427246094,129.99000549316406,130.16000366210938,117.10031127929688,8596000.0,24.790000915527344,2.96
2022-06-06,131.08999633789062,132.38999938964844,129.4600067138672,129.72999572753906,116.71344757080078,11323500.0,25.06999969482422,3.04
2022-06-07,128.8300018310547,130.32000732421875,128.6199951171875,130.07000732421875,117.01934814453125,6722200.0,24.020000457763672,2.98
2022-06-08,129.0,129.4499969482422,126.9000015258789,128.0,115.15704345703125,8422100.0,23.959999084472656,3.03
2022-06-09,127.37000274658203,128.10000610351562,125.2699966430664,125.30999755859375,112.7369384765625,13560100.0,26.09000015258789,3.04
2022-06-10,122.58999633789062,123.4000015258789,119.31999969482422,119.55000305175781,107.55488586425781,12945200.0,27.75,3.15
2022-06-13,116.86000061035156,117.94999694824219,115.05999755859375,115.98999786376953,104.3520736694336,16805600.0,34.02000045776367,3.43
2022-06-14,115.55000305175781,117.31999969482422,113.22000122070312,114.05999755859375,102.61572265625,13357900.0,32.689998626708984,3.49
2022-06-15,115.62000274658203,116.94999694824219,113.16999816894531,115.41000366210938,103.83028411865234,14083500.0,29.6200008392334,3.33
2022-06-16,113.86000061035156,114.26000213623047,111.87000274658203,113.43000030517578,102.0489501953125,16724900.0,32.95000076293945,3.28
2022-06-17,113.54000091552734,114.62999725341797,112.16000366210938,113.02999877929688,101.68905639648438,30919900.0,31.1299991607666,3.25
2022-06-21,115.87000274658203,117.02999877929688,115.04000091552734,115.83000183105469,104.20813751220703,11680500.0,30.190000534057617,3.31
2022-06-22,114.87999725341797,116.19999694824219,114.38999938964844,115.18000030517578,103.62335205078125,9842700.0,28.950000762939453,3.16
2022-06-23,115.01000213623047,115.18000030517578,111.4800033569336,113.91999816894531,102.48977661132812,11851500.0,29.049999237060547,3.09
2022-06-24,113.2300033569336,117.81999969482422,112.83000183105469,117.31999969482422,105.54862213134766,14841100.0,27.229999542236328,3.13
2022-06-27,118.05999755859375,118.5,115.63999938964844,116.37999725341797,104.70292663574219,11280500.0,26.950000762939453,3.2
2022-06-28,117.66999816894531,119.29000091552734,115.5999984741211,115.81999969482422,104.19912719726562,11590900.0,28.360000610351562,3.2
2022-06-29,116.0,116.81999969482422,114.7300033569336,115.30000305175781,103.7313003540039,9338400.0,28.15999984741211,3.1
2022-06-30,113.16999816894531,114.08000183105469,110.93000030517578,112.61000061035156,101.31121063232422,15172600.0,28.709999084472656,2.98
2022-07-01,112.6500015258789,114.41999816894531,111.16000366210938,114.05000305175781,102.60673522949219,10573600.0,26.700000762939453,2.88
2022-07-05,110.7699966430664,112.70999908447266,109.30000305175781,112.62000274658203,102.21644592285156,12514200.0,27.540000915527344,2.82
2022-07-06,111.7300033569336,112.98999786376953,110.79000091552734,111.88999938964844,101.55387115478516,10656200.0,26.729999542236328,2.93
2022-07-07,113.5,114.9000015258789,113.4000015258789,114.72000122070312,104.1224594116211,10347400.0,26.079999923706055,3.01
2022-07-08,115.16000366210938,115.6500015258789,113.61000061035156,114.36000061035156,103.79569244384766,8807800.0,24.639999389648438,3.09
2022-07-11,113.55000305175781,114.2300033569336,112.22000122070312,112.86000061035156,102.43427276611328,7939500.0,26.170000076293945,2.99
2022-07-12,112.58000183105469,115.18000030517578,112.26000213623047,112.97000122070312,102.53409576416016,11250900.0,27.290000915527344,2.96
2022-07-13,111.75,112.4800033569336,110.37999725341797,111.91000366210938,101.572021484375,12979900.0,26.81999969482422,2.91
2022-07-14,107.98999786376953,108.2300033569336,106.05999755859375,108.0,98.02323150634766,26204800.0,26.399999618530273,2.96
2022-07-15,109.16000366210938,113.87999725341797,107.66999816894531,112.94999694824219,102.51596069335938,18863900.0,24.229999542236328,2.93
2022-07-18,114.7699966430664,115.83999633789062,111.29000091552734,111.79000091552734,101.46311950683594,13977900.0,25.299999237060547,2.96
2022-07-19,113.12999725341797,114.94000244140625,112.66999816894531,114.55999755859375,103.97723388671875,11862300.0,24.5,3.01
2022-07-20,114.0999984741211,114.73999786376953,113.4800033569336,114.54000091552734,103.95909118652344,11667500.0,23.8799991607666,3.04
2022-07-21,114.44000244140625,115.52999877929688,113.37000274658203,115.31999969482422,104.66703033447266,11595900.0,23.110000610351562,2.91
2022-07-22,115.23999786376953,116.25,113.66999816894531,114.76000213623047,104.15876007080078,7645500.0,23.030000686645508,2.77
2022-07-25,115.83999633789062,116.45999908447266,114.7699966430664,115.22000122070312,104.57626342773438,9394000.0,23.360000610351562,2.81
2022-07-26,114.58000183105469,115.58000183105469,113.02999877929688,113.41999816894531,102.94254302978516,10675100.0,24.690000534057617,2.81
2022-07-27,114.01000213623047,115.73999786376953,113.30000305175781,115.23999786376953,104.59441375732422,9337400.0,23.239999771118164,2.78
2022-07-28,115.25,115.9800033569336,113.52999877929688,114.80999755859375,104.20413970947266,10384800.0,22.329999923706055,2.68
2022-07-29,115.58999633789062,116.5,114.79000091552734,115.36000061035156,104.70333099365234,12944500.0,21.329999923706055,2.67
2022-08-01,114.5,115.11000061035156,113.06999969482422,114.20999908447266,103.6595687866211,14740400.0,22.84000015258789,2.6
2022-08-02,113.91999816894531,114.4000015258789,112.2699966430664,112.43000030517578,102.04399871826172,14942900.0,23.93000030517578,2.75
2022-08-03,113.44999694824219,114.0999984741211,111.70999908447266,113.61000061035156,103.11499786376953,14394500.0,21.950000762939453,2.73
2022-08-04,112.8499984741211,113.31999969482422,111.0199966430664,112.36000061035156,101.98046875,18033900.0,21.440000534057617,2.68
2022-08-05,112.52999877929688,116.19000244140625,112.05000305175781,115.76000213623047,105.06639099121094,14174600.0,21.149999618530273,2.83
2022-08-08,116.25,116.69999694824219,114.18000030517578,114.3499984741211,103.78663635253906,10332500.0,21.290000915527344,2.77
2022-08-09,114.75,115.98999786376953,114.37000274658203,115.37999725341797,104.72148132324219,10233800.0,21.770000457763672,2.8
2022-08-10,117.95999908447266,119.37000274658203,117.5,118.38999938964844,107.45342254638672,12847300.0,19.739999771118164,2.78
2022-08-11,119.9000015258789,121.19999694824219,119.30999755859375,120.13999938964844,109.04177856445312,11684900.0,20.200000762939453,2.87
2022-08-12,120.66999816894531,122.25,119.44000244140625,122.12999725341797,110.84793853759766,9906700.0,19.530000686645508,2.84
2022-08-15,121.13999938964844,122.72000122070312,120.5999984741211,122.45999908447266,111.14746856689453,8456200.0,19.950000762939453,2.79
2022-08-16,122.29000091552734,124.23999786376953,121.87000274658203,123.62999725341797,112.20936584472656,9555000.0,19.690000534057617,2.82
2022-08-17,122.30000305175781,123.16000366210938,121.69000244140625,122.58999633789062,111.26543426513672,8149300.0,19.899999618530273,2.89
2022-08-18,122.23999786376953,122.47000122070312,120.55000305175781,121.63999938964844,110.4031982421875,9531800.0,19.559999465942383,2.88
2022-08-19,120.62000274658203,120.98999786376953,118.11000061035156,118.62999725341797,107.6712646484375,13464500.0,20.600000381469727,2.98
2022-08-22,116.75,117.16000366210938,115.5,116.66999816894531,105.892333984375,8967600.0,23.799999237060547,3.03
2022-08-23,116.69000244140625,117.29000091552734,115.37999725341797,115.5199966430664,104.84854888916016,7607000.0,24.110000610351562,3.05
2022-08-24,115.29000091552734,116.41000366210938,114.44999694824219,115.80000305175781,105.1026840209961,9771300.0,22.81999969482422,3.11
2022-08-25,116.16000366210938,118.73999786376953,115.68000030517578,118.55000305175781,107.59864807128906,10758900.0,21.780000686645508,3.03
2022-08-26,119.45999908447266,119.98999786376953,114.5999984741211,114.66999816894531,104.07705688476562,11276200.0,25.559999465942383,3.04
2022-08-29,114.0,114.86000061035156,113.45999908447266,114.38999938964844,103.82293701171875,8117300.0,26.209999084472656,3.12
2022-08-30,115.0,115.58000183105469,113.36000061035156,114.41000366210938,103.84110260009766,10745400.0,26.209999084472656,3.11
2022-08-31,114.4800033569336,115.02999877929688,113.33999633789062,113.7300033569336,103.22393035888672,10738300.0,25.8700008392334,3.15
2022-09-01,113.29000091552734,114.62999725341797,111.91000366210938,114.51000213623047,103.9318618774414,9979800.0,25.559999465942383,3.26
2022-09-02,115.87000274658203,117.44999694824219,113.19000244140625,113.70999908447266,103.20576477050781,10666600.0,25.469999313354492,3.2
2022-09-06,114.33000183105469,114.75,112.06999969482422,113.73999786376953,103.23298645019531,9751900.0,26.90999984741211,3.33
2022-09-07,113.12999725341797,116.11000061035156,112.76000213623047,115.9000015258789,105.19346618652344,10647900.0,24.639999389648438,3.27
2022-09-08,115.27999877929688,118.79000091552734,114.62999725341797,118.5999984741211,107.64404296875,11435000.0,23.610000610351562,3.29
2022-09-09,119.13999938964844,120.05000305175781,118.66999816894531,119.16999816894531,108.16136932373047,9299700.0,22.790000915527344,3.33
2022-09-12,120.62000274658203,121.55000305175781,119.79000091552734,120.58000183105469,109.44112396240234,8614600.0,23.8700008392334,3.37
2022-09-13,118.06999969482422,118.91999816894531,115.77999877929688,116.38999938964844,105.63816833496094,12904600.0,27.270000457763672,3.42
2022-09-14,116.69999694824219,117.83999633789062,114.87999725341797,116.12000274658203,105.39312744140625,9345700.0,26.15999984741211,3.41
2022-09-15,116.12000274658203,119.37999725341797,115.76000213623047,117.87000274658203,106.9814682006836,10821400.0,26.270000457763672,3.45
2022-09-16,117.38999938964844,117.4000015258789,115.37000274658203,117.08000183105469,106.2644271850586,14844100.0,26.299999237060547,3.45
2022-09-19,116.0,118.7300033569336,115.51000213623047,118.16000366210938,107.24467468261719,8201300.0,25.760000228881836,3.49
2022-09-20,117.41000366210938,117.69000244140625,114.63999938964844,115.83000183105469,105.12992095947266,9619000.0,27.15999984741211,3.57
2022-09-21,116.54000091552734,116.5999984741211,112.41999816894531,112.48999786376953,102.09845733642578,12606300.0,27.989999771118164,3.51
2022-09-22,113.37999725341797,113.5999984741211,111.06999969482422,111.20999908447266,100.93669891357422,11684500.0,27.350000381469727,3.7
2022-09-23,110.05000305175781,110.33999633789062,107.16000366210938,109.13999938964844,99.05792999267578,18138600.0,29.920000076293945,3.69
2022-09-26,108.0,109.61000061035156,106.05999755859375,106.79000091552734,96.92501831054688,15753600.0,32.2599983215332,3.88
2022-09-27,107.75,108.16999816894531,104.6500015258789,105.8499984741211,96.07184600830078,12793600.0,32.599998474121094,3.97
2022-09-28,105.94999694824219,108.7300033569336,105.63999938964844,107.98999786376953,98.01414489746094,12762600.0,30.18000030517578,3.72
2022-09-29,106.94999694824219,107.27999877929688,104.4000015258789,106.16000366210938,96.35321044921875,12713900.0,31.84000015258789,3.76
2022-09-30,106.05999755859375,107.62000274658203,104.4000015258789,104.5,94.8465576171875,15973400.0,31.6200008392334,3.83
2022-10-03,105.62000274658203,108.36000061035156,104.45999908447266,107.7300033569336,97.7781753540039,12248100.0,30.100000381469727,3.67
2022-10-04,110.61000061035156,112.98999786376953,109.86000061035156,112.7699966430664,102.35259246826172,16013600.0,29.06999969482422,3.62
2022-10-05,109.75,110.94999694824219,108.83000183105469,110.38999938964844,101.08887481689453,10943500.0,28.549999237060547,3.76
2022-10-06,109.45999908447266,110.19000244140625,107.94000244140625,108.13999938964844,99.0284423828125,11521400.0,30.520000457763672,3.83
2022-10-07,107.5199966430664,107.70999908447266,105.2699966430664,105.9800033569336,97.05043029785156,11681100.0,31.360000610351562,3.89
2022-10-10,106.7300033569336,107.30999755859375,104.5199966430664,104.98999786376953,96.14384460449219,8931700.0,32.45000076293945,3.89
2022-10-11,104.37000274658203,104.54000091552734,101.8499984741211,101.95999908447266,93.36914825439453,12739700.0,33.630001068115234,3.93
2022-10-12,101.80000305175781,104.7300033569336,101.27999877929688,103.61000061035156,94.88011932373047,13181000.0,33.56999969482422,3.91
2022-10-13,101.9800033569336,109.9000015258789,101.76000213623047,109.37000274658203,100.15481567382812,22398700.0,31.940000534057617,3.97
2022-10-14,111.95999908447266,115.23999786376953,110.72000122070312,111.19000244140625,101.82146453857422,33387100.0,32.02000045776367,4.0
2022-10-17,115.41000366210938,117.01000213623047,114.31999969482422,115.86000061035156,106.09796905517578,22276300.0,31.3700008392334,4.02
2022-10-18,119.66000366210938,120.13999938964844,116.95999908447266,118.83999633789062,108.82688903808594,21539700.0,30.5,4.01
2022-10-19,117.98999786376953,118.83000183105469,115.66999816894531,116.51000213623047,106.69322204589844,17072000.0,30.760000228881836,4.14
2022-10-20,117.16000366210938,118.70999908447266,115.6500015258789,116.12999725341797,106.34521484375,12207400.0,29.979999542236328,4.24
2022-10-21,116.45999908447266,122.38999938964844,116.33000183105469,122.2300033569336,111.93126678466797,20593300.0,29.690000534057617,4.21
2022-10-24,122.06999969482422,123.0999984741211,121.33000183105469,122.37999725341797,112.0686264038086,12624200.0,29.850000381469727,4.25
2022-10-25,121.8499984741211,123.2699966430664,120.88999938964844,122.69999694824219,112.36166381835938,11289100.0,28.459999084472656,4.1
2022-10-26,123.0,125.19999694824219,122.87999725341797,124.11000061035156,113.6528549194336,11667000.0,27.280000686645508,4.04
2022-10-27,125.19999694824219,126.19999694824219,124.20999908447266,124.5999984741211,114.10157012939453,10727600.0,27.389999389648438,3.96
2022-10-28,125.29000091552734,126.27999877929688,124.05000305175781,126.08000183105469,115.4568862915039,11859500.0,25.75,4.02
2022-10-31,125.69999694824219,127.43000030517578,125.58999633789062,125.87999725341797,115.27372741699219,13295200.0,25.8799991607666,4.1
2022-11-01,126.87000274658203,128.27999877929688,126.33000183105469,128.14999389648438,117.35245513916016,13386900.0,25.809999465942383,4.07
2022-11-02,127.6500015258789,130.36000061035156,126.63999938964844,126.97000122070312,116.27188873291016,16546100.0,25.860000610351562,4.1
2022-11-03,126.30999755859375,128.17999267578125,125.91000366210938,127.19999694824219,116.48249816894531,12474400.0,25.299999237060547,4.14
2022-11-04,129.49000549316406,130.8300018310547,128.4600067138672,130.67999267578125,119.66928100585938,14953200.0,24.549999237060547,4.17
2022-11-07,131.0,132.2899932861328,130.47999572753906,131.3699951171875,120.30115509033203,12011200.0,24.350000381469727,4.22
2022-11-08,131.24000549316406,132.05999755859375,130.13999938964844,131.4499969482422,120.3744125366211,9884100.0,25.540000915527344,4.14
2022-11-09,131.32000732421875,131.42999267578125,129.22000122070312,129.74000549316406,118.80850219726562,9494000.0,26.09000015258789,4.12
2022-11-10,132.6300048828125,135.25,132.52999877929688,135.0800018310547,123.69853973388672,16351600.0,23.530000686645508,3.82
2022-11-11,135.19000244140625,136.1699981689453,133.77999877929688,135.3000030517578,123.90001678466797,10704700.0,22.520000457763672,3.82
2022-11-14,134.8000030517578,135.72999572753906,133.91000366210938,133.91000366210938,122.62718200683594,11085600.0,23.729999542236328,3.88
2022-11-15,134.67999267578125,135.7100067138672,131.60000610351562,132.94000244140625,121.73889923095703,14038300.0,24.540000915527344,3.8
2022-11-16,133.0,133.55999755859375,132.02999877929688,133.1199951171875,121.90370178222656,7893400.0,24.110000610351562,3.67
2022-11-17,132.0,132.88999938964844,131.27999877929688,132.5399932861328,121.37255859375,8820200.0,23.93000030517578,3.77
2022-11-18,134.57000732421875,134.6699981689453,132.27999877929688,133.83999633789062,122.56302642822266,9468500.0,23.1200008392334,3.82
2022-11-21,133.74000549316406,134.55999755859375,132.75,133.0500030517578,121.839599609375,7800500.0,22.360000610351562,3.83
2022-11-22,134.0,135.27000427246094,133.69000244140625,135.0399932861328,123.66193389892578,9185700.0,21.290000915527344,3.76
2022-11-23,134.94000244140625,136.5,134.86000061035156,136.47999572753906,124.98059844970703,7316200.0,20.350000381469727,3.71
2022-11-25,136.47999572753906,137.13999938964844,136.05999755859375,136.74000549316406,125.21869659423828,3220500.0,20.5,3.68
2022-11-28,136.07000732421875,136.7100067138672,134.19000244140625,134.35000610351562,123.03007507324219,9906900.0,22.209999084472656,3.69
2022-11-29,134.66000366210938,136.63999938964844,134.41000366210938,136.55999755859375,125.05386352539062,7925300.0,21.889999389648438,3.75
2022-11-30,136.08999633789062,138.17999267578125,133.19000244140625,138.17999267578125,126.53733825683594,14761200.0,20.579999923706055,3.68
2022-12-01,138.17999267578125,138.66000366210938,135.42999267578125,136.24000549316406,124.76082611083984,8858500.0,19.84000015258789,3.53
2022-12-02,134.49000549316406,135.35000610351562,133.33999633789062,135.16000366210938,123.7718276977539,8931900.0,19.059999465942383,3.51
2022-12-05,134.24000549316406,134.57000732421875,130.60000610351562,131.3699951171875,120.30115509033203,10154500.0,20.75,3.6
2022-12-06,133.38999938964844,135.11000061035156,129.8699951171875,131.58999633789062,120.50263214111328,13966700.0,22.170000076293945,3.51
2022-12-07,131.30999755859375,133.0800018310547,130.3300018310547,131.5,120.42019653320312,11739400.0,22.68000030517578,3.42
2022-12-08,132.3300018310547,132.97999572753906,131.42999267578125,132.8800048828125,121.68394470214844,8907300.0,22.290000915527344,3.48
2022-12-09,132.1999969482422,133.75999450683594,132.0,132.16000366210938,121.02458953857422,7957800.0,22.829999923706055,3.57
2022-12-12,132.39999389648438,134.64999389648438,131.60000610351562,134.2100067138672,122.90184020996094,8841600.0,25.0,3.61
2022-12-13,136.88999938964844,137.08999633789062,133.0800018310547,134.0800018310547,122.7828369140625,10025400.0,22.549999237060547,3.51
2022-12-14,133.77999877929688,135.7100067138672,132.75999450683594,133.41000366210938,122.16925811767578,9966100.0,21.139999389648438,3.49
2022-12-15,131.14999389648438,132.0800018310547,129.0500030517578,130.10000610351562,119.13818359375,12087800.0,22.829999923706055,3.44
2022-12-16,129.14999389648438,129.89999389648438,128.42999267578125,129.2899932861328,118.39640045166016,21133700.0,22.6200008392334,3.48
2022-12-19,129.64999389648438,131.3300018310547,129.08999633789062,130.05999755859375,119.10152435302734,9017200.0,22.420000076293945,3.57
2022-12-20,130.97000122070312,132.0500030517578,130.1999969482422,130.69000244140625,119.6784439086914,8549900.0,21.479999542236328,3.69
2022-12-21,132.17999267578125,132.97999572753906,131.77000427246094,132.16000366210938,121.02458953857422,8051700.0,20.06999969482422,3.68
2022-12-22,131.10000610351562,131.3000030517578,128.41000366210938,130.66000366210938,119.6509780883789,8648200.0,21.969999313354492,3.67
2022-12-23,130.5800018310547,131.44000244140625,129.63999938964844,131.27999877929688,120.21873474121094,5091900.0,20.8700008392334,3.75
2022-12-27,131.57000732421875,132.22000122070312,130.5500030517578,131.74000549316406,120.63996124267578,5411000.0,21.649999618530273,3.84
2022-12-28,131.85000610351562,133.41000366210938,131.00999450683594,132.4600067138672,121.29930877685547,8827700.0,22.139999389648438,3.88
2022-12-29,132.92999267578125,133.27000427246094,132.30999755859375,133.22000122070312,121.99530792236328,6585200.0,21.440000534057617,3.83
2022-12-30,132.80999755859375,134.3300018310547,132.44000244140625,134.10000610351562,122.80113220214844,9292500.0,21.670000076293945,3.88
2023-01-03,135.24000549316406,136.74000549316406,133.88999938964844,135.1199951171875,123.73519897460938,11054800.0,22.899999618530273,3.79
2023-01-04,135.99000549316406,137.67999267578125,135.57000732421875,136.3800048828125,124.88904571533203,11687600.0,22.010000228881836,3.69
2023-01-05,135.66000366210938,135.7100067138672,133.6999969482422,135.35000610351562,124.86135864257812,8381300.0,22.459999084472656,3.71
2023-01-06,136.1300048828125,138.3800048828125,134.49000549316406,137.94000244140625,127.25066375732422,10029100.0,21.1299991607666,3.55
2023-01-09,138.60000610351562,138.8800048828125,136.8800048828125,137.3699951171875,126.72479248046875,8482300.0,21.969999313354492,3.53
2023-01-10,137.7899932861328,138.72000122070312,137.30999755859375,138.60000610351562,127.85951232910156,9048700.0,20.579999923706055,3.61
2023-01-11,138.89999389648438,139.75,138.10000610351562,139.6300048828125,128.8096466064453,8703700.0,21.09000015258789,3.54
2023-01-12,140.0,140.86000061035156,139.22000122070312,139.49000549316406,128.6805419921875,11001700.0,18.829999923706055,3.43
2023-01-13,135.60000610351562,143.49000549316406,134.8000030517578,143.00999450683594,131.92776489257812,20200000.0,18.350000381469727,3.49
2023-01-17,141.1699981689453,141.5399932861328,139.22999572753906,140.8000030517578,129.8890380859375,14292900.0,19.360000610351562,3.53
2023-01-18,138.9199981689453,140.72999572753906,136.41000366210938,136.57000732421875,125.98682403564453,13392600.0,20.34000015258789,3.37
2023-01-19,135.32000732421875,135.89999389648438,133.58999633789062,134.75,124.30785369873047,13303400.0,20.520000457763672,3.39
2023-01-20,135.16000366210938,135.49000549316406,133.5500030517578,135.0800018310547,124.61225128173828,13092500.0,19.850000381469727,3.48
2023-01-23,135.1199951171875,137.9600067138672,134.82000732421875,137.27000427246094,126.63255310058594,10487100.0,19.809999465942383,3.52
2023-01-24,136.4199981689453,140.2899932861328,135.0,138.4499969482422,127.72114562988281,6945000.0,19.200000762939453,3.46
2023-01-25,138.0500030517578,139.1199951171875,137.25,139.1199951171875,128.33920288085938,8967000.0,19.079999923706055,3.46
2023-01-26,139.4199981689453,140.05999755859375,138.36000061035156,139.97999572753906,129.132568359375,7487600.0,18.729999542236328,3.49
2023-01-27,140.61000061035156,141.25999450683594,139.75,140.32000732421875,129.44619750976562,7489900.0,18.510000228881836,3.52
2023-01-30,139.22999572753906,140.08999633789062,138.91000366210938,139.1300048828125,128.34844970703125,6729300.0,19.940000534057617,3.55
2023-01-31,139.8800048828125,140.07000732421875,138.25,139.9600067138672,129.11410522460938,9188700.0,19.399999618530273,3.52
2023-02-01,138.2100067138672,140.8800048828125,138.1199951171875,139.58999633789062,128.77276611328125,8841800.0,17.8700008392334,3.39
2023-02-02,140.0,140.4600067138672,138.0,138.94000244140625,128.17312622070312,11822100.0,18.729999542236328,3.4
2023-02-03,138.17999267578125,142.3300018310547,138.1300048828125,141.08999633789062,130.1565704345703,11501200.0,18.329999923706055,3.53
2023-02-06,140.22999572753906,142.24000549316406,140.02999877929688,141.9199981689453,130.92221069335938,8406200.0,19.43000030517578,3.63
2023-02-07,141.3800048828125,144.33999633789062,141.17999267578125,143.64999389648438,132.51815795898438,10447900.0,18.65999984741211,3.67
2023-02-08,142.64999389648438,144.0399932861328,142.27999877929688,142.63999938964844,131.58641052246094,6958000.0,19.6299991607666,3.63
2023-02-09,143.1199951171875,143.33999633789062,139.8699951171875,140.4199981689453,129.53843688964844,6443100.0,20.709999084472656,3.67
2023-02-10,139.77999877929688,141.27999877929688,138.58999633789062,141.0399932861328,130.11036682128906,6582900.0,20.530000686645508,3.74
2023-02-13,141.3000030517578,142.72999572753906,140.74000549316406,142.57000732421875,131.52186584472656,7134600.0,20.34000015258789,3.72
2023-02-14,142.5,143.80999755859375,141.60000610351562,143.1999969482422,132.10302734375,9249400.0,18.90999984741211,3.77
2023-02-15,141.61000061035156,143.88999938964844,141.3000030517578,143.8000030517578,132.6565399169922,6728300.0,18.229999542236328,3.81
2023-02-16,142.91000366210938,143.38999938964844,141.67999267578125,141.82000732421875,130.8300018310547,8165300.0,20.170000076293945,3.86
2023-02-17,140.97999572753906,142.8300018310547,140.07000732421875,142.24000549316406,131.21742248535156,7948800.0,20.020000457763672,3.82
2023-02-21,140.69000244140625,141.33999633789062,138.75,139.6300048828125,128.8096466064453,9996300.0,22.8700008392334,3.95
2023-02-22,138.9199981689453,139.42999267578125,137.44000244140625,138.55999755859375,127.82260131835938,11107500.0,22.290000915527344,3.93
2023-02-23,138.72999572753906,140.1699981689453,137.94000244140625,139.6699981689453,128.84658813476562,8068000.0,21.139999389648438,3.88
2023-02-24,139.11000061035156,141.36000061035156,138.92999267578125,140.92999267578125,130.00894165039062,9126900.0,21.670000076293945,3.95
2023-02-27,142.11000061035156,143.30999755859375,141.72000122070312,142.16000366210938,131.14361572265625,10014700.0,20.950000762939453,3.92
2023-02-28,142.94000244140625,143.75999450683594,141.89999389648438,143.35000610351562,132.2414093017578,11019800.0,20.700000762939453,3.92
2023-03-01,142.10000610351562,143.4600067138672,141.8000030517578,142.5500030517578,131.50340270996094,7139200.0,20.579999923706055,4.01
2023-03-02,142.24000549316406,142.42999267578125,139.5399932861328,141.07000732421875,130.13809204101562,11106800.0,19.59000015258789,4.08
2023-03-03,141.50999450683594,143.74000549316406,141.0800018310547,143.66000366210938,132.5273895263672,9513100.0,18.489999771118164,3.97
2023-03-06,143.44000244140625,144.0399932861328,142.66000366210938,142.82000732421875,131.7524871826172,9261300.0,18.610000610351562,3.98
2023-03-07,142.00999450683594,142.30999755859375,137.80999755859375,138.6199951171875,127.8779525756836,11747600.0,19.59000015258789,3.97
2023-03-08,138.0,138.58999633789062,136.88999938964844,137.8000030517578,127.12150573730469,10002500.0,19.110000610351562,3.98
2023-03-09,136.75999450683594,137.35000610351562,129.22000122070312,130.33999633789062,120.23958587646484,25888100.0,22.610000610351562,3.93
2023-03-10,128.9600067138672,135.25999450683594,127.81999969482422,133.64999389648438,123.2930679321289,37599700.0,24.799999237060547,3.7
2023-03-13,131.2100067138672,133.8800048828125,129.41000366210938,131.25,121.07907104492188,42901100.0,26.520000457763672,3.55
2023-03-14,135.27999877929688,135.52999877929688,131.2899932861328,134.6199951171875,124.18792724609375,29648100.0,23.729999542236328,3.64
2023-03-15,130.97999572753906,130.99000549316406,126.7300033569336,128.25999450683594,118.32076263427734,34280600.0,26.139999389648438,3.51
2023-03-16,128.00999450683594,131.9499969482422,126.0199966430664,130.75,120.61782836914062,24558500.0,22.989999771118164,3.56
2023-03-17,128.3800048828125,128.47999572753906,125.44999694824219,125.80999755859375,116.06063079833984,38396000.0,25.510000228881836,3.39
2023-03-20,126.98999786376953,129.47000122070312,126.01000213623047,127.13999938964844,117.28755950927734,22875500.0,24.149999618530273,3.47
2023-03-21,130.58999633789062,131.72999572753906,130.19000244140625,130.5500030517578,120.43333435058594,17807800.0,21.3799991607666,3.59
2023-03-22,130.55999755859375,130.66000366210938,127.08000183105469,127.18000030517578,117.324462890625,17250200.0,22.260000228881836,3.48
2023-03-23,127.9000015258789,129.52999877929688,126.0199966430664,126.83999633789062,117.01081085205078,16677600.0,22.610000610351562,3.38
2023-03-24,125.62999725341797,125.68000030517578,123.11000061035156,124.91000366210938,115.23038482666016,22311100.0,21.739999771118164,3.38
2023-03-27,126.79000091552734,129.3800048828125,126.29000091552734,128.49000549316406,118.532958984375,18853900.0,20.600000381469727,3.53
2023-03-28,128.7100067138672,129.33999633789062,127.73999786376953,128.8800048828125,118.89273834228516,10820500.0,19.969999313354492,3.55
2023-03-29,130.10000610351562,130.22000122070312,127.7699966430664,129.13999938964844,119.13258361816406,14595300.0,19.1200008392334,3.57
2023-03-30,129.9499969482422,130.1199951171875,127.6500015258789,128.75,118.7728042602539,12134700.0,19.020000457763672,3.55
2023-03-31,129.66000366210938,130.33999633789062,128.85000610351562,130.30999755859375,120.21190643310547,13105200.0,18.700000762939453,3.48
2023-04-03,129.91000366210938,131.44000244140625,129.41000366210938,130.16000366210938,120.07353973388672,11775400.0,18.549999237060547,3.43
2023-04-04,130.5,130.58999633789062,127.41000366210938,128.4199981689453,118.46839141845703,11579900.0,19.0,3.35
2023-04-05,126.80000305175781,128.14999389648438,126.45999908447266,127.61000061035156,118.64503479003906,9614700.0,19.079999923706055,3.3
2023-04-06,127.0,128.0800018310547,126.86000061035156,127.47000122070312,118.51486206054688,8760200.0,18.399999618530273,3.3
2023-04-10,126.54000091552734,128.22999572753906,126.22000122070312,127.88999938964844,118.90535736083984,9477300.0,18.969999313354492,3.41
2023-04-11,128.3000030517578,128.94000244140625,127.54000091552734,128.52000427246094,119.49109649658203,10516300.0,19.100000381469727,3.43
2023-04-12,129.17999267578125,130.42999267578125,128.05999755859375,128.5,119.47250366210938,11821000.0,19.09000015258789,3.41
2023-04-13,128.4600067138672,129.0399932861328,126.83000183105469,128.99000549316406,119.92808532714844,12450200.0,17.799999237060547,3.45
2023-04-14,135.14999389648438,139.1199951171875,134.89999389648438,138.72999572753906,128.9838104248047,43931300.0,17.06999969482422,3.52
2023-04-17,139.9499969482422,140.05999755859375,137.66000366210938,139.8300018310547,130.00653076171875,16050500.0,16.950000762939453,3.6
2023-04-18,140.27000427246094,141.77999877929688,139.02999877929688,141.39999389648438,131.46624755859375,13760100.0,16.829999923706055,3.58
2023-04-19,141.22999572753906,141.5,140.39999389648438,141.22000122070312,131.29888916015625,9158100.0,16.459999084472656,3.6
2023-04-20,139.91000366210938,141.42999267578125,139.83999633789062,140.80999755859375,130.91766357421875,10586200.0,17.170000076293945,3.54
2023-04-21,139.74000549316406,141.11000061035156,138.77999877929688,140.5399932861328,130.6666717529297,11842500.0,16.770000457763672,3.57
2023-04-24,140.4600067138672,141.10000610351562,140.0399932861328,140.72999572753906,130.84329223632812,7567500.0,16.889999389648438,3.52
2023-04-25,139.60000610351562,139.9600067138672,137.6300048828125,137.6699981689453,127.99826049804688,10629300.0,18.760000228881836,3.4
2023-04-26,137.6199951171875,137.80999755859375,134.0,135.22999572753906,125.72966003417969,14416100.0,18.84000015258789,3.43
2023-04-27,136.0,137.91000366210938,135.66000366210938,137.0500030517578,127.42183685302734,9041100.0,17.030000686645508,3.53
2023-04-28,136.55999755859375,138.32000732421875,135.6699981689453,138.24000549316406,128.52822875976562,9887300.0,15.779999732971191,3.44
2023-05-01,142.25999450683594,143.3699951171875,140.8300018310547,141.1999969482422,131.28028869628906,20415800.0,16.079999923706055,3.59
2023-05-02,141.39999389648438,142.41000366210938,138.42999267578125,138.9199981689453,129.16046142578125,14113400.0,17.780000686645508,3.44
2023-05-03,138.44000244140625,138.6699981689453,135.75999450683594,135.97999572753906,126.42703247070312,12930900.0,18.34000015258789,3.38
2023-05-04,134.9600067138672,135.72000122070312,131.80999755859375,134.1199951171875,124.6976547241211,17089200.0,20.09000015258789,3.37
2023-05-05,136.44000244140625,137.8800048828125,135.91000366210938,136.74000549316406,127.13363647460938,11261400.0,17.190000534057617,3.44
2023-05-08,137.49000549316406,137.97000122070312,136.47999572753906,137.07000732421875,127.44044494628906,7484900.0,16.979999542236328,3.52
2023-05-09,135.92999267578125,136.9499969482422,135.2100067138672,136.41000366210938,126.82682037353516,7343600.0,17.709999084472656,3.53
2023-05-10,137.9499969482422,138.05999755859375,134.8699951171875,136.47999572753906,126.89188385009766,8133400.0,16.940000534057617,3.43
2023-05-11,135.0,136.80999755859375,134.89999389648438,136.0500030517578,126.4920883178711,7057300.0,16.93000030517578,3.39
2023-05-12,136.82000732421875,136.99000549316406,133.1300048828125,134.10000610351562,124.67909240722656,9988600.0,17.030000686645508,3.46
2023-05-15,134.27000427246094,135.6699981689453,133.9600067138672,135.22999572753906,125.72966003417969,7639500.0,17.1200008392334,3.5
2023-05-16,135.4600067138672,135.94000244140625,133.9600067138672,134.32000732421875,124.8836441040039,6477200.0,17.989999771118164,3.54
2023-05-17,135.89999389648438,138.58999633789062,135.4600067138672,138.4499969482422,128.72349548339844,12711500.0,16.8700008392334,3.57
2023-05-18,138.27000427246094,139.72999572753906,137.75999450683594,139.5,129.69972229003906,10999600.0,16.049999237060547,3.65
2023-05-19,139.7899932861328,140.49000549316406,138.1300048828125,139.17999267578125,129.40216064453125,13492200.0,16.809999465942383,3.7
2023-05-22,141.0,141.63999938964844,137.66000366210938,138.02999877929688,128.3330078125,11402500.0,17.209999084472656,3.72
2023-05-23,137.5399932861328,139.02999877929688,136.4600067138672,136.58999633789062,126.99413299560547,9514900.0,18.530000686645508,3.7
2023-05-24,135.39999389648438,136.35000610351562,135.0800018310547,135.33999633789062,125.83199310302734,8578000.0,20.030000686645508,3.73
2023-05-25,134.82000732421875,136.27000427246094,134.5800018310547,135.6699981689453,126.1387710571289,8472500.0,19.139999389648438,3.83
2023-05-26,136.11000061035156,137.60000610351562,135.6300048828125,136.94000244140625,127.31956481933594,8579900.0,17.950000762939453,3.8
2023-05-30,136.8000030517578,137.72000122070312,136.02000427246094,137.4600067138672,127.80303192138672,7399900.0,17.459999084472656,3.69
2023-05-31,136.72999572753906,136.83999633789062,134.39999389648438,135.7100067138672,126.17598724365234,14219900.0,17.940000534057617,3.64
2023-06-01,136.52000427246094,138.22999572753906,135.4499969482422,137.5800018310547,127.91461944580078,12248100.0,15.649999618530273,3.61
2023-06-02,139.55999755859375,141.47999572753906,139.33999633789062,140.47000122070312,130.6015625,12922500.0,14.600000381469727,3.69
2023-06-05,140.11000061035156,140.11000061035156,138.1300048828125,139.08999633789062,129.31851196289062,8511900.0,14.729999542236328,3.69
2023-06-06,138.67999267578125,140.10000610351562,138.2100067138672,139.33999633789062,129.5509490966797,9329500.0,13.960000038146973,3.7
2023-06-07,139.5500030517578,141.27000427246094,138.8300018310547,140.69000244140625,130.80609130859375,9281400.0,13.9399995803833,3.79
2023-06-08,140.6699981689453,140.88999938964844,139.47999572753906,140.72999572753906,130.84329223632812,7368100.0,13.649999618530273,3.73
2023-06-09,140.35000610351562,141.8000030517578,140.2100067138672,141.00999450683594,131.10365295410156,7249100.0,13.829999923706055,3.75
2023-06-12,141.07000732421875,141.32000732421875,139.75999450683594,141.0,131.0943145751953,7596600.0,15.010000228881836,3.73
2023-06-13,140.47999572753906,142.8699951171875,140.13999938964844,142.02000427246094,132.04269409179688,7701600.0,14.609999656677246,3.84
2023-06-14,143.0,143.61000061035156,140.6999969482422,141.49000549316406,131.54991149902344,9068700.0,13.880000114440918,3.83
2023-06-15,140.58999633789062,143.39999389648438,140.02999877929688,143.08999633789062,133.03750610351562,9343100.0,14.5,3.72
2023-06-16,143.0500030517578,143.97000122070312,142.5,143.25999450683594,133.195556640625,13813500.0,13.539999961853027,3.77
2023-06-20,142.61000061035156,143.0,141.0399932861328,142.52999877929688,132.516845703125,8428600.0,13.880000114440918,3.74
2023-06-21,142.89999389648438,144.02000427246094,141.69000244140625,142.32000732421875,132.32159423828125,9926500.0,13.199999809265137,3.72
2023-06-22,142.30999755859375,142.60000610351562,138.9499969482422,139.5800018310547,129.7740936279297,10075200.0,12.90999984741211,3.8
2023-06-23,138.5399932861328,139.17999267578125,137.6199951171875,138.85000610351562,129.0954132080078,9919500.0,13.4399995803833,3.74
2023-06-26,138.8699951171875,140.00999450683594,137.69000244140625,139.19000244140625,129.41148376464844,8429700.0,14.25,3.72
2023-06-27,139.0,139.83999633789062,138.5399932861328,139.1999969482422,129.42079162597656,8154000.0,13.739999771118164,3.77
2023-06-28,139.16000366210938,139.2100067138672,137.9600067138672,138.58999633789062,128.85365295410156,7558600.0,13.430000305175781,3.71
2023-06-29,140.07000732421875,143.55999755859375,139.85000610351562,143.42999267578125,133.3535919189453,15423200.0,13.539999961853027,3.85
2023-06-30,144.60000610351562,146.0,143.66000366210938,145.44000244140625,135.22244262695312,14212800.0,13.59000015258789,3.81
2023-07-03,146.19000244140625,147.47999572753906,146.0,146.61000061035156,136.31021118164062,8021600.0,13.569999694824219,3.86
2023-07-05,144.94000244140625,145.42999267578125,144.36000061035156,144.63999938964844,135.40213012695312,8934900.0,14.180000305175781,3.95
2023-07-06,143.02000427246094,143.38999938964844,141.44000244140625,143.2100067138672,134.0635223388672,9709500.0,15.4399995803833,4.05
2023-07-07,143.91000366210938,145.83999633789062,143.0,144.33999633789062,135.121337890625,8981500.0,14.829999923706055,4.06
2023-07-10,144.5,145.99000549316406,144.5,145.14999389648438,135.87957763671875,9100100.0,15.069999694824219,4.01
2023-07-11,146.33999633789062,147.82000732421875,145.7100067138672,147.4199981689453,138.00462341308594,11260900.0,14.84000015258789,3.99
2023-07-12,147.4499969482422,149.8699951171875,147.0,148.14999389648438,138.68797302246094,11323200.0,13.539999961853027,3.86
2023-07-13,148.6999969482422,149.3699951171875,147.75,148.8699951171875,139.36199951171875,11234900.0,13.609999656677246,3.76
2023-07-14,151.5500030517578,152.88999938964844,148.41000366210938,149.77000427246094,140.20452880859375,27028400.0,13.34000015258789,3.83
2023-07-17,150.35000610351562,153.75,150.35000610351562,153.3800048828125,143.58396911621094,17262400.0,13.479999542236328,3.81
2023-07-18,153.3800048828125,154.39999389648438,152.82000732421875,153.66000366210938,143.84609985351562,13491700.0,13.300000190734863,3.8
2023-07-19,152.75,155.2100067138672,152.22000122070312,154.25,144.3983917236328,12510000.0,13.760000228881836,3.75
2023-07-20,154.52999877929688,156.58999633789062,154.41000366210938,156.14999389648438,146.1770477294922,9935900.0,13.989999771118164,3.85
2023-07-21,155.8000030517578,156.13999938964844,154.69000244140625,154.9499969482422,145.0537109375,10636400.0,13.600000381469727,3.84
2023-07-24,154.97000122070312,158.7899932861328,154.72999572753906,158.0,147.90890502929688,14381400.0,13.90999984741211,3.86
2023-07-25,157.3000030517578,157.72000122070312,155.9600067138672,156.82000732421875,146.80426025390625,9944700.0,13.859999656677246,3.91
2023-07-26,156.7100067138672,158.25,156.27999877929688,157.75999450683594,147.68421936035156,8728600.0,13.1899995803833,3.86
2023-07-27,157.77000427246094,158.77999877929688,155.5500030517578,156.02000427246094,146.05535888671875,10778400.0,14.40999984741211,4.01
2023-07-28,157.27999877929688,157.60000610351562,156.44000244140625,156.91000366210938,146.88848876953125,9103800.0,13.329999923706055,3.96
2023-07-31,157.17999267578125,159.3800048828125,157.14999389648438,157.9600067138672,147.8714599609375,8892700.0,13.630000114440918,3.97
2023-08-01,157.42999267578125,158.0,156.14999389648438,157.17999267578125,147.14125061035156,6853900.0,13.930000305175781,4.05
2023-08-02,155.55999755859375,155.69000244140625,153.94000244140625,155.39999389648438,145.4749298095703,8299400.0,16.09000015258789,4.08
2023-08-03,155.0,156.9199981689453,154.35000610351562,156.35000610351562,146.36427307128906,6084000.0,15.920000076293945,4.2
2023-08-04,156.39999389648438,157.8000030517578,155.6999969482422,156.02000427246094,146.05535888671875,6209400.0,17.100000381469727,4.05
2023-08-07,156.60000610351562,157.6999969482422,156.60000610351562,156.75999450683594,146.74806213378906,7251800.0,15.770000457763672,4.09
2023-08-08,154.32000732421875,155.97999572753906,152.58999633789062,155.8800048828125,145.9242706298828,8623400.0,15.989999771118164,4.02
2023-08-09,155.32000732421875,155.52000427246094,153.47000122070312,153.7899932861328,143.96775817871094,6277800.0,15.960000038146973,4.0
2023-08-10,154.3800048828125,155.44000244140625,153.08999633789062,153.55999755859375,143.75245666503906,5995100.0,15.850000381469727,4.09
2023-08-11,153.02999877929688,154.52000427246094,152.6300048828125,154.4499969482422,144.58560180664062,5180700.0,14.84000015258789,4.16
2023-08-14,153.61000061035156,154.9199981689453,152.9199981689453,154.77000427246094,144.88516235351562,5044300.0,14.819999694824219,4.19
2023-08-15,152.85000610351562,153.27000427246094,150.22999572753906,150.8300018310547,141.1968536376953,10300300.0,16.459999084472656,4.21
2023-08-16,150.60000610351562,150.9600067138672,149.67999267578125,150.19000244140625,140.59771728515625,6978200.0,16.780000686645508,4.28
2023-08-17,150.8800048828125,151.25999450683594,148.39999389648438,148.6300048828125,139.13734436035156,9953900.0,17.889999389648438,4.3
2023-08-18,147.64999389648438,149.5,147.44000244140625,148.97000122070312,139.4556427001953,8517500.0,17.299999237060547,4.26
2023-08-21,149.64999389648438,150.10000610351562,148.02000427246094,149.47999572753906,139.93304443359375,8327000.0,17.1299991607666,4.34
2023-08-22,149.25999450683594,149.63999938964844,145.85000610351562,146.3800048828125,137.0310516357422,9673300.0,16.969999313354492,4.34
2023-08-23,146.35000610351562,147.58999633789062,145.4600067138672,147.3699951171875,137.9578094482422,7858000.0,15.979999542236328,4.19
2023-08-24,147.5,149.41000366210938,146.99000549316406,147.22999572753906,137.82676696777344,6534000.0,17.200000762939453,4.23
2023-08-25,147.27999877929688,148.6199951171875,145.85000610351562,147.0500030517578,137.65826416015625,6695500.0,15.680000305175781,4.25
2023-08-28,147.57000732421875,148.61000061035156,147.1300048828125,147.55999755859375,138.13568115234375,5094100.0,15.079999923706055,4.2
2023-08-29,147.7100067138672,148.85000610351562,147.17999267578125,148.75999450683594,139.259033203125,6337000.0,14.449999809265137,4.12
2023-08-30,148.6199951171875,149.14999389648438,147.19000244140625,148.16000366210938,138.6973876953125,6277300.0,13.880000114440918,4.12
2023-08-31,148.25999450683594,148.35000610351562,145.9600067138672,146.3300018310547,136.98426818847656,10933900.0,13.569999694824219,4.09
2023-09-01,146.08999633789062,148.0800018310547,145.6999969482422,146.82000732421875,137.4429473876953,7903500.0,13.09000015258789,4.18
2023-09-05,147.16000366210938,148.2100067138672,145.00999450683594,145.1999969482422,135.9263916015625,7854700.0,14.010000228881836,4.27
2023-09-06,144.6999969482422,145.5399932861328,144.11000061035156,144.9600067138672,135.70172119140625,8629200.0,14.449999809265137,4.3
2023-09-07,144.1300048828125,145.27000427246094,143.38999938964844,143.72000122070312,134.54095458984375,8373700.0,14.399999618530273,4.27
2023-09-08,143.3699951171875,144.1199951171875,142.64999389648438,143.8300018310547,134.64385986328125,7107900.0,13.84000015258789,4.26
2023-09-11,144.75,145.0500030517578,143.69000244140625,144.4600067138672,135.2336883544922,6854200.0,13.800000190734863,4.29
2023-09-12,144.5,147.32000732421875,144.0500030517578,146.33999633789062,136.99359130859375,8363200.0,14.229999542236328,4.27
2023-09-13,147.33999633789062,147.6999969482422,145.82000732421875,146.41000366210938,137.0591278076172,8325900.0,13.479999542236328,4.25
2023-09-14,147.83999633789062,149.89999389648438,147.52000427246094,149.25,139.7177276611328,10034900.0,12.819999694824219,4.29
2023-09-15,148.9199981689453,149.72999572753906,148.30999755859375,148.80999755859375,139.3058319091797,19863400.0,13.789999961853027,4.33
2023-09-18,148.16000366210938,149.13999938964844,147.75,149.1199951171875,139.59605407714844,6512400.0,14.0,4.32
2023-09-19,149.5,149.72000122070312,147.2100067138672,148.92999267578125,139.41818237304688,7943400.0,14.109999656677246,4.37
2023-09-20,149.64999389648438,150.25,148.13999938964844,148.3000030517578,138.8284149169922,7332000.0,15.140000343322754,4.35
2023-09-21,147.5800018310547,148.85000610351562,146.6300048828125,147.13999938964844,137.7424774169922,8052400.0,17.540000915527344,4.49
2023-09-22,147.2899932861328,147.50999450683594,145.19000244140625,145.72999572753906,136.42251586914062,7071700.0,17.200000762939453,4.44
2023-09-25,145.35000610351562,146.52000427246094,143.6999969482422,146.4499969482422,137.09654235839844,7044700.0,16.899999618530273,4.55
2023-09-26,144.60000610351562,145.83999633789062,144.22999572753906,144.92999267578125,135.6736602783203,7468400.0,18.940000534057617,4.56
2023-09-27,145.19000244140625,146.08999633789062,144.50999450683594,145.77999877929688,136.4693603515625,6717800.0,18.219999313354492,4.61
2023-09-28,146.27999877929688,148.8699951171875,146.00999450683594,147.58999633789062,138.1637420654297,8868100.0,17.34000015258789,4.59
2023-09-29,148.60000610351562,148.75999450683594,144.86000061035156,145.02000427246094,135.75791931152344,11917800.0,17.520000457763672,4.59
2023-10-02,144.8300018310547,145.6199951171875,142.6300048828125,143.77000427246094,134.5877227783203,9170600.0,17.610000610351562,4.69
2023-10-03,143.1999969482422,143.58999633789062,142.35000610351562,142.7100067138672,133.59542846679688,9431100.0,19.780000686645508,4.81
2023-10-04,143.19000244140625,143.47000122070312,141.92999267578125,143.35000610351562,134.194580078125,8128700.0,18.579999923706055,4.73
2023-10-05,142.0399932861328,143.10000610351562,140.8300018310547,142.89999389648438,134.76039123535156,8576200.0,18.489999771118164,4.72
2023-10-06,142.91000366210938,145.8800048828125,142.13999938964844,145.10000610351562,136.8350830078125,10270600.0,17.450000762939453,4.78
2023-10-09,143.66000366210938,145.39999389648438,143.5,144.77000427246094,136.5238800048828,6964900.0,17.700000762939453,4.78
2023-10-10,145.4199981689453,146.77000427246094,145.27999877929688,145.64999389648438,137.35372924804688,11288800.0,17.030000686645508,4.66
2023-10-11,146.50999450683594,147.22999572753906,145.02000427246094,146.14999389648438,137.8252410888672,8698200.0,16.09000015258789,4.58
2023-10-12,146.3000030517578,146.9600067138672,145.1300048828125,145.80999755859375,137.50462341308594,10484400.0,16.690000534057617,4.7
2023-10-13,148.5,153.11000061035156,147.83999633789062,148.0,139.5699005126953,29427000.0,19.31999969482422,4.63
2023-10-16,149.4499969482422,149.52000427246094,146.72000122070312,147.85000610351562,139.4284210205078,12663500.0,17.209999084472656,4.71
2023-10-17,147.57000732421875,149.30999755859375,146.7899932861328,147.52999877929688,139.12669372558594,11482700.0,17.8799991607666,4.83
2023-10-18,146.58999633789062,147.47999572753906,145.3699951171875,145.91000366210938,137.5989532470703,9620300.0,19.219999313354492,4.91
2023-10-19,145.47999572753906,147.02000427246094,144.8800048828125,145.2899932861328,137.01422119140625,11143600.0,21.399999618530273,4.98
2023-10-20,144.57000732421875,145.13999938964844,142.1199951171875,142.9499969482422,134.80751037597656,13332900.0,21.709999084472656,4.93
2023-10-23,142.94000244140625,143.67999267578125,140.72999572753906,141.0,132.96861267089844,10133400.0,20.3700008392334,4.86
2023-10-24,141.19000244140625,141.72999572753906,140.36000061035156,141.1699981689453,133.12892150878906,8881400.0,18.969999313354492,4.83
2023-10-25,140.57000732421875,141.17999267578125,139.50999450683594,140.39999389648438,132.40277099609375,8242600.0,20.190000534057617,4.95
2023-10-26,139.75999450683594,141.6699981689453,139.42999267578125,140.75999450683594,132.7422637939453,9109400.0,20.68000030517578,4.86
2023-10-27,138.9499969482422,139.10000610351562,135.19000244140625,135.69000244140625,127.96109008789062,17434700.0,21.270000457763672,4.84
2023-10-30,136.44000244140625,138.0399932861328,136.0399932861328,137.4199981689453,129.59251403808594,9855500.0,19.75,4.88
2023-10-31,137.7100067138672,139.24000549316406,137.47000122070312,139.05999755859375,131.1391143798828,9672500.0,18.139999389648438,4.88
2023-11-01,139.25,140.52999877929688,138.47000122070312,138.94000244140625,131.0259552001953,9432000.0,16.8700008392334,4.77
2023-11-02,140.08999633789062,141.47999572753906,139.22999572753906,141.4199981689453,133.3647003173828,10186200.0,15.65999984741211,4.67
2023-11-03,142.19000244140625,143.77000427246094,141.85000610351562,143.0,134.85467529296875,9538700.0,14.90999984741211,4.57
2023-11-06,143.1699981689453,144.19000244140625,142.7899932861328,144.0800018310547,135.87319946289062,7625100.0,14.890000343322754,4.67
2023-11-07,143.50999450683594,144.25999450683594,142.82000732421875,144.00999450683594,135.8071746826172,6297900.0,14.8100004196167,4.58
2023-11-08,144.11000061035156,144.83999633789062,143.6199951171875,144.72000122070312,136.47666931152344,7618200.0,14.449999809265137,4.49
2023-11-09,145.44000244140625,145.64999389648438,143.6999969482422,144.2899932861328,136.0712127685547,7992500.0,15.289999961853027,4.62
2023-11-10,144.94000244140625,146.47999572753906,144.0800018310547,146.42999267578125,138.08929443359375,7983300.0,14.170000076293945,4.61
2023-11-13,145.6999969482422,146.25,145.16000366210938,145.77999877929688,137.476318359375,6676300.0,14.760000228881836,4.63
2023-11-14,146.67999267578125,149.25,146.52000427246094,148.44000244140625,139.9848175048828,9927700.0,14.15999984741211,4.44
2023-11-15,148.4600067138672,150.16000366210938,148.4600067138672,149.74000549316406,141.2107696533203,8365300.0,14.180000305175781,4.53
2023-11-16,150.08999633789062,151.52999877929688,150.08999633789062,151.4499969482422,142.82337951660156,8126200.0,14.319999694824219,4.45
2023-11-17,152.1999969482422,152.86000061035156,151.5399932861328,152.82000732421875,144.11534118652344,7812400.0,13.800000190734863,4.44
2023-11-20,152.0800018310547,153.75,151.9199981689453,153.2899932861328,144.55853271484375,7019000.0,13.40999984741211,4.42
2023-11-21,153.1999969482422,153.6300048828125,152.57000732421875,152.97000122070312,144.2567901611328,7083500.0,13.350000381469727,4.41
2023-11-22,153.41000366210938,153.8800048828125,152.89999389648438,153.3300018310547,144.59629821777344,5174500.0,12.850000381469727,4.42
2023-11-24,153.58999633789062,154.44000244140625,153.27999877929688,153.5399932861328,144.79434204101562,3496900.0,12.460000038146973,4.47
2023-11-27,153.42999267578125,153.52999877929688,152.7100067138672,153.19000244140625,144.46426391601562,6259100.0,12.6899995803833,4.39
2023-11-28,153.22000122070312,153.8699951171875,152.72000122070312,153.5399932861328,144.79434204101562,6582700.0,12.6899995803833,4.34
2023-11-29,154.1699981689453,155.6300048828125,154.0,154.32000732421875,145.52992248535156,9126100.0,12.979999542236328,4.27
2023-11-30,154.91000366210938,156.1300048828125,154.3800048828125,156.0800018310547,147.1896209716797,9869800.0,12.920000076293945,4.37
2023-12-01,155.82000732421875,157.86000061035156,155.82000732421875,156.83999633789062,147.9063720703125,8916000.0,12.630000114440918,4.22
2023-12-04,156.02000427246094,158.0500030517578,155.8800048828125,157.99000549316406,148.99087524414062,9607500.0,13.079999923706055,4.28
2023-12-05,157.25999450683594,158.5,156.97000122070312,157.97000122070312,148.9720001220703,9135600.0,12.850000381469727,4.18
2023-12-06,158.83999633789062,159.22000122070312,156.0,156.30999755859375,147.40655517578125,9366000.0,12.970000267028809,4.12
2023-12-07,156.69000244140625,157.30999755859375,156.14999389648438,156.7899932861328,147.85919189453125,8130900.0,13.0600004196167,4.14
2023-12-08,157.25999450683594,158.77999877929688,156.97999572753906,158.52000427246094,149.49066162109375,7369400.0,12.350000381469727,4.23
2023-12-11,158.52000427246094,159.3000030517578,158.14999389648438,159.10000610351562,150.0376434326172,8093900.0,12.630000114440918,4.23
2023-12-12,159.22999572753906,160.64999389648438,158.8800048828125,160.52000427246094,151.3767547607422,10223000.0,12.069999694824219,4.2
2023-12-13,160.52000427246094,162.02999877929688,159.77000427246094,161.05999755859375,151.88600158691406,12379100.0,12.1899995803833,4.04
2023-12-14,161.8300018310547,164.83999633789062,161.7100067138672,163.99000549316406,154.6490936279297,13643000.0,12.479999542236328,3.92
2023-12-15,163.0800018310547,165.27999877929688,162.38999938964844,165.22999572753906,155.8184814453125,20309300.0,12.279999732971191,3.91
2023-12-18,165.9199981689453,167.1300048828125,165.6300048828125,166.22999572753906,156.76148986816406,8469600.0,12.5600004196167,3.95
2023-12-19,166.0,168.47000122070312,165.5500030517578,168.4499969482422,158.85504150390625,10345700.0,12.529999732971191,3.93
2023-12-20,167.99000549316406,169.41000366210938,166.4499969482422,166.5500030517578,157.06326293945312,10734700.0,13.670000076293945,3.86
2023-12-21,166.83999633789062,168.08999633789062,165.67999267578125,167.5,157.9591827392578,7601700.0,13.649999618530273,3.89
2023-12-22,167.5,168.22999572753906,167.22999572753906,167.39999389648438,157.8648681640625,6576300.0,13.029999732971191,3.9
2023-12-26,167.4600067138672,168.77000427246094,167.17999267578125,168.38999938964844,158.79847717285156,4683600.0,12.989999771118164,3.89
2023-12-27,167.83999633789062,169.47000122070312,167.5800018310547,169.39999389648438,159.75091552734375,6428600.0,12.430000305175781,3.79
2023-12-28,169.35000610351562,170.66000366210938,169.0,170.3000030517578,160.59970092773438,6320100.0,12.470000267028809,3.84
2023-12-29,170.0,170.69000244140625,169.6300048828125,170.10000610351562,160.4110870361328,6435100.0,12.449999809265137,3.88
2024-01-02,169.08999633789062,172.1699981689453,168.91000366210938,172.0800018310547,162.2783203125,9977400.0,13.199999809265137,3.95
2024-01-03,171.86000061035156,172.0399932861328,170.3699951171875,171.3300018310547,161.57101440429688,9852300.0,14.039999961853027,3.91
2024-01-04,170.63999938964844,173.35000610351562,170.5399932861328,171.41000366210938,162.6432342529297,11972500.0,14.130000114440918,3.99
2024-01-05,171.47000122070312,173.3800048828125,171.47000122070312,172.27000427246094,163.459228515625,10066000.0,13.350000381469727,4.05
2024-01-08,172.02000427246094,172.36000061035156,169.49000549316406,172.02000427246094,163.22201538085938,11229900.0,13.079999923706055,4.01
2024-01-09,171.6199951171875,171.7899932861328,170.10000610351562,170.66000366210938,161.93157958984375,9923600.0,12.760000228881836,4.02
2024-01-10,170.0,171.0800018310547,168.9499969482422,171.02000427246094,162.27317810058594,9670200.0,12.6899995803833,4.04
2024-01-11,170.3300018310547,170.36000061035156,168.63999938964844,170.3000030517578,161.58999633789062,11919500.0,12.4399995803833,3.98
2024-01-12,173.8000030517578,176.30999755859375,168.89999389648438,169.0500030517578,160.40391540527344,19436500.0,12.699999809265137,3.96
2024-01-16,164.8699951171875,168.08999633789062,164.3000030517578,167.99000549316406,159.3981170654297,17206400.0,13.84000015258789,4.07
2024-01-17,167.33999633789062,169.07000732421875,166.49000549316406,167.08999633789062,158.54417419433594,11107500.0,14.789999961853027,4.1
2024-01-18,167.1199951171875,167.52999877929688,165.24000549316406,167.4199981689453,158.85726928710938,9382300.0,14.130000114440918,4.14
2024-01-19,167.5500030517578,170.57000732421875,167.0800018310547,170.30999755859375,161.59947204589844,13115700.0,13.300000190734863,4.15
2024-01-22,170.4600067138672,171.97999572753906,169.7100067138672,170.11000061035156,161.40968322753906,12837500.0,13.1899995803833,4.11
2024-01-23,169.6699981689453,169.75,168.44000244140625,168.99000549316406,160.34701538085938,8360800.0,12.550000190734863,4.14
2024-01-24,169.36000061035156,171.00999450683594,168.86000061035156,170.5,161.77976989746094,9967100.0,13.140000343322754,4.18
2024-01-25,172.30999755859375,172.99000549316406,170.91000366210938,172.94000244140625,164.094970703125,8873500.0,13.449999809265137,4.14
2024-01-26,172.61000061035156,173.05999755859375,171.77999877929688,172.27999877929688,163.46871948242188,7443000.0,13.260000228881836,4.15
2024-01-29,172.24000549316406,172.83999633789062,171.3000030517578,172.72999572753906,163.89569091796875,6971200.0,13.600000381469727,4.08
2024-01-30,172.8300018310547,176.75999450683594,172.8300018310547,176.27000427246094,167.254638671875,10822100.0,13.3100004196167,4.06
2024-01-31,176.1999969482422,178.3000030517578,174.33999633789062,174.36000061035156,165.4423370361328,11521800.0,14.350000381469727,3.99
2024-02-01,173.63999938964844,174.83999633789062,171.42999267578125,173.72999572753906,164.84457397460938,9354800.0,13.880000114440918,3.87
2024-02-02,173.3000030517578,175.82000732421875,173.25999450683594,174.72999572753906,165.79339599609375,8607600.0,13.850000381469727,4.03
2024-02-05,173.86000061035156,175.08999633789062,172.9199981689453,174.5,165.57518005371094,7820200.0,13.670000076293945,4.17
2024-02-06,174.61000061035156,175.8699951171875,173.75999450683594,175.10000610351562,166.1444854736328,6764800.0,13.0600004196167,4.09
2024-02-07,175.69000244140625,175.8699951171875,173.9600067138672,175.42999267578125,166.45761108398438,7225500.0,12.829999923706055,4.09
2024-02-08,175.0,175.30999755859375,173.57000732421875,174.8000030517578,165.85983276367188,6060300.0,12.789999961853027,4.15
2024-02-09,175.0,175.10000610351562,173.6699981689453,175.00999450683594,166.05908203125,6296700.0,12.930000305175781,4.17
2024-02-12,174.77999877929688,176.80999755859375,173.6999969482422,175.7899932861328,166.79916381835938,8539300.0,13.930000305175781,4.17
2024-02-13,175.32000732421875,176.22999572753906,172.6199951171875,174.25999450683594,165.34744262695312,8397600.0,15.850000381469727,4.31
2024-02-14,175.07000732421875,176.10000610351562,174.4199981689453,176.02999877929688,167.0269317626953,7056700.0,14.380000114440918,4.27
2024-02-15,176.14999389648438,180.2100067138672,176.14999389648438,179.8699951171875,170.67051696777344,8723400.0,14.010000228881836,4.24
2024-02-16,179.61000061035156,179.97999572753906,178.16000366210938,179.02999877929688,169.87347412109375,8152600.0,14.239999771118164,4.3
2024-02-20,179.19000244140625,180.4600067138672,178.41000366210938,179.72999572753906,170.53768920898438,9668000.0,15.420000076293945,4.27
2024-02-21,179.9499969482422,180.99000549316406,178.52000427246094,180.89999389648438,171.64784240722656,7024000.0,15.34000015258789,4.32
2024-02-22,181.82000732421875,183.4199981689453,181.24000549316406,183.07000732421875,173.70689392089844,9296500.0,14.539999961853027,4.33
2024-02-23,183.80999755859375,185.1999969482422,183.19000244140625,183.99000549316406,174.57981872558594,7105800.0,13.75,4.26
2024-02-26,183.75,184.4600067138672,182.47999572753906,183.36000061035156,173.9820556640625,7145400.0,13.739999771118164,4.28
2024-02-27,183.30999755859375,183.5399932861328,182.24000549316406,183.4499969482422,174.06741333007812,5717100.0,13.430000305175781,4.31
2024-02-28,183.42999267578125,185.1999969482422,182.9600067138672,184.3800048828125,174.94985961914062,6131600.0,13.84000015258789,4.27
2024-02-29,185.66000366210938,186.42999267578125,183.85000610351562,186.05999755859375,176.5439453125,9643000.0,13.399999618530273,4.25
2024-03-01,185.6999969482422,186.44000244140625,185.10000610351562,185.2899932861328,175.81332397460938,6311800.0,13.109999656677246,4.19
2024-03-04,184.7100067138672,187.58999633789062,184.27000427246094,186.67999267578125,177.13221740722656,7063600.0,13.489999771118164,4.22
2024-03-05,186.36000061035156,189.3000030517578,186.36000061035156,188.5500030517578,178.90660095214844,6617800.0,14.460000038146973,4.13
2024-03-06,189.25,190.07000732421875,187.6300048828125,189.52999877929688,179.8364715576172,7572900.0,14.5,4.11
2024-03-07,189.91000366210938,190.5,186.6300048828125,187.8699951171875,178.2613525390625,7618300.0,14.4399995803833,4.09
2024-03-08,188.44000244140625,190.4600067138672,187.9199981689453,188.22000122070312,178.59347534179688,6172200.0,14.739999771118164,4.09
2024-03-11,187.27999877929688,188.44000244140625,186.22000122070312,188.2899932861328,178.6598663330078,5762600.0,15.220000267028809,4.1
2024-03-12,188.9499969482422,190.16000366210938,187.91000366210938,189.83999633789062,180.130615234375,5708400.0,13.84000015258789,4.16
2024-03-13,190.36000061035156,191.72999572753906,189.83999633789062,191.3800048828125,181.59185791015625,7795500.0,13.75,4.19
2024-03-14,191.02999877929688,191.6300048828125,187.10000610351562,187.97000122070312,178.35623168945312,10310900.0,14.399999618530273,4.29
2024-03-15,186.47999572753906,190.94000244140625,186.47999572753906,190.3000030517578,180.5670928955078,17214200.0,14.40999984741211,4.31
2024-03-18,190.6300048828125,192.6999969482422,189.88999938964844,192.66000366210938,182.80636596679688,9013800.0,14.329999923706055,4.34
2024-03-19,192.7100067138672,193.92999267578125,192.3800048828125,193.7899932861328,183.8785858154297,8478700.0,13.819999694824219,4.3
2024-03-20,194.19000244140625,196.55999755859375,193.61000061035156,196.3300018310547,186.2886962890625,9367000.0,13.039999961853027,4.27
2024-03-21,196.52000427246094,199.42999267578125,196.3300018310547,199.05999755859375,188.87904357910156,11203800.0,12.920000076293945,4.27
2024-03-22,199.00999450683594,200.47999572753906,196.5399932861328,196.6199951171875,186.5638427734375,8108800.0,13.0600004196167,4.22
2024-03-25,196.60000610351562,196.94000244140625,194.36000061035156,194.82000732421875,184.85592651367188,8620000.0,13.1899995803833,4.25
2024-03-26,194.58999633789062,196.66000366210938,194.05999755859375,195.72999572753906,185.71934509277344,5961500.0,13.239999771118164,4.24
2024-03-27,196.5,199.60000610351562,196.3800048828125,199.52000427246094,189.31553649902344,8725800.0,12.779999732971191,4.2
2024-03-28,199.49000549316406,200.72000122070312,198.5399932861328,200.3000030517578,190.05563354492188,8628300.0,13.010000228881836,4.2
2024-04-01,199.99000549316406,200.94000244140625,198.57000732421875,198.94000244140625,188.76519775390625,7309000.0,13.649999618530273,4.33
2024-04-02,198.38999938964844,199.77999877929688,198.0800018310547,198.86000061035156,188.6892852783203,7014700.0,14.609999656677246,4.36
2024-04-03,199.0399932861328,199.55999755859375,197.6999969482422,198.3000030517578,188.15789794921875,9353400.0,14.329999923706055,4.36
2024-04-04,199.14999389648438,199.67999267578125,195.5500030517578,195.64999389648438,186.72634887695312,9243800.0,16.350000381469727,4.31
2024-04-05,196.16000366210938,198.1199951171875,195.11000061035156,197.4499969482422,188.44422912597656,6532300.0,16.030000686645508,4.39
2024-04-08,197.6199951171875,198.97999572753906,197.6199951171875,198.47999572753906,189.42726135253906,8001000.0,15.1899995803833,4.42
2024-04-09,198.07000732421875,198.8800048828125,194.91000366210938,197.14999389648438,188.1579132080078,7351500.0,14.979999542236328,4.36
2024-04-10,195.5500030517578,197.07000732421875,194.17999267578125,195.47000122070312,186.55455017089844,7681400.0,15.800000190734863,4.55
2024-04-11,196.0,196.57000732421875,193.24000549316406,195.42999267578125,186.51637268066406,10137700.0,14.90999984741211,4.56
2024-04-12,188.32000732421875,188.92999267578125,182.5399932861328,182.7899932861328,174.45289611816406,31532300.0,17.309999465942383,4.5
2024-04-15,184.5,187.4600067138672,182.1999969482422,182.88999938964844,174.54833984375,14766600.0,19.229999542236328,4.63
2024-04-16,182.89999389648438,183.16000366210938,179.64999389648438,180.8000030517578,172.5536651611328,16451800.0,18.399999618530273,4.67
2024-04-17,181.3699951171875,182.4199981689453,179.1999969482422,180.0800018310547,171.86648559570312,9017100.0,18.209999084472656,4.59
2024-04-18,181.10000610351562,183.36000061035156,179.97000122070312,181.25,172.98312377929688,9557700.0,18.0,4.64
2024-04-19,182.39999389648438,185.8800048828125,181.41000366210938,185.8000030517578,177.32559204101562,13402300.0,18.709999084472656,4.62
2024-04-22,185.99000549316406,190.1300048828125,185.97999572753906,189.41000366210938,180.77096557617188,11529700.0,16.940000534057617,4.62
2024-04-23,191.1300048828125,192.22999572753906,190.52000427246094,192.13999938964844,183.37640380859375,9144400.0,15.6899995803833,4.61
2024-04-24,190.52999877929688,193.22999572753906,190.1699981689453,193.0800018310547,184.2735595703125,6964900.0,15.970000267028809,4.65
2024-04-25,192.25,193.94000244140625,191.17999267578125,193.3699951171875,184.55032348632812,9802300.0,15.369999885559082,4.7
2024-04-26,193.57000732421875,194.8699951171875,193.05999755859375,193.49000549316406,184.6648712158203,6413700.0,15.029999732971191,4.67
2024-04-29,193.47999572753906,194.25999450683594,192.42999267578125,193.27999877929688,184.46444702148438,5387800.0,14.670000076293945,4.63
2024-04-30,192.80999755859375,194.99000549316406,191.63999938964844,191.74000549316406,182.9946746826172,8153700.0,15.649999618530273,4.69
2024-05-01,192.27000427246094,194.4600067138672,190.7899932861328,191.86000061035156,183.1092071533203,7445300.0,15.390000343322754,4.63
2024-05-02,193.07000732421875,193.5,189.52000427246094,191.66000366210938,182.9183349609375,6501700.0,14.680000305175781,4.58
2024-05-03,192.0,192.52999877929688,188.4600067138672,190.50999450683594,181.82077026367188,8922800.0,13.489999771118164,4.5
2024-05-06,191.72999572753906,192.1999969482422,189.82000732421875,192.0,183.2427978515625,7911100.0,13.489999771118164,4.49
2024-05-07,191.6999969482422,192.92999267578125,191.64999389648438,191.75,183.0042266845703,7688800.0,13.229999542236328,4.47
2024-05-08,191.0,196.64999389648438,191.0,195.64999389648438,186.72634887695312,9227600.0,13.0,4.48
2024-05-09,195.1699981689453,197.58999633789062,195.10000610351562,197.5,188.49195861816406,7977300.0,12.6899995803833,4.45
2024-05-10,198.5399932861328,199.33999633789062,198.27000427246094,198.77000427246094,189.70401000976562,7529800.0,12.550000190734863,4.5
2024-05-13,198.8000030517578,199.85000610351562,198.0399932861328,198.72999572753906,189.66586303710938,7049200.0,13.600000381469727,4.48
2024-05-14,199.0,201.5800018310547,198.16000366210938,201.50999450683594,192.3190460205078,8596200.0,13.420000076293945,4.45
2024-05-15,202.00999450683594,202.69000244140625,199.77000427246094,202.11000061035156,192.8916778564453,8370000.0,12.449999809265137,4.36
2024-05-16,202.22000122070312,204.47999572753906,201.99000549316406,202.47000122070312,193.2352752685547,8497900.0,12.420000076293945,4.38
2024-05-17,203.80999755859375,205.0500030517578,202.80999755859375,204.7899932861328,195.44944763183594,9260500.0,11.989999771118164,4.42
2024-05-20,204.38999938964844,205.8800048828125,195.39999389648438,195.5800018310547,186.65953063964844,17373300.0,12.149999618530273,4.44
2024-05-21,197.0,199.89999389648438,196.60000610351562,199.52000427246094,190.41983032226562,14420800.0,11.859999656677246,4.41
2024-05-22,199.0,200.94000244140625,197.69000244140625,198.30999755859375,189.2650146484375,9425300.0,12.289999961853027,4.43
2024-05-23,197.80999755859375,198.3000030517578,196.07000732421875,196.9199981689453,187.9384307861328,8069400.0,12.770000457763672,4.47
2024-05-24,197.75,200.75999450683594,197.55999755859375,200.7100067138672,191.55555725097656,7356200.0,11.930000305175781,4.46
2024-05-28,199.86000061035156,200.41000366210938,198.66000366210938,199.5,190.40074157714844,6910200.0,12.920000076293945,4.54
2024-05-29,198.0,198.99000549316406,196.88999938964844,198.11000061035156,189.07411193847656,6120000.0,14.279999732971191,4.61
2024-05-30,198.55999755859375,199.85000610351562,198.39999389648438,199.3300018310547,190.23846435546875,6829100.0,14.470000267028809,4.55
2024-05-31,199.3000030517578,203.3000030517578,198.35000610351562,202.6300048828125,193.3879852294922,14417900.0,12.920000076293945,4.51
2024-06-03,202.30999755859375,202.4199981689453,199.19000244140625,201.82000732421875,192.61492919921875,6444300.0,13.109999656677246,4.41
2024-06-04,200.16000366210938,201.97999572753906,198.27999877929688,199.16000366210938,190.0762481689453,6848300.0,13.15999984741211,4.33
2024-06-05,199.75999450683594,199.82000732421875,196.9199981689453,197.25999450683594,188.2628936767578,8351600.0,12.630000114440918,4.29
2024-06-06,197.25999450683594,198.02000427246094,195.3300018310547,196.91000366210938,187.92889404296875,7640300.0,12.579999923706055,4.28
2024-06-07,197.42999267578125,200.9199981689453,197.00999450683594,199.9499969482422,190.8302001953125,6964500.0,12.220000267028809,4.43
2024-06-10,199.24000549316406,200.83999633789062,198.44000244140625,199.61000061035156,190.5056915283203,6070800.0,12.739999771118164,4.47
2024-06-11,197.91000366210938,197.94000244140625,193.60000610351562,194.36000061035156,185.49517822265625,9235300.0,12.850000381469727,4.39
2024-06-12,196.0,196.72000122070312,191.30999755859375,191.52999877929688,182.79425048828125,12751300.0,12.039999961853027,4.31
2024-06-13,192.32000732421875,194.5800018310547,190.8800048828125,193.66000366210938,184.82711791992188,8587800.0,11.9399995803833,4.24
2024-06-14,191.4499969482422,194.86000061035156,191.4199981689453,193.77999877929688,184.941650390625,6874000.0,12.65999984741211,4.2
2024-06-17,193.47999572753906,195.5800018310547,192.63999938964844,194.97999572753906,186.0869140625,8725400.0,12.75,4.28
2024-06-18,194.60000610351562,197.9600067138672,194.1300048828125,197.0,188.01478576660156,9023000.0,12.300000190734863,4.22
2024-06-20,196.38999938964844,199.4499969482422,196.11000061035156,198.6699981689453,189.6085968017578,8731100.0,13.279999732971191,4.25
2024-06-21,196.7100067138672,197.1699981689453,194.22000122070312,196.3000030517578,187.34669494628906,20972100.0,13.199999809265137,4.25
2024-06-24,197.80999755859375,199.22999572753906,197.10000610351562,198.8800048828125,189.80902099609375,9785900.0,13.329999923706055,4.25
2024-06-25,198.08999633789062,200.07000732421875,197.74000549316406,198.07000732421875,189.03598022460938,6862500.0,12.84000015258789,4.23
2024-06-26,197.4499969482422,197.94000244140625,196.27999877929688,197.42999267578125,188.42514038085938,7758600.0,12.550000190734863,4.32
2024-06-27,197.44000244140625,199.86000061035156,196.89999389648438,199.1699981689453,190.08580017089844,7913500.0,12.239999771118164,4.29
2024-06-28,200.00999450683594,202.60000610351562,199.3000030517578,202.25999450683594,193.0348663330078,15307600.0,12.4399995803833,4.36
2024-07-01,202.83999633789062,207.08999633789062,202.66000366210938,205.4499969482422,196.07936096191406,10205800.0,12.220000267028809,4.48
2024-07-02,205.2899932861328,208.86000061035156,204.77000427246094,208.8300018310547,199.30520629882812,7802900.0,12.029999732971191,4.43
2024-07-03,209.5500030517578,210.3800048828125,207.64999389648438,208.69000244140625,199.17156982421875,5560900.0,12.09000015258789,4.36
2024-07-05,206.99000549316406,207.3699951171875,204.52000427246094,204.7899932861328,196.532470703125,8093100.0,12.479999542236328,4.28
2024-07-08,205.0399932861328,206.89999389648438,203.97000122070312,205.1699981689453,196.89715576171875,8707000.0,12.369999885559082,4.28
2024-07-09,205.6300048828125,209.75999450683594,205.4499969482422,207.6300048828125,199.25794982910156,9058900.0,12.510000228881836,4.3
2024-07-10,206.13999938964844,207.97000122070312,205.5800018310547,207.8000030517578,199.42111206054688,8328500.0,12.850000381469727,4.28
2024-07-11,206.2100067138672,208.10000610351562,205.3800048828125,207.4499969482422,199.08522033691406,10658100.0,12.920000076293945,4.2
2024-07-12,204.0,207.4499969482422,202.10000610351562,204.94000244140625,196.67642211914062,15443400.0,12.460000038146973,4.18
2024-07-15,207.19000244140625,211.61000061035156,206.72000122070312,210.0500030517578,201.58038330078125,10719700.0,13.119999885559082,4.23
2024-07-16,210.0,213.74000549316406,208.0800018310547,213.6199951171875,205.0064239501953,11557000.0,13.1899995803833,4.17
2024-07-17,213.8000030517578,217.55999755859375,213.27000427246094,216.8699951171875,208.12538146972656,11572500.0,14.479999542236328,4.16
2024-07-18,215.6300048828125,216.63999938964844,209.24000549316406,209.97999572753906,201.51319885253906,12415100.0,15.930000305175781,4.2
2024-07-19,211.1999969482422,212.35000610351562,208.9199981689453,209.77999877929688,201.32127380371094,8095900.0,16.520000457763672,4.25
2024-07-22,210.4600067138672,212.1699981689453,209.7100067138672,210.27999877929688,201.8011016845703,7663200.0,14.90999984741211,4.26
2024-07-23,211.02000427246094,211.47999572753906,209.35000610351562,210.3300018310547,201.8490753173828,5557300.0,14.720000267028809,4.25
2024-07-24,209.5500030517578,212.02999877929688,208.07000732421875,208.58999633789062,200.1792449951172,7119000.0,18.040000915527344,4.28
2024-07-25,208.64999389648438,210.19000244140625,208.0500030517578,208.6699981689453,200.2560272216797,6403800.0,18.459999084472656,4.27
2024-07-26,209.24000549316406,213.16000366210938,208.6199951171875,212.24000549316406,203.68209838867188,8027800.0,16.389999389648438,4.2
2024-07-29,212.64999389648438,213.61000061035156,210.5500030517578,210.85000610351562,202.3480987548828,6533600.0,16.600000381469727,4.17
2024-07-30,213.22999572753906,215.7899932861328,212.9600067138672,215.19000244140625,206.5131072998047,8850700.0,17.690000534057617,4.15
2024-07-31,214.77999877929688,216.38999938964844,212.6699981689453,212.8000030517578,204.21949768066406,9071600.0,16.360000610351562,4.09
2024-08-01,213.1999969482422,213.8300018310547,206.3800048828125,207.9600067138672,199.57467651367188,10918600.0,18.59000015258789,3.99
2024-08-02,203.8800048828125,204.6699981689453,196.88999938964844,199.13999938964844,191.11026000976562,18041700.0,23.389999389648438,3.8
2024-08-05,194.0500030517578,196.1699981689453,190.89999389648438,194.89999389648438,187.04124450683594,13927000.0,38.56999969482422,3.78
2024-08-06,195.39999389648438,202.60000610351562,194.0,200.33999633789062,192.26190185546875,10605800.0,27.709999084472656,3.9
2024-08-07,203.50999450683594,205.75,200.1999969482422,200.39999389648438,192.31947326660156,9204400.0,27.850000381469727,3.96
2024-08-08,202.47000122070312,204.91000366210938,201.7899932861328,204.05999755859375,195.83187866210938,7761200.0,23.790000915527344,3.99
2024-08-09,203.47000122070312,206.47000122070312,202.89999389648438,205.8000030517578,197.50172424316406,5540200.0,20.3700008392334,3.94
2024-08-12,206.41000366210938,207.13999938964844,203.66000366210938,206.19000244140625,197.8760223388672,6936000.0,20.709999084472656,3.9
2024-08-13,207.72999572753906,208.08999633789062,205.39999389648438,207.94000244140625,199.5554656982422,6387800.0,18.1200008392334,3.85
2024-08-14,207.74000549316406,210.75999450683594,207.1199951171875,210.24000549316406,201.76271057128906,6999800.0,16.190000534057617,3.83
2024-08-15,213.0,213.88999938964844,211.10000610351562,211.5500030517578,203.0198974609375,7001000.0,15.229999542236328,3.92
2024-08-16,211.69000244140625,214.08999633789062,211.58999633789062,213.97000122070312,205.34230041503906,7931200.0,14.800000190734863,3.89
2024-08-19,214.0,215.52999877929688,213.82000732421875,215.4499969482422,206.7626190185547,6090800.0,14.649999618530273,3.86
2024-08-20,215.0,216.0,213.67999267578125,214.52000427246094,205.87014770507812,5640000.0,15.880000114440918,3.82
2024-08-21,214.42999267578125,215.0,212.83999633789062,214.60000610351562,205.94691467285156,5202300.0,16.270000457763672,3.79
2024-08-22,214.5800018310547,216.8000030517578,214.33999633789062,216.6300048828125,207.89505004882812,5247100.0,17.549999237060547,3.86
2024-08-23,217.60000610351562,219.19000244140625,216.5,218.30999755859375,209.50732421875,7214000.0,15.859999656677246,3.81
2024-08-26,219.00999450683594,219.67999267578125,218.0500030517578,219.1699981689453,210.33262634277344,5105200.0,16.149999618530273,3.82
2024-08-27,219.50999450683594,220.4199981689453,219.19000244140625,220.17999267578125,211.30191040039062,5185200.0,15.430000305175781,3.83
2024-08-28,219.25,222.2100067138672,219.19000244140625,221.2899932861328,212.36717224121094,6506400.0,17.110000610351562,3.84
2024-08-29,222.14999389648438,222.97999572753906,218.94000244140625,222.2100067138672,213.25006103515625,6416100.0,15.649999618530273,3.87
2024-08-30,222.5,225.47999572753906,221.92999267578125,224.8000030517578,215.73562622070312,8574100.0,15.0,3.91
2024-09-03,222.3000030517578,224.10000610351562,219.24000549316406,220.3000030517578,211.41705322265625,8956100.0,20.719999313354492,3.84
2024-09-04,221.0399932861328,222.07000732421875,217.2100067138672,219.3300018310547,210.48622131347656,7389500.0,21.31999969482422,3.77
2024-09-05,220.14999389648438,220.8000030517578,216.02999877929688,217.6300048828125,208.854736328125,8067900.0,19.899999618530273,3.73
2024-09-06,217.60000610351562,218.74000549316406,211.08999633789062,212.4600067138672,203.89320373535156,7777000.0,22.3799991607666,3.72
2024-09-09,215.19000244140625,218.14999389648438,214.17999267578125,216.80999755859375,208.06777954101562,8935100.0,19.450000762939453,3.7
2024-09-10,218.60000610351562,218.63999938964844,200.61000061035156,205.55999755859375,197.2714080810547,28406900.0,19.079999923706055,3.65
2024-09-11,205.25,207.6999969482422,201.8300018310547,207.22999572753906,198.8740692138672,13658700.0,17.690000534057617,3.65
2024-09-12,207.64999389648438,208.77999877929688,204.88999938964844,206.60000610351562,198.2694854736328,9054400.0,17.06999969482422,3.68
2024-09-13,206.86000061035156,207.85000610351562,203.02000427246094,204.32000732421875,196.08143615722656,10226700.0,16.559999465942383,3.66
2024-09-16,205.8300018310547,208.2100067138672,205.58999633789062,207.86000061035156,199.47865295410156,8634900.0,17.139999389648438,3.63
2024-09-17,207.72999572753906,209.92999267578125,207.66000366210938,209.25,200.81263732910156,7573300.0,17.610000610351562,3.65
2024-09-18,209.00999450683594,211.33999633789062,206.6999969482422,207.52999877929688,199.1619873046875,8259900.0,18.229999542236328,3.7
2024-09-19,209.77999877929688,211.91000366210938,207.33999633789062,210.47999572753906,201.99302673339844,11635200.0,16.329999923706055,3.73
2024-09-20,209.92999267578125,211.4199981689453,209.5,211.08999633789062,202.5784454345703,20885000.0,16.149999618530273,3.73
2024-09-23,211.0,211.8000030517578,209.99000549316406,211.44000244140625,202.91433715820312,7223500.0,15.890000343322754,3.75
2024-09-24,211.14999389648438,212.9499969482422,210.3699951171875,211.58999633789062,203.05825805664062,7323200.0,15.390000343322754,3.74
2024-09-25,211.67999267578125,212.24000549316406,208.61000061035156,210.19000244140625,201.71473693847656,8976500.0,15.40999984741211,3.79
2024-09-26,211.1300048828125,211.6999969482422,209.00999450683594,209.77999877929688,201.32127380371094,7807500.0,15.369999885559082,3.79
2024-09-27,210.64999389648438,212.44000244140625,209.3300018310547,210.5,202.01223754882812,7032500.0,16.959999084472656,3.75
2024-09-30,206.30999755859375,210.9600067138672,205.25999450683594,210.86000061035156,202.35769653320312,8663800.0,16.729999542236328,3.81
2024-10-01,208.89999389648438,209.08999633789062,206.19000244140625,207.0399932861328,198.6917266845703,8540100.0,19.260000228881836,3.74
2024-10-02,207.0800018310547,208.9499969482422,205.69000244140625,207.2899932861328,198.93165588378906,5810900.0,18.899999618530273,3.79
2024-10-03,206.1699981689453,206.49000549316406,204.33999633789062,205.22999572753906,196.9547119140625,7251300.0,20.489999771118164,3.85
2024-10-04,209.3000030517578,211.6699981689453,206.91000366210938,211.22000122070312,203.94537353515625,10211700.0,19.209999084472656,3.98
2024-10-07,211.02999877929688,213.3300018310547,209.69000244140625,210.92999267578125,203.6653594970703,6718900.0,22.639999389648438,4.03
2024-10-08,210.5800018310547,211.3300018310547,208.3800048828125,210.75,203.49154663085938,6021800.0,21.420000076293945,4.04
2024-10-09,209.6999969482422,214.24000549316406,209.3800048828125,213.4199981689453,206.06959533691406,7024000.0,20.860000610351562,4.06
2024-10-10,214.80999755859375,214.80999755859375,211.47000122070312,212.83999633789062,205.50958251953125,7927100.0,20.93000030517578,4.09
2024-10-11,215.6699981689453,224.6300048828125,215.16000366210938,222.2899932861328,214.63409423828125,18320700.0,20.459999084472656,4.08
2024-10-14,223.1999969482422,223.6999969482422,218.8800048828125,221.47999572753906,213.8520050048828,9048900.0,19.700000762939453,4.08
2024-10-15,223.66000366210938,225.4499969482422,221.82000732421875,222.38999938964844,214.73068237304688,9235800.0,20.639999389648438,4.03
2024-10-16,222.3300018310547,223.67999267578125,221.0399932861328,223.63999938964844,215.93759155273438,6382500.0,19.579999923706055,4.02
2024-10-17,224.27000427246094,225.85000610351562,223.30999755859375,224.4199981689453,216.6907501220703,6470200.0,19.110000610351562,4.09
2024-10-18,225.0,225.9199981689453,223.10000610351562,225.3699951171875,217.6080322265625,7000500.0,18.030000686645508,4.08
2024-10-21,225.22000122070312,225.6999969482422,222.89999389648438,223.0,215.31967163085938,5870000.0,18.3700008392334,4.19
2024-10-22,223.02000427246094,225.27999877929688,221.10000610351562,224.1199951171875,216.4010772705078,9586800.0,18.200000762939453,4.2
2024-10-23,223.66000366210938,224.8000030517578,222.52999877929688,223.41000366210938,215.71554565429688,6180500.0,19.239999771118164,4.24
2024-10-24,221.8300018310547,225.05999755859375,221.66000366210938,224.97999572753906,217.2314453125,6002200.0,19.079999923706055,4.21
2024-10-25,225.0,225.6199951171875,220.8800048828125,222.30999755859375,214.65342712402344,6369700.0,20.329999923706055,4.25
2024-10-28,223.35000610351562,225.63999938964844,222.9499969482422,225.5,217.73355102539062,6843000.0,19.799999237060547,4.28
2024-10-29,225.2100067138672,226.75,222.80999755859375,222.89999389648438,215.2230987548828,6580000.0,19.34000015258789,4.28
2024-10-30,222.5399932861328,226.30999755859375,221.5800018310547,224.41000366210938,216.68109130859375,7110900.0,20.350000381469727,4.29
2024-10-31,224.6999969482422,225.69000244140625,221.82000732421875,221.9199981689453,214.27685546875,7829900.0,23.15999984741211,4.28
2024-11-01,223.55999755859375,226.14999389648438,222.6999969482422,222.94000244140625,215.26173400878906,6923500.0,21.8799991607666,4.37
2024-11-04,222.64999389648438,223.75999450683594,219.1699981689453,219.77999877929688,212.2105712890625,8229600.0,21.979999542236328,4.31
2024-11-05,220.02999877929688,221.9600067138672,220.0,221.49000549316406,213.86167907714844,5600700.0,20.489999771118164,4.26
2024-11-06,235.0,248.0,234.77000427246094,247.05999755859375,238.55099487304688,23987800.0,16.270000457763672,4.42
2024-11-07,244.5,244.57000732421875,235.22000122070312,236.3800048828125,228.23886108398438,16451100.0,15.199999809265137,4.31
2024-11-08,239.33999633789062,239.33999633789062,235.77999877929688,236.97999572753906,228.8181610107422,9502100.0,14.9399995803833,4.3
2024-11-11,240.0,242.10000610351562,239.0,239.2899932861328,231.04861450195312,9017100.0,14.970000267028809,4.3
2024-11-12,240.5500030517578,241.4600067138672,238.75999450683594,239.55999755859375,231.30929565429688,6861000.0,14.710000038146973,4.43
2024-11-13,240.5800018310547,244.08999633789062,240.30999755859375,241.16000366210938,232.85418701171875,11472600.0,14.020000457763672,4.44
2024-11-14,242.4199981689453,244.2899932861328,241.0500030517578,241.8699951171875,233.53976440429688,10172200.0,14.3100004196167,4.43
2024-11-15,241.4600067138672,246.4199981689453,241.4600067138672,245.30999755859375,236.86126708984375,11518800.0,16.139999389648438,4.43
2024-11-18,247.75999450683594,247.92999267578125,242.67999267578125,245.02999877929688,236.5908966064453,9051400.0,15.579999923706055,4.42
2024-11-19,242.25,245.14999389648438,241.5500030517578,243.08999633789062,234.71771240234375,6792700.0,16.350000381469727,4.39
2024-11-20,244.39999389648438,244.61000061035156,238.63999938964844,240.77999877929688,232.48728942871094,9015300.0,17.15999984741211,4.41
2024-11-21,243.22999572753906,245.49000549316406,242.11000061035156,244.75999450683594,236.3302001953125,8783500.0,16.8700008392334,4.43
2024-11-22,243.61000061035156,249.14999389648438,243.02999877929688,248.5500030517578,239.98968505859375,7997300.0,15.239999771118164,4.41
2024-11-25,249.58999633789062,254.30999755859375,249.05999755859375,250.2899932861328,241.6697540283203,10295400.0,14.600000381469727,4.27
2024-11-26,250.49000549316406,251.0,248.33999633789062,249.97000122070312,241.3607940673828,6212100.0,14.100000381469727,4.3
2024-11-27,249.35000610351562,251.19000244140625,248.77000427246094,249.7899932861328,241.1869659423828,5472300.0,14.100000381469727,4.25
2024-11-29,249.86000061035156,251.77000427246094,249.4499969482422,249.72000122070312,241.119384765625,5494800.0,13.510000228881836,4.18
2024-12-02,249.5500030517578,250.25,245.02999877929688,246.25,237.76889038085938,8899700.0,13.34000015258789,4.19
2024-12-03,248.22999572753906,249.0399932861328,244.6300048828125,244.82000732421875,236.38816833496094,6657700.0,13.300000190734863,4.23
2024-12-04,244.6999969482422,245.35000610351562,242.22999572753906,243.39999389648438,235.0170440673828,7346300.0,13.449999809265137,4.19
2024-12-05,245.38999938964844,247.17999267578125,244.6199951171875,245.47999572753906,237.02540588378906,6572500.0,13.539999961853027,4.17
2024-12-06,245.6999969482422,247.74000549316406,244.83999633789062,247.36000061035156,238.84068298339844,5519700.0,12.770000457763672,4.15
2024-12-09,247.1300048828125,247.8699951171875,243.75999450683594,243.80999755859375,235.41293334960938,7076500.0,14.1899995803833,4.2
2024-12-10,243.88999938964844,247.9600067138672,242.22000122070312,242.86000061035156,234.4956512451172,9108300.0,14.180000305175781,4.22
2024-12-11,244.0,244.27000427246094,242.17999267578125,243.52999877929688,235.14256286621094,7884400.0,13.579999923706055,4.26
2024-12-12,243.0,244.10000610351562,241.0399932861328,241.52999877929688,233.21145629882812,6113800.0,13.920000076293945,4.32
2024-12-13,242.07000732421875,242.72000122070312,239.13999938964844,239.94000244140625,231.67623901367188,10392700.0,13.8100004196167,4.4
2024-12-16,240.61000061035156,240.6699981689453,237.52000427246094,239.5800018310547,231.32859802246094,9032000.0,14.6899995803833,4.39
2024-12-17,238.64999389648438,239.02000427246094,236.6300048828125,238.36000061035156,230.15065002441406,8083600.0,15.869999885559082,4.4
2024-12-18,239.0,239.07000732421875,229.52999877929688,230.3699951171875,222.43582153320312,11322400.0,27.6200008392334,4.5
2024-12-19,232.27000427246094,236.36000061035156,232.27000427246094,232.9600067138672,224.93663024902344,11790800.0,24.09000015258789,4.57
2024-12-20,231.9199981689453,239.2100067138672,231.58999633789062,237.60000610351562,229.4168243408203,32348400.0,18.360000610351562,4.52
2024-12-23,236.07000732421875,238.6199951171875,234.8800048828125,238.38999938964844,230.17959594726562,8611500.0,16.780000686645508,4.59
2024-12-24,239.42999267578125,242.49000549316406,239.07000732421875,242.30999755859375,233.96458435058594,3729100.0,14.270000457763672,4.59
2024-12-26,241.42999267578125,243.25999450683594,240.7899932861328,243.13999938964844,234.76602172851562,4451800.0,14.729999542236328,4.58
2024-12-27,242.72000122070312,243.38999938964844,240.0399932861328,241.1699981689453,232.8638458251953,5730200.0,15.949999809265137,4.62
2024-12-30,238.77000427246094,240.83999633789062,237.11000061035156,239.32000732421875,231.0775909423828,5723800.0,17.399999618530273,4.55
